loc_id,lat,lon,housing_class,floor_area_m2,cost_per_m2_kes,tiv_kes,return_period_years,annual_exceedance_probability,event_id,flood_zone,flood_depth_m,flow_velocity_mps,flood_duration_hr,vulnerability_factor,damage_ratio,gross_loss_kes,deductible_kes,net_loss_kes,hazard_source,loss_source,synthetic
NZA-0000,0.756568,33.971985,concrete_rcc,489,56000,273840000.0,10,0.1,NZ-010-0000,high,0.825,0.844,9.55,0.7,0.1512,41406899.6,250000.0,41156899.6,synthetic spatial flood-hazard scenario; not observed flood data,synthetic vulnerability/depth-damage function,True
NZA-0001,0.029978,34.696104,informal_iron_sheet,8,9600,770000.0,10,0.1,NZ-010-0001,high,0.922,0.935,11.13,1.35,0.315,242548.72,15400.0,227148.72,synthetic spatial flood-hazard scenario; not observed flood data,synthetic vulnerability/depth-damage function,True
NZA-0002,1.077706,35.100523,concrete_rcc,385,72000,277200000.0,10,0.1,NZ-010-0002,high,1.008,0.778,10.69,0.7,0.1937,53701167.57,250000.0,53451167.57,synthetic spatial flood-hazard scenario; not observed flood data,synthetic vulnerability/depth-damage function,True
NZA-0003,0.59297,34.205342,concrete_rcc,519,51200,265730000.0,10,0.1,NZ-010-0003,high,0.883,0.983,11.61,0.7,0.1709,45401926.85,250000.0,45151926.85,synthetic spatial flood-hazard scenario; not observed flood data,synthetic vulnerability/depth-damage function,True
NZA-0004,0.853177,34.864329,permanent_masonry,97,52500,50925000.0,10,0.1,NZ-010-0004,high,0.866,0.909,9.23,0.9,0.2026,10315417.68,250000.0,10065417.68,synthetic spatial flood-hazard scenario; not observed flood data,synthetic vulnerability/depth-damage function,True
NZA-0005,0.51001,34.488603,informal_iron_sheet,13,7700,1000000.0,10,0.1,NZ-010-0005,high,1.005,1.029,11.96,1.35,0.3522,352208.58,20000.0,332208.58,synthetic spatial flood-hazard scenario; not observed flood data,synthetic vulnerability/depth-damage function,True
NZA-0006,1.251868,35.215308,informal_iron_sheet,8,8300,665000.0,10,0.1,NZ-010-0006,high,0.788,0.845,9.03,1.35,0.2558,170079.72,13300.0,156779.72,synthetic spatial flood-hazard scenario; not observed flood data,synthetic vulnerability/depth-damage function,True
NZA-0007,0.642984,34.660285,permanent_masonry,102,40400,41210000.0,10,0.1,NZ-010-0007,high,1.074,1.042,12.17,0.9,0.2725,11229715.46,250000.0,10979715.46,synthetic spatial flood-hazard scenario; not observed flood data,synthetic vulnerability/depth-damage function,True
NZA-0008,1.005254,35.388426,informal_iron_sheet,23,7200,1655000.0,10,0.1,NZ-010-0008,moderate,0.627,0.559,7.33,1.35,0.1848,305841.02,33100.0,272741.02,synthetic spatial flood-hazard scenario; not observed flood data,synthetic vulnerability/depth-damage function,True
NZA-0009,0.997211,34.112287,semi_permanent,50,9400,4700000.0,10,0.1,NZ-010-0009,high,0.849,0.879,12.42,1.0,0.2229,1047812.65,94000.0,953812.65,synthetic spatial flood-hazard scenario; not observed flood data,synthetic vulnerability/depth-damage function,True
NZA-0010,0.236424,33.885804,semi_permanent,47,9000,4230000.0,10,0.1,NZ-010-0010,high,0.905,0.917,11.67,1.0,0.2398,1014333.24,84600.0,929733.24,synthetic spatial flood-hazard scenario; not observed flood data,synthetic vulnerability/depth-damage function,True
NZA-0011,-0.010214,34.287435,permanent_masonry,81,55400,44875000.0,10,0.1,NZ-010-0011,high,0.866,0.932,10.97,0.9,0.2065,9266906.43,250000.0,9016906.43,synthetic spatial flood-hazard scenario; not observed flood data,synthetic vulnerability/depth-damage function,True
NZA-0012,0.531805,35.024665,permanent_masonry,97,42300,41030000.0,10,0.1,NZ-010-0012,high,1.095,0.859,11.9,0.9,0.272,11159985.59,250000.0,10909985.59,synthetic spatial flood-hazard scenario; not observed flood data,synthetic vulnerability/depth-damage function,True
NZA-0013,0.444915,34.617409,semi_permanent,37,13200,4885000.0,10,0.1,NZ-010-0013,high,0.933,0.808,12.23,1.0,0.2464,1203892.34,97700.0,1106192.34,synthetic spatial flood-hazard scenario; not observed flood data,synthetic vulnerability/depth-damage function,True
NZA-0014,0.955461,35.271234,semi_permanent,54,13900,7505000.0,10,0.1,NZ-010-0014,high,0.969,0.729,10.23,1.0,0.2504,1879484.12,150100.0,1729384.12,synthetic spatial flood-hazard scenario; not observed flood data,synthetic vulnerability/depth-damage function,True
NZA-0015,0.282611,35.390422,semi_permanent,25,15300,3825000.0,10,0.1,NZ-010-0015,high,0.984,0.798,11.85,1.0,0.261,998400.06,76500.0,921900.06,synthetic spatial flood-hazard scenario; not observed flood data,synthetic vulnerability/depth-damage function,True
NZA-0016,0.527984,35.267816,semi_permanent,20,10200,2040000.0,10,0.1,NZ-010-0016,high,0.85,0.868,9.55,1.0,0.2171,442858.02,40800.0,402058.02,synthetic spatial flood-hazard scenario; not observed flood data,synthetic vulnerability/depth-damage function,True
NZA-0017,-0.117852,33.975926,permanent_masonry,137,39100,53565000.0,10,0.1,NZ-010-0017,high,0.774,0.79,10.63,0.9,0.1764,9450345.59,250000.0,9200345.59,synthetic spatial flood-hazard scenario; not observed flood data,synthetic vulnerability/depth-damage function,True
NZA-0018,0.279472,34.703121,concrete_rcc,165,56200,92730000.0,10,0.1,NZ-010-0018,high,0.917,0.777,12.12,0.7,0.175,16230277.47,250000.0,15980277.47,synthetic spatial flood-hazard scenario; not observed flood data,synthetic vulnerability/depth-damage function,True
NZA-0019,0.147643,34.933593,permanent_masonry,95,61600,58520000.0,10,0.1,NZ-010-0019,high,0.892,0.792,11.29,0.9,0.2109,12341818.37,250000.0,12091818.37,synthetic spatial flood-hazard scenario; not observed flood data,synthetic vulnerability/depth-damage function,True
NZA-0020,0.265343,35.262243,informal_iron_sheet,16,5300,850000.0,10,0.1,NZ-010-0020,high,0.853,0.976,10.06,1.35,0.2873,244184.32,17000.0,227184.32,synthetic spatial flood-hazard scenario; not observed flood data,synthetic vulnerability/depth-damage function,True
NZA-0021,1.220344,33.948898,semi_permanent,36,10800,3890000.0,10,0.1,NZ-010-0021,high,0.651,0.73,8.34,1.0,0.1522,591863.72,77800.0,514063.72,synthetic spatial flood-hazard scenario; not observed flood data,synthetic vulnerability/depth-damage function,True
NZA-0022,1.004731,34.741446,informal_iron_sheet,11,6300,695000.0,10,0.1,NZ-010-0022,high,0.78,0.948,10.99,1.35,0.2607,181159.61,13900.0,167259.61,synthetic spatial flood-hazard scenario; not observed flood data,synthetic vulnerability/depth-damage function,True
NZA-0023,0.451159,33.791979,concrete_rcc,421,54700,230285000.0,10,0.1,NZ-010-0023,high,0.918,0.731,10.18,0.7,0.171,39374934.84,250000.0,39124934.84,synthetic spatial flood-hazard scenario; not observed flood data,synthetic vulnerability/depth-damage function,True
NZA-0024,0.336526,34.963292,concrete_rcc,449,74800,335850000.0,10,0.1,NZ-010-0024,high,0.974,0.765,11.74,0.7,0.1875,62971504.32,250000.0,62721504.32,synthetic spatial flood-hazard scenario; not observed flood data,synthetic vulnerability/depth-damage function,True
NZA-0025,0.115454,34.674031,permanent_masonry,155,36800,57040000.0,10,0.1,NZ-010-0025,high,0.925,0.792,10.86,0.9,0.2194,12515847.29,250000.0,12265847.29,synthetic spatial flood-hazard scenario; not observed flood data,synthetic vulnerability/depth-damage function,True
NZA-0026,0.369143,33.915251,permanent_masonry,64,56300,36030000.0,10,0.1,NZ-010-0026,high,0.954,0.795,12.08,0.9,0.2303,8297355.83,250000.0,8047355.83,synthetic spatial flood-hazard scenario; not observed flood data,synthetic vulnerability/depth-damage function,True
NZA-0027,1.249494,33.893252,informal_iron_sheet,16,8200,1310000.0,10,0.1,NZ-010-0027,high,0.7,0.667,11.07,1.35,0.2218,290501.88,26200.0,264301.88,synthetic spatial flood-hazard scenario; not observed flood data,synthetic vulnerability/depth-damage function,True
NZA-0028,0.023866,34.591599,informal_iron_sheet,20,8100,1620000.0,10,0.1,NZ-010-0028,high,1.033,1.083,13.48,1.35,0.3698,599116.29,32400.0,566716.29,synthetic spatial flood-hazard scenario; not observed flood data,synthetic vulnerability/depth-damage function,True
NZA-0029,1.034526,34.539818,informal_iron_sheet,14,9200,1290000.0,10,0.1,NZ-010-0029,high,0.955,0.91,9.95,1.35,0.3234,417197.35,25800.0,391397.35,synthetic spatial flood-hazard scenario; not observed flood data,synthetic vulnerability/depth-damage function,True
NZA-0030,0.664276,34.615193,informal_iron_sheet,16,6700,1070000.0,10,0.1,NZ-010-0030,high,1.059,0.958,12.45,1.35,0.3712,397140.28,21400.0,375740.28,synthetic spatial flood-hazard scenario; not observed flood data,synthetic vulnerability/depth-damage function,True
NZA-0031,1.178456,35.361044,informal_iron_sheet,17,6100,1035000.0,10,0.1,NZ-010-0031,high,0.802,0.66,9.18,1.35,0.2558,264754.54,20700.0,244054.54,synthetic spatial flood-hazard scenario; not observed flood data,synthetic vulnerability/depth-damage function,True
NZA-0032,0.882083,35.363684,semi_permanent,34,12800,4350000.0,10,0.1,NZ-010-0032,high,0.94,0.932,8.9,1.0,0.2448,1064874.12,87000.0,977874.12,synthetic spatial flood-hazard scenario; not observed flood data,synthetic vulnerability/depth-damage function,True
NZA-0033,0.024413,34.202607,informal_iron_sheet,19,5600,1065000.0,10,0.1,NZ-010-0033,high,0.925,0.843,11.32,1.35,0.3134,333739.51,21300.0,312439.51,synthetic spatial flood-hazard scenario; not observed flood data,synthetic vulnerability/depth-damage function,True
NZA-0034,1.23903,33.827218,permanent_masonry,47,62800,29515000.0,10,0.1,NZ-010-0034,high,0.797,0.793,9.68,0.9,0.1814,5352877.64,250000.0,5102877.64,synthetic spatial flood-hazard scenario; not observed flood data,synthetic vulnerability/depth-damage function,True
NZA-0035,1.211209,34.196232,concrete_rcc,350,68700,240450000.0,10,0.1,NZ-010-0035,high,0.855,0.926,10.13,0.7,0.1607,38640834.35,250000.0,38390834.35,synthetic spatial flood-hazard scenario; not observed flood data,synthetic vulnerability/depth-damage function,True
NZA-0036,-0.112918,35.082959,semi_permanent,32,10000,3200000.0,10,0.1,NZ-010-0036,high,0.967,0.782,10.0,1.0,0.2511,803469.67,64000.0,739469.67,synthetic spatial flood-hazard scenario; not observed flood data,synthetic vulnerability/depth-damage function,True
NZA-0037,0.265233,34.14853,semi_permanent,31,8400,2605000.0,10,0.1,NZ-010-0037,high,0.977,0.999,11.44,1.0,0.2643,688545.02,52100.0,636445.02,synthetic spatial flood-hazard scenario; not observed flood data,synthetic vulnerability/depth-damage function,True
NZA-0038,-0.143883,33.941858,informal_iron_sheet,14,7700,1080000.0,10,0.1,NZ-010-0038,high,0.793,0.832,9.41,1.35,0.2582,278839.95,21600.0,257239.95,synthetic spatial flood-hazard scenario; not observed flood data,synthetic vulnerability/depth-damage function,True
NZA-0039,0.501551,34.726637,semi_permanent,44,9300,4090000.0,10,0.1,NZ-010-0039,high,0.917,1.011,13.55,1.0,0.2505,1024342.71,81800.0,942542.71,synthetic spatial flood-hazard scenario; not observed flood data,synthetic vulnerability/depth-damage function,True
NZA-0040,1.140541,34.874385,informal_iron_sheet,17,9000,1530000.0,10,0.1,NZ-010-0040,high,0.946,0.804,9.93,1.35,0.316,483521.22,30600.0,452921.22,synthetic spatial flood-hazard scenario; not observed flood data,synthetic vulnerability/depth-damage function,True
NZA-0041,0.918409,33.99557,permanent_masonry,92,47400,43610000.0,10,0.1,NZ-010-0041,high,1.013,0.913,11.65,0.9,0.2495,10879860.53,250000.0,10629860.53,synthetic spatial flood-hazard scenario; not observed flood data,synthetic vulnerability/depth-damage function,True
NZA-0042,0.766295,33.798706,permanent_masonry,115,58100,66815000.0,10,0.1,NZ-010-0042,high,0.69,0.804,9.37,0.9,0.1516,10128294.64,250000.0,9878294.64,synthetic spatial flood-hazard scenario; not observed flood data,synthetic vulnerability/depth-damage function,True
NZA-0043,0.426875,33.978446,informal_iron_sheet,8,6700,535000.0,10,0.1,NZ-010-0043,high,0.973,1.002,12.85,1.35,0.3417,182804.7,10700.0,172104.7,synthetic spatial flood-hazard scenario; not observed flood data,synthetic vulnerability/depth-damage function,True
NZA-0044,-0.049257,34.101783,semi_permanent,30,15000,4500000.0,10,0.1,NZ-010-0044,high,0.833,0.701,10.47,1.0,0.2091,941154.84,90000.0,851154.84,synthetic spatial flood-hazard scenario; not observed flood data,synthetic vulnerability/depth-damage function,True
NZA-0045,-0.088865,34.314237,informal_iron_sheet,18,6000,1080000.0,10,0.1,NZ-010-0045,high,0.978,0.803,11.07,1.35,0.3311,357601.01,21600.0,336001.01,synthetic spatial flood-hazard scenario; not observed flood data,synthetic vulnerability/depth-damage function,True
NZA-0046,0.545365,34.656193,informal_iron_sheet,14,9900,1385000.0,10,0.1,NZ-010-0046,high,1.013,1.072,13.08,1.35,0.3602,498875.3,27700.0,471175.3,synthetic spatial flood-hazard scenario; not observed flood data,synthetic vulnerability/depth-damage function,True
NZA-0047,0.253929,35.252561,permanent_masonry,106,53000,56180000.0,10,0.1,NZ-010-0047,high,0.955,0.835,10.89,0.9,0.2292,12876153.86,250000.0,12626153.86,synthetic spatial flood-hazard scenario; not observed flood data,synthetic vulnerability/depth-damage function,True
NZA-0048,0.987038,34.293721,semi_permanent,64,13300,8510000.0,10,0.1,NZ-010-0048,high,0.804,0.813,9.84,1.0,0.2021,1719916.83,170200.0,1549716.83,synthetic spatial flood-hazard scenario; not observed flood data,synthetic vulnerability/depth-damage function,True
NZA-0049,0.89248,34.7781,semi_permanent,52,12100,6290000.0,10,0.1,NZ-010-0049,high,1.029,0.837,12.02,1.0,0.2766,1739914.19,125800.0,1614114.19,synthetic spatial flood-hazard scenario; not observed flood data,synthetic vulnerability/depth-damage function,True
NZA-0050,0.887903,34.82692,permanent_masonry,65,54100,35165000.0,10,0.1,NZ-010-0050,high,0.942,0.867,11.42,0.9,0.2273,7993647.14,250000.0,7743647.14,synthetic spatial flood-hazard scenario; not observed flood data,synthetic vulnerability/depth-damage function,True
NZA-0051,0.002433,34.180603,permanent_masonry,94,52200,49070000.0,10,0.1,NZ-010-0051,high,0.85,0.818,10.19,0.9,0.1976,9696914.55,250000.0,9446914.55,synthetic spatial flood-hazard scenario; not observed flood data,synthetic vulnerability/depth-damage function,True
NZA-0052,0.721631,34.642,informal_iron_sheet,19,8100,1540000.0,10,0.1,NZ-010-0052,high,0.869,1.061,11.43,1.35,0.2999,461777.79,30800.0,430977.79,synthetic spatial flood-hazard scenario; not observed flood data,synthetic vulnerability/depth-damage function,True
NZA-0053,0.753149,35.370674,informal_iron_sheet,14,8300,1160000.0,10,0.1,NZ-010-0053,high,0.904,0.91,9.76,1.35,0.3035,352021.66,23200.0,328821.66,synthetic spatial flood-hazard scenario; not observed flood data,synthetic vulnerability/depth-damage function,True
NZA-0054,0.770123,35.394553,permanent_masonry,94,58000,54520000.0,10,0.1,NZ-010-0054,high,0.839,0.76,8.81,0.9,0.1905,10385359.58,250000.0,10135359.58,synthetic spatial flood-hazard scenario; not observed flood data,synthetic vulnerability/depth-damage function,True
NZA-0055,0.536436,34.421914,informal_iron_sheet,22,6900,1520000.0,10,0.1,NZ-010-0055,high,1.124,0.997,12.77,1.35,0.3977,604565.39,30400.0,574165.39,synthetic spatial flood-hazard scenario; not observed flood data,synthetic vulnerability/depth-damage function,True
NZA-0056,0.62561,35.101229,semi_permanent,30,8200,2460000.0,10,0.1,NZ-010-0056,high,0.878,0.987,11.21,1.0,0.2323,571359.32,49200.0,522159.32,synthetic spatial flood-hazard scenario; not observed flood data,synthetic vulnerability/depth-damage function,True
NZA-0057,0.845981,34.268036,permanent_masonry,231,52400,121045000.0,10,0.1,NZ-010-0057,high,1.057,1.0,10.94,0.9,0.2632,31854007.59,250000.0,31604007.59,synthetic spatial flood-hazard scenario; not observed flood data,synthetic vulnerability/depth-damage function,True
NZA-0058,1.263461,35.065468,concrete_rcc,175,70700,123725000.0,10,0.1,NZ-010-0058,high,0.775,0.903,9.94,0.7,0.1416,17515642.61,250000.0,17265642.61,synthetic spatial flood-hazard scenario; not observed flood data,synthetic vulnerability/depth-damage function,True
NZA-0059,-0.258789,34.342286,permanent_masonry,85,46000,39100000.0,10,0.1,NZ-010-0059,high,0.866,0.96,11.02,0.9,0.2072,8101057.76,250000.0,7851057.76,synthetic spatial flood-hazard scenario; not observed flood data,synthetic vulnerability/depth-damage function,True
NZA-0060,0.093027,35.024111,informal_iron_sheet,21,8600,1805000.0,10,0.1,NZ-010-0060,high,0.834,0.888,10.21,1.35,0.2776,501124.36,36100.0,465024.36,synthetic spatial flood-hazard scenario; not observed flood data,synthetic vulnerability/depth-damage function,True
NZA-0061,0.971682,33.832945,semi_permanent,56,10700,5990000.0,10,0.1,NZ-010-0061,high,0.792,0.731,9.44,1.0,0.1957,1172264.17,119800.0,1052464.17,synthetic spatial flood-hazard scenario; not observed flood data,synthetic vulnerability/depth-damage function,True
NZA-0062,0.625062,34.040311,semi_permanent,34,12500,4250000.0,10,0.1,NZ-010-0062,high,1.016,0.656,9.67,1.0,0.261,1109228.35,85000.0,1024228.35,synthetic spatial flood-hazard scenario; not observed flood data,synthetic vulnerability/depth-damage function,True
NZA-0063,-0.02037,34.768432,concrete_rcc,397,65400,259640000.0,10,0.1,NZ-010-0063,high,0.979,0.836,12.26,0.7,0.1912,49648222.15,250000.0,49398222.15,synthetic spatial flood-hazard scenario; not observed flood data,synthetic vulnerability/depth-damage function,True
NZA-0064,0.076172,34.070264,permanent_masonry,66,36600,24155000.0,10,0.1,NZ-010-0064,high,0.927,1.021,10.63,0.9,0.2256,5448359.04,250000.0,5198359.04,synthetic spatial flood-hazard scenario; not observed flood data,synthetic vulnerability/depth-damage function,True
NZA-0065,0.828844,34.207395,concrete_rcc,251,79100,198540000.0,10,0.1,NZ-010-0065,high,1.03,0.91,11.66,0.7,0.2042,40541892.78,250000.0,40291892.78,synthetic spatial flood-hazard scenario; not observed flood data,synthetic vulnerability/depth-damage function,True
NZA-0066,0.363097,34.848581,permanent_masonry,158,57000,90060000.0,10,0.1,NZ-010-0066,high,0.966,0.952,10.42,0.9,0.2345,21116210.12,250000.0,20866210.12,synthetic spatial flood-hazard scenario; not observed flood data,synthetic vulnerability/depth-damage function,True
NZA-0067,0.939907,34.201686,permanent_masonry,75,38900,29175000.0,10,0.1,NZ-010-0067,high,0.783,0.854,11.76,0.9,0.1824,5322523.6,250000.0,5072523.6,synthetic spatial flood-hazard scenario; not observed flood data,synthetic vulnerability/depth-damage function,True
NZA-0068,1.227044,34.241811,permanent_masonry,61,52800,32210000.0,10,0.1,NZ-010-0068,high,0.746,0.818,8.6,0.9,0.1659,5342234.06,250000.0,5092234.06,synthetic spatial flood-hazard scenario; not observed flood data,synthetic vulnerability/depth-damage function,True
NZA-0069,0.317002,35.094154,concrete_rcc,241,58600,141225000.0,10,0.1,NZ-010-0069,high,0.868,0.813,12.56,0.7,0.1651,23320132.41,250000.0,23070132.41,synthetic spatial flood-hazard scenario; not observed flood data,synthetic vulnerability/depth-damage function,True
NZA-0070,1.025978,33.900142,informal_iron_sheet,13,6600,860000.0,10,0.1,NZ-010-0070,high,0.706,0.733,9.56,1.35,0.223,191773.07,17200.0,174573.07,synthetic spatial flood-hazard scenario; not observed flood data,synthetic vulnerability/depth-damage function,True
NZA-0071,0.423824,33.766319,informal_iron_sheet,19,5700,1085000.0,10,0.1,NZ-010-0071,high,0.884,0.796,10.99,1.35,0.2955,320624.96,21700.0,298924.96,synthetic spatial flood-hazard scenario; not observed flood data,synthetic vulnerability/depth-damage function,True
NZA-0072,0.937466,35.111781,permanent_masonry,80,63100,50480000.0,10,0.1,NZ-010-0072,high,0.981,0.881,11.52,0.9,0.2392,12074743.85,250000.0,11824743.85,synthetic spatial flood-hazard scenario; not observed flood data,synthetic vulnerability/depth-damage function,True
NZA-0073,0.328458,35.232416,informal_iron_sheet,21,7000,1470000.0,10,0.1,NZ-010-0073,high,0.829,0.766,10.83,1.35,0.2733,401691.7,29400.0,372291.7,synthetic spatial flood-hazard scenario; not observed flood data,synthetic vulnerability/depth-damage function,True
NZA-0074,-0.090471,34.850549,informal_iron_sheet,17,8200,1395000.0,10,0.1,NZ-010-0074,high,0.775,1.031,11.03,1.35,0.2613,364581.55,27900.0,336681.55,synthetic spatial flood-hazard scenario; not observed flood data,synthetic vulnerability/depth-damage function,True
NZA-0075,0.198354,34.765535,informal_iron_sheet,10,8200,820000.0,10,0.1,NZ-010-0075,high,0.939,0.878,11.3,1.35,0.3197,262181.89,16400.0,245781.89,synthetic spatial flood-hazard scenario; not observed flood data,synthetic vulnerability/depth-damage function,True
NZA-0076,0.739884,35.214994,permanent_masonry,107,53800,57565000.0,10,0.1,NZ-010-0076,high,0.802,0.731,9.07,0.9,0.1801,10367629.41,250000.0,10117629.41,synthetic spatial flood-hazard scenario; not observed flood data,synthetic vulnerability/depth-damage function,True
NZA-0077,1.228589,34.60225,concrete_rcc,221,79500,175695000.0,10,0.1,NZ-010-0077,high,0.941,0.941,9.09,0.7,0.1792,31477533.57,250000.0,31227533.57,synthetic spatial flood-hazard scenario; not observed flood data,synthetic vulnerability/depth-damage function,True
NZA-0078,0.217614,33.894971,permanent_masonry,60,48100,28860000.0,10,0.1,NZ-010-0078,high,0.93,0.773,11.17,0.9,0.2209,6375105.08,250000.0,6125105.08,synthetic spatial flood-hazard scenario; not observed flood data,synthetic vulnerability/depth-damage function,True
NZA-0079,0.524414,34.338563,informal_iron_sheet,13,5900,765000.0,10,0.1,NZ-010-0079,high,1.066,1.066,12.84,1.35,0.3796,290389.02,15300.0,275089.02,synthetic spatial flood-hazard scenario; not observed flood data,synthetic vulnerability/depth-damage function,True
NZA-0080,1.176979,34.44922,permanent_masonry,122,40000,48800000.0,10,0.1,NZ-010-0080,high,0.976,1.154,11.74,0.9,0.246,12006693.42,250000.0,11756693.42,synthetic spatial flood-hazard scenario; not observed flood data,synthetic vulnerability/depth-damage function,True
NZA-0081,0.828157,35.14608,semi_permanent,72,13100,9430000.0,10,0.1,NZ-010-0081,high,0.92,0.834,10.49,1.0,0.2394,2257254.64,188600.0,2068654.64,synthetic spatial flood-hazard scenario; not observed flood data,synthetic vulnerability/depth-damage function,True
NZA-0082,0.12854,34.738688,semi_permanent,54,12000,6480000.0,10,0.1,NZ-010-0082,high,0.986,0.985,11.79,1.0,0.2674,1732712.8,129600.0,1603112.8,synthetic spatial flood-hazard scenario; not observed flood data,synthetic vulnerability/depth-damage function,True
NZA-0083,0.685219,33.810696,semi_permanent,32,10500,3360000.0,10,0.1,NZ-010-0083,high,0.809,0.723,9.8,1.0,0.2012,675997.76,67200.0,608797.76,synthetic spatial flood-hazard scenario; not observed flood data,synthetic vulnerability/depth-damage function,True
NZA-0084,0.333454,34.820253,semi_permanent,26,13800,3590000.0,10,0.1,NZ-010-0084,high,0.845,0.795,10.18,1.0,0.2148,771282.9,71800.0,699482.9,synthetic spatial flood-hazard scenario; not observed flood data,synthetic vulnerability/depth-damage function,True
NZA-0085,-0.170039,35.130264,concrete_rcc,516,50800,262130000.0,10,0.1,NZ-010-0085,high,0.903,0.861,9.06,0.7,0.1686,44207270.85,250000.0,43957270.85,synthetic spatial flood-hazard scenario; not observed flood data,synthetic vulnerability/depth-damage function,True
NZA-0086,0.410034,33.841346,informal_iron_sheet,17,5200,885000.0,10,0.1,NZ-010-0086,high,0.941,0.774,10.45,1.35,0.3143,278161.04,17700.0,260461.04,synthetic spatial flood-hazard scenario; not observed flood data,synthetic vulnerability/depth-damage function,True
NZA-0087,1.270221,35.260435,permanent_masonry,88,49100,43210000.0,10,0.1,NZ-010-0087,high,0.944,0.893,10.31,0.9,0.2265,9786761.33,250000.0,9536761.33,synthetic spatial flood-hazard scenario; not observed flood data,synthetic vulnerability/depth-damage function,True
NZA-0088,0.765436,33.808763,informal_iron_sheet,18,5400,970000.0,10,0.1,NZ-010-0088,high,0.788,0.813,11.19,1.35,0.2599,252079.15,19400.0,232679.15,synthetic spatial flood-hazard scenario; not observed flood data,synthetic vulnerability/depth-damage function,True
NZA-0089,0.701375,34.877199,informal_iron_sheet,11,7600,835000.0,10,0.1,NZ-010-0089,high,0.905,0.902,12.52,1.35,0.3113,259903.45,16700.0,243203.45,synthetic spatial flood-hazard scenario; not observed flood data,synthetic vulnerability/depth-damage function,True
NZA-0090,0.648595,34.32347,concrete_rcc,363,56200,204005000.0,10,0.1,NZ-010-0090,high,1.057,0.986,12.15,0.7,0.2136,43571864.14,250000.0,43321864.14,synthetic spatial flood-hazard scenario; not observed flood data,synthetic vulnerability/depth-damage function,True
NZA-0091,1.116301,34.555812,semi_permanent,23,11900,2735000.0,10,0.1,NZ-010-0091,high,1.063,1.023,12.93,1.0,0.2955,808180.82,54700.0,753480.82,synthetic spatial flood-hazard scenario; not observed flood data,synthetic vulnerability/depth-damage function,True
NZA-0092,0.367428,33.998338,semi_permanent,58,8100,4700000.0,10,0.1,NZ-010-0092,high,0.842,0.832,10.57,1.0,0.2158,1014341.97,94000.0,920341.97,synthetic spatial flood-hazard scenario; not observed flood data,synthetic vulnerability/depth-damage function,True
NZA-0093,-0.233324,33.994118,permanent_masonry,81,53900,43660000.0,10,0.1,NZ-010-0093,high,0.935,0.858,10.59,0.9,0.2235,9755905.15,250000.0,9505905.15,synthetic spatial flood-hazard scenario; not observed flood data,synthetic vulnerability/depth-damage function,True
NZA-0094,0.30929,34.182535,semi_permanent,41,8900,3650000.0,10,0.1,NZ-010-0094,high,0.993,0.897,9.92,1.0,0.2621,956843.59,73000.0,883843.59,synthetic spatial flood-hazard scenario; not observed flood data,synthetic vulnerability/depth-damage function,True
NZA-0095,-0.274253,35.056461,permanent_masonry,76,58000,44080000.0,10,0.1,NZ-010-0095,high,0.842,0.861,8.8,0.9,0.1938,8543430.36,250000.0,8293430.36,synthetic spatial flood-hazard scenario; not observed flood data,synthetic vulnerability/depth-damage function,True
NZA-0096,0.55448,35.121635,semi_permanent,31,12600,3905000.0,10,0.1,NZ-010-0096,high,0.941,0.919,11.04,1.0,0.2497,975188.08,78100.0,897088.08,synthetic spatial flood-hazard scenario; not observed flood data,synthetic vulnerability/depth-damage function,True
NZA-0097,1.13978,35.045193,semi_permanent,36,9800,3530000.0,10,0.1,NZ-010-0097,high,0.851,0.715,7.39,1.0,0.2089,737378.98,70600.0,666778.98,synthetic spatial flood-hazard scenario; not observed flood data,synthetic vulnerability/depth-damage function,True
NZA-0098,0.287208,34.272346,semi_permanent,34,9300,3160000.0,10,0.1,NZ-010-0098,high,1.07,0.902,9.69,1.0,0.2853,901592.49,63200.0,838392.49,synthetic spatial flood-hazard scenario; not observed flood data,synthetic vulnerability/depth-damage function,True
NZA-0099,0.466166,34.278975,semi_permanent,36,13600,4895000.0,10,0.1,NZ-010-0099,high,0.922,0.876,12.81,1.0,0.2465,1206396.8,97900.0,1108496.8,synthetic spatial flood-hazard scenario; not observed flood data,synthetic vulnerability/depth-damage function,True
NZA-0100,1.005207,34.458564,semi_permanent,20,10600,2120000.0,10,0.1,NZ-010-0100,high,1.053,1.055,11.1,1.0,0.2888,612242.34,42400.0,569842.34,synthetic spatial flood-hazard scenario; not observed flood data,synthetic vulnerability/depth-damage function,True
NZA-0101,0.937372,33.9658,permanent_masonry,47,50700,23830000.0,10,0.1,NZ-010-0101,high,0.872,0.954,12.22,0.9,0.2111,5031001.19,250000.0,4781001.19,synthetic spatial flood-hazard scenario; not observed flood data,synthetic vulnerability/depth-damage function,True
NZA-0102,0.108665,34.357779,informal_iron_sheet,13,7200,935000.0,10,0.1,NZ-010-0102,high,0.865,0.959,10.27,1.35,0.2918,272861.94,18700.0,254161.94,synthetic spatial flood-hazard scenario; not observed flood data,synthetic vulnerability/depth-damage function,True
NZA-0103,1.268372,34.631029,concrete_rcc,270,53000,143100000.0,10,0.1,NZ-010-0103,high,1.061,1.076,12.65,0.7,0.2179,31176944.32,250000.0,30926944.32,synthetic spatial flood-hazard scenario; not observed flood data,synthetic vulnerability/depth-damage function,True
NZA-0104,0.841549,34.199113,semi_permanent,34,10700,3640000.0,10,0.1,NZ-010-0104,high,0.916,0.842,9.77,1.0,0.2369,862456.02,72800.0,789656.02,synthetic spatial flood-hazard scenario; not observed flood data,synthetic vulnerability/depth-damage function,True
NZA-0105,-0.085248,33.982683,permanent_masonry,75,42600,31950000.0,10,0.1,NZ-010-0105,high,0.735,0.815,9.59,0.9,0.1646,5257546.24,250000.0,5007546.24,synthetic spatial flood-hazard scenario; not observed flood data,synthetic vulnerability/depth-damage function,True
NZA-0106,-0.032723,33.849705,informal_iron_sheet,27,9200,2485000.0,10,0.1,NZ-010-0106,high,0.954,0.832,9.91,1.35,0.3198,794717.49,49700.0,745017.49,synthetic spatial flood-hazard scenario; not observed flood data,synthetic vulnerability/depth-damage function,True
NZA-0107,0.025416,34.471492,informal_iron_sheet,13,6700,870000.0,10,0.1,NZ-010-0107,high,0.924,0.981,11.08,1.35,0.3174,276129.31,17400.0,258729.31,synthetic spatial flood-hazard scenario; not observed flood data,synthetic vulnerability/depth-damage function,True
NZA-0108,1.232718,34.600323,semi_permanent,45,8600,3870000.0,10,0.1,NZ-010-0108,high,0.91,0.849,10.64,1.0,0.237,917140.21,77400.0,839740.21,synthetic spatial flood-hazard scenario; not observed flood data,synthetic vulnerability/depth-damage function,True
NZA-0109,0.915031,34.220677,semi_permanent,23,13800,3175000.0,10,0.1,NZ-010-0109,high,0.995,0.778,10.64,1.0,0.2608,827918.3,63500.0,764418.3,synthetic spatial flood-hazard scenario; not observed flood data,synthetic vulnerability/depth-damage function,True
NZA-0110,1.251304,33.71429,informal_iron_sheet,15,5100,765000.0,10,0.1,NZ-010-0110,high,0.688,0.73,8.8,1.35,0.2147,164250.76,15300.0,148950.76,synthetic spatial flood-hazard scenario; not observed flood data,synthetic vulnerability/depth-damage function,True
NZA-0111,1.054713,34.501981,informal_iron_sheet,12,5400,650000.0,10,0.1,NZ-010-0111,high,0.675,0.825,10.62,1.35,0.2159,140311.53,13000.0,127311.53,synthetic spatial flood-hazard scenario; not observed flood data,synthetic vulnerability/depth-damage function,True
NZA-0112,0.534791,35.321616,informal_iron_sheet,13,9300,1210000.0,10,0.1,NZ-010-0112,high,0.769,0.764,9.24,1.35,0.2469,298691.26,24200.0,274491.26,synthetic spatial flood-hazard scenario; not observed flood data,synthetic vulnerability/depth-damage function,True
NZA-0113,1.073646,34.684736,permanent_masonry,218,51700,112705000.0,10,0.1,NZ-010-0113,high,0.981,0.921,10.72,0.9,0.2385,26881462.15,250000.0,26631462.15,synthetic spatial flood-hazard scenario; not observed flood data,synthetic vulnerability/depth-damage function,True
NZA-0114,0.148965,34.514328,semi_permanent,30,12800,3840000.0,10,0.1,NZ-010-0114,high,0.819,0.836,10.45,1.0,0.2085,800624.92,76800.0,723824.92,synthetic spatial flood-hazard scenario; not observed flood data,synthetic vulnerability/depth-damage function,True
NZA-0115,0.740535,34.471813,permanent_masonry,80,42900,34320000.0,10,0.1,NZ-010-0115,high,0.958,0.896,12.26,0.9,0.2345,8046852.13,250000.0,7796852.13,synthetic spatial flood-hazard scenario; not observed flood data,synthetic vulnerability/depth-damage function,True
NZA-0116,0.780175,34.262123,semi_permanent,37,15900,5885000.0,10,0.1,NZ-010-0116,high,0.867,0.691,11.41,1.0,0.2211,1301269.47,117700.0,1183569.47,synthetic spatial flood-hazard scenario; not observed flood data,synthetic vulnerability/depth-damage function,True
NZA-0117,0.95021,34.707419,concrete_rcc,860,51800,445480000.0,10,0.1,NZ-010-0117,high,0.793,0.821,11.27,0.7,0.146,65052156.7,250000.0,64802156.7,synthetic spatial flood-hazard scenario; not observed flood data,synthetic vulnerability/depth-damage function,True
NZA-0118,1.064374,34.026167,semi_permanent,27,13600,3670000.0,10,0.1,NZ-010-0118,high,0.805,0.724,10.32,1.0,0.2012,738416.4,73400.0,665016.4,synthetic spatial flood-hazard scenario; not observed flood data,synthetic vulnerability/depth-damage function,True
NZA-0119,1.166562,35.217196,informal_iron_sheet,28,9800,2745000.0,10,0.1,NZ-010-0119,moderate,0.696,0.687,9.63,1.35,0.2181,598608.17,54900.0,543708.17,synthetic spatial flood-hazard scenario; not observed flood data,synthetic vulnerability/depth-damage function,True
NZA-0120,-0.116746,34.471442,concrete_rcc,214,52800,112990000.0,10,0.1,NZ-010-0120,high,0.974,0.884,12.87,0.7,0.1925,21748188.77,250000.0,21498188.77,synthetic spatial flood-hazard scenario; not observed flood data,synthetic vulnerability/depth-damage function,True
NZA-0121,-0.273176,34.832228,informal_iron_sheet,15,8900,1335000.0,10,0.1,NZ-010-0121,high,0.856,1.017,10.18,1.35,0.2903,387593.1,26700.0,360893.1,synthetic spatial flood-hazard scenario; not observed flood data,synthetic vulnerability/depth-damage function,True
NZA-0122,0.393685,33.808057,permanent_masonry,83,39400,32700000.0,10,0.1,NZ-010-0122,high,0.839,0.81,10.0,0.9,0.1939,6339160.19,250000.0,6089160.19,synthetic spatial flood-hazard scenario; not observed flood data,synthetic vulnerability/depth-damage function,True
NZA-0123,0.905739,34.322729,semi_permanent,46,14700,6760000.0,10,0.1,NZ-010-0123,high,0.994,1.003,11.86,1.0,0.2705,1828877.76,135200.0,1693677.76,synthetic spatial flood-hazard scenario; not observed flood data,synthetic vulnerability/depth-damage function,True
NZA-0124,0.280358,33.956709,semi_permanent,46,14900,6855000.0,10,0.1,NZ-010-0124,high,0.841,0.903,10.44,1.0,0.217,1487495.07,137100.0,1350395.07,synthetic spatial flood-hazard scenario; not observed flood data,synthetic vulnerability/depth-damage function,True
NZA-0125,1.258103,34.015952,informal_iron_sheet,8,7900,630000.0,10,0.1,NZ-010-0125,high,0.832,0.773,10.45,1.35,0.2735,172308.41,12600.0,159708.41,synthetic spatial flood-hazard scenario; not observed flood data,synthetic vulnerability/depth-damage function,True
NZA-0126,1.233615,34.788823,permanent_masonry,184,58300,107270000.0,10,0.1,NZ-010-0126,high,0.784,0.968,11.51,0.9,0.185,19846352.34,250000.0,19596352.34,synthetic spatial flood-hazard scenario; not observed flood data,synthetic vulnerability/depth-damage function,True
NZA-0127,0.657424,34.819639,permanent_masonry,92,64900,59710000.0,10,0.1,NZ-010-0127,high,0.979,0.947,11.22,0.9,0.2399,14324765.24,250000.0,14074765.24,synthetic spatial flood-hazard scenario; not observed flood data,synthetic vulnerability/depth-damage function,True
NZA-0128,1.090665,34.7761,permanent_masonry,138,55300,76315000.0,10,0.1,NZ-010-0128,high,0.839,1.082,10.95,0.9,0.2023,15439931.68,250000.0,15189931.68,synthetic spatial flood-hazard scenario; not observed flood data,synthetic vulnerability/depth-damage function,True
NZA-0129,0.845693,34.25638,informal_iron_sheet,9,9100,820000.0,10,0.1,NZ-010-0129,high,1.068,0.919,12.01,1.35,0.3718,304872.26,16400.0,288472.26,synthetic spatial flood-hazard scenario; not observed flood data,synthetic vulnerability/depth-damage function,True
NZA-0130,0.184154,35.153252,permanent_masonry,45,43100,19395000.0,10,0.1,NZ-010-0130,high,1.0,0.898,10.86,0.9,0.2436,4724254.93,250000.0,4474254.93,synthetic spatial flood-hazard scenario; not observed flood data,synthetic vulnerability/depth-damage function,True
NZA-0131,0.978099,35.02468,concrete_rcc,260,53800,139880000.0,10,0.1,NZ-010-0131,high,0.93,0.849,9.2,0.7,0.1749,24461271.69,250000.0,24211271.69,synthetic spatial flood-hazard scenario; not observed flood data,synthetic vulnerability/depth-damage function,True
NZA-0132,0.858911,34.714492,informal_iron_sheet,8,6400,510000.0,10,0.1,NZ-010-0132,high,0.834,0.898,11.05,1.35,0.2802,142879.75,10200.0,132679.75,synthetic spatial flood-hazard scenario; not observed flood data,synthetic vulnerability/depth-damage function,True
NZA-0133,1.033917,34.337831,concrete_rcc,180,68300,122940000.0,10,0.1,NZ-010-0133,high,1.002,0.856,11.1,0.7,0.1951,23988819.25,250000.0,23738819.25,synthetic spatial flood-hazard scenario; not observed flood data,synthetic vulnerability/depth-damage function,True
NZA-0134,-0.164067,34.954761,informal_iron_sheet,12,8900,1070000.0,10,0.1,NZ-010-0134,high,0.74,0.796,11.0,1.35,0.2408,257693.15,21400.0,236293.15,synthetic spatial flood-hazard scenario; not observed flood data,synthetic vulnerability/depth-damage function,True
NZA-0135,0.153592,34.152529,semi_permanent,44,14800,6510000.0,10,0.1,NZ-010-0135,high,0.971,0.903,10.53,1.0,0.2572,1674314.11,130200.0,1544114.11,synthetic spatial flood-hazard scenario; not observed flood data,synthetic vulnerability/depth-damage function,True
NZA-0136,0.492036,34.098308,semi_permanent,39,13000,5070000.0,10,0.1,NZ-010-0136,high,0.978,0.825,11.37,1.0,0.2589,1312778.68,101400.0,1211378.68,synthetic spatial flood-hazard scenario; not observed flood data,synthetic vulnerability/depth-damage function,True
NZA-0137,0.917142,33.749836,permanent_masonry,105,62400,65520000.0,10,0.1,NZ-010-0137,high,0.827,0.854,10.43,0.9,0.1924,12606647.34,250000.0,12356647.34,synthetic spatial flood-hazard scenario; not observed flood data,synthetic vulnerability/depth-damage function,True
NZA-0138,1.224768,34.962286,permanent_masonry,102,55500,56610000.0,10,0.1,NZ-010-0138,high,0.784,0.904,9.67,0.9,0.1801,10197133.54,250000.0,9947133.54,synthetic spatial flood-hazard scenario; not observed flood data,synthetic vulnerability/depth-damage function,True
NZA-0139,-0.266738,33.973491,informal_iron_sheet,16,8200,1310000.0,10,0.1,NZ-010-0139,high,0.868,0.839,9.96,1.35,0.2881,377404.17,26200.0,351204.17,synthetic spatial flood-hazard scenario; not observed flood data,synthetic vulnerability/depth-damage function,True
NZA-0140,-0.016867,34.265159,informal_iron_sheet,9,9500,855000.0,10,0.1,NZ-010-0140,high,0.907,0.874,12.39,1.35,0.3107,265656.99,17100.0,248556.99,synthetic spatial flood-hazard scenario; not observed flood data,synthetic vulnerability/depth-damage function,True
NZA-0141,0.486875,34.517157,informal_iron_sheet,20,5800,1160000.0,10,0.1,NZ-010-0141,high,1.114,1.037,12.6,1.35,0.3953,458588.73,23200.0,435388.73,synthetic spatial flood-hazard scenario; not observed flood data,synthetic vulnerability/depth-damage function,True
NZA-0142,0.284666,34.510305,informal_iron_sheet,21,9200,1930000.0,10,0.1,NZ-010-0142,high,1.109,0.903,12.55,1.35,0.3877,748288.41,38600.0,709688.41,synthetic spatial flood-hazard scenario; not observed flood data,synthetic vulnerability/depth-damage function,True
NZA-0143,0.174623,35.060375,informal_iron_sheet,23,6800,1565000.0,10,0.1,NZ-010-0143,high,1.102,0.857,10.08,1.35,0.3757,587966.92,31300.0,556666.92,synthetic spatial flood-hazard scenario; not observed flood data,synthetic vulnerability/depth-damage function,True
NZA-0144,0.425533,33.925462,semi_permanent,49,9700,4755000.0,10,0.1,NZ-010-0144,high,0.958,0.795,11.29,1.0,0.2516,1196357.51,95100.0,1101257.51,synthetic spatial flood-hazard scenario; not observed flood data,synthetic vulnerability/depth-damage function,True
NZA-0145,0.538147,34.75978,informal_iron_sheet,17,5000,850000.0,10,0.1,NZ-010-0145,high,1.055,0.904,12.62,1.35,0.3683,313029.66,17000.0,296029.66,synthetic spatial flood-hazard scenario; not observed flood data,synthetic vulnerability/depth-damage function,True
NZA-0146,0.985414,34.587465,semi_permanent,33,12100,3995000.0,10,0.1,NZ-010-0146,high,1.017,0.909,11.42,1.0,0.2737,1093483.43,79900.0,1013583.43,synthetic spatial flood-hazard scenario; not observed flood data,synthetic vulnerability/depth-damage function,True
NZA-0147,0.900762,34.081402,permanent_masonry,86,47100,40505000.0,10,0.1,NZ-010-0147,high,0.737,0.776,9.95,0.9,0.1648,6673331.54,250000.0,6423331.54,synthetic spatial flood-hazard scenario; not observed flood data,synthetic vulnerability/depth-damage function,True
NZA-0148,0.478766,34.228147,semi_permanent,40,8900,3560000.0,10,0.1,NZ-010-0148,high,0.796,0.721,9.83,1.0,0.1974,702829.09,71200.0,631629.09,synthetic spatial flood-hazard scenario; not observed flood data,synthetic vulnerability/depth-damage function,True
NZA-0149,0.209102,34.367164,semi_permanent,58,14000,8120000.0,10,0.1,NZ-010-0149,high,0.984,0.827,13.01,1.0,0.2647,2149080.48,162400.0,1986680.48,synthetic spatial flood-hazard scenario; not observed flood data,synthetic vulnerability/depth-damage function,True
NZA-0150,0.475855,33.904578,semi_permanent,27,11000,2970000.0,10,0.1,NZ-010-0150,high,0.816,0.728,8.34,1.0,0.2007,596202.26,59400.0,536802.26,synthetic spatial flood-hazard scenario; not observed flood data,synthetic vulnerability/depth-damage function,True
NZA-0151,0.811132,33.785321,permanent_masonry,93,61200,56915000.0,10,0.1,NZ-010-0151,high,0.687,0.978,8.9,0.9,0.1534,8728290.2,250000.0,8478290.2,synthetic spatial flood-hazard scenario; not observed flood data,synthetic vulnerability/depth-damage function,True
NZA-0152,1.091808,33.963898,informal_iron_sheet,11,6200,680000.0,10,0.1,NZ-010-0152,high,0.766,0.742,7.96,1.35,0.2419,164481.74,13600.0,150881.74,synthetic spatial flood-hazard scenario; not observed flood data,synthetic vulnerability/depth-damage function,True
NZA-0153,0.22262,34.382704,informal_iron_sheet,24,7000,1680000.0,10,0.1,NZ-010-0153,high,1.062,0.989,12.13,1.35,0.3727,626167.12,33600.0,592567.12,synthetic spatial flood-hazard scenario; not observed flood data,synthetic vulnerability/depth-damage function,True
NZA-0154,0.108316,35.154712,informal_iron_sheet,10,8700,870000.0,10,0.1,NZ-010-0154,high,0.935,0.92,9.5,1.35,0.3149,273992.01,17400.0,256592.01,synthetic spatial flood-hazard scenario; not observed flood data,synthetic vulnerability/depth-damage function,True
NZA-0155,-0.146898,34.202851,semi_permanent,42,14600,6130000.0,10,0.1,NZ-010-0155,high,0.664,0.799,8.83,1.0,0.1582,969805.29,122600.0,847205.29,synthetic spatial flood-hazard scenario; not observed flood data,synthetic vulnerability/depth-damage function,True
NZA-0156,-0.178586,35.094475,permanent_masonry,108,58100,62750000.0,10,0.1,NZ-010-0156,high,0.888,0.867,10.68,0.9,0.2104,13203904.87,250000.0,12953904.87,synthetic spatial flood-hazard scenario; not observed flood data,synthetic vulnerability/depth-damage function,True
NZA-0157,0.549955,35.195553,informal_iron_sheet,14,5200,730000.0,10,0.1,NZ-010-0157,high,1.002,0.892,12.16,1.35,0.3466,253037.45,14600.0,238437.45,synthetic spatial flood-hazard scenario; not observed flood data,synthetic vulnerability/depth-damage function,True
NZA-0158,0.032916,34.083035,permanent_masonry,109,52900,57660000.0,10,0.1,NZ-010-0158,high,0.833,0.94,9.08,0.9,0.1936,11163105.86,250000.0,10913105.86,synthetic spatial flood-hazard scenario; not observed flood data,synthetic vulnerability/depth-damage function,True
NZA-0159,1.255492,35.098112,concrete_rcc,185,71300,131905000.0,10,0.1,NZ-010-0159,high,0.795,0.767,9.83,0.7,0.1433,18904308.45,250000.0,18654308.45,synthetic spatial flood-hazard scenario; not observed flood data,synthetic vulnerability/depth-damage function,True
NZA-0160,0.512475,34.494717,semi_permanent,40,9200,3680000.0,10,0.1,NZ-010-0160,high,1.034,1.016,13.74,1.0,0.2882,1060466.85,73600.0,986866.85,synthetic spatial flood-hazard scenario; not observed flood data,synthetic vulnerability/depth-damage function,True
NZA-0161,0.887231,34.583379,permanent_masonry,123,37500,46125000.0,10,0.1,NZ-010-0161,high,0.962,1.104,10.86,0.9,0.2388,11012472.03,250000.0,10762472.03,synthetic spatial flood-hazard scenario; not observed flood data,synthetic vulnerability/depth-damage function,True
NZA-0162,1.042057,35.022524,semi_permanent,31,14500,4495000.0,10,0.1,NZ-010-0162,high,1.053,0.916,12.34,1.0,0.2874,1291717.56,89900.0,1201817.56,synthetic spatial flood-hazard scenario; not observed flood data,synthetic vulnerability/depth-damage function,True
NZA-0163,-0.135662,34.531432,semi_permanent,32,13100,4190000.0,10,0.1,NZ-010-0163,high,0.844,0.923,10.77,1.0,0.219,917766.25,83800.0,833966.25,synthetic spatial flood-hazard scenario; not observed flood data,synthetic vulnerability/depth-damage function,True
NZA-0164,0.377008,34.788419,semi_permanent,30,12700,3810000.0,10,0.1,NZ-010-0164,high,0.908,0.934,11.98,1.0,0.242,921854.45,76200.0,845654.45,synthetic spatial flood-hazard scenario; not observed flood data,synthetic vulnerability/depth-damage function,True
NZA-0165,1.295562,33.94838,informal_iron_sheet,8,8800,705000.0,10,0.1,NZ-010-0165,high,0.822,0.833,10.27,1.35,0.2715,191427.8,14100.0,177327.8,synthetic spatial flood-hazard scenario; not observed flood data,synthetic vulnerability/depth-damage function,True
NZA-0166,-0.004246,33.806293,permanent_masonry,81,59600,48275000.0,10,0.1,NZ-010-0166,high,0.745,1.026,12.06,0.9,0.176,8497014.14,250000.0,8247014.14,synthetic spatial flood-hazard scenario; not observed flood data,synthetic vulnerability/depth-damage function,True
NZA-0167,-0.174577,35.134691,informal_iron_sheet,20,9300,1860000.0,10,0.1,NZ-010-0167,high,0.757,0.826,9.32,1.35,0.2444,454676.09,37200.0,417476.09,synthetic spatial flood-hazard scenario; not observed flood data,synthetic vulnerability/depth-damage function,True
NZA-0168,0.084656,34.599648,informal_iron_sheet,13,5700,740000.0,10,0.1,NZ-010-0168,high,0.965,0.993,10.29,1.35,0.3308,244826.81,14800.0,230026.81,synthetic spatial flood-hazard scenario; not observed flood data,synthetic vulnerability/depth-damage function,True
NZA-0169,0.330014,33.785135,informal_iron_sheet,19,5700,1085000.0,10,0.1,NZ-010-0169,high,0.793,0.846,7.67,1.35,0.2545,276127.32,21700.0,254427.32,synthetic spatial flood-hazard scenario; not observed flood data,synthetic vulnerability/depth-damage function,True
NZA-0170,1.164046,34.99134,permanent_masonry,128,53500,68480000.0,10,0.1,NZ-010-0170,high,0.869,1.111,11.68,0.9,0.2135,14618715.66,250000.0,14368715.66,synthetic spatial flood-hazard scenario; not observed flood data,synthetic vulnerability/depth-damage function,True
NZA-0171,1.193402,34.990573,semi_permanent,23,15100,3475000.0,10,0.1,NZ-010-0171,high,0.783,0.78,10.18,1.0,0.1958,680366.41,69500.0,610866.41,synthetic spatial flood-hazard scenario; not observed flood data,synthetic vulnerability/depth-damage function,True
NZA-0172,0.347723,34.131278,semi_permanent,44,12700,5590000.0,10,0.1,NZ-010-0172,high,0.934,0.881,10.43,1.0,0.2449,1368905.84,111800.0,1257105.84,synthetic spatial flood-hazard scenario; not observed flood data,synthetic vulnerability/depth-damage function,True
NZA-0173,0.629879,34.896,semi_permanent,50,14700,7350000.0,10,0.1,NZ-010-0173,high,0.894,0.926,10.6,1.0,0.2342,1721633.5,147000.0,1574633.5,synthetic spatial flood-hazard scenario; not observed flood data,synthetic vulnerability/depth-damage function,True
NZA-0174,0.330706,35.332061,semi_permanent,32,12100,3870000.0,10,0.1,NZ-010-0174,high,0.934,0.82,10.84,1.0,0.2441,944590.82,77400.0,867190.82,synthetic spatial flood-hazard scenario; not observed flood data,synthetic vulnerability/depth-damage function,True
NZA-0175,0.98325,34.695033,semi_permanent,43,14800,6365000.0,10,0.1,NZ-010-0175,high,0.946,0.816,11.64,1.0,0.2493,1586532.17,127300.0,1459232.17,synthetic spatial flood-hazard scenario; not observed flood data,synthetic vulnerability/depth-damage function,True
NZA-0176,0.574189,35.188998,informal_iron_sheet,20,9500,1900000.0,10,0.1,NZ-010-0176,high,0.946,0.839,11.64,1.35,0.3218,611468.82,38000.0,573468.82,synthetic spatial flood-hazard scenario; not observed flood data,synthetic vulnerability/depth-damage function,True
NZA-0177,0.506191,33.885311,semi_permanent,48,11900,5710000.0,10,0.1,NZ-010-0177,high,0.947,0.892,11.06,1.0,0.2508,1432225.04,114200.0,1318025.04,synthetic spatial flood-hazard scenario; not observed flood data,synthetic vulnerability/depth-damage function,True
NZA-0178,0.976733,33.853665,semi_permanent,31,8100,2510000.0,10,0.1,NZ-010-0178,high,0.802,0.67,11.4,1.0,0.2008,504111.2,50200.0,453911.2,synthetic spatial flood-hazard scenario; not observed flood data,synthetic vulnerability/depth-damage function,True
NZA-0179,0.613792,34.321792,permanent_masonry,101,64600,65245000.0,10,0.1,NZ-010-0179,high,0.865,0.883,11.57,0.9,0.2062,13452104.38,250000.0,13202104.38,synthetic spatial flood-hazard scenario; not observed flood data,synthetic vulnerability/depth-damage function,True
NZA-0180,0.718625,33.923511,permanent_masonry,55,48500,26675000.0,10,0.1,NZ-010-0180,high,0.741,0.89,10.06,0.9,0.1686,4496157.73,250000.0,4246157.73,synthetic spatial flood-hazard scenario; not observed flood data,synthetic vulnerability/depth-damage function,True
NZA-0181,0.153304,35.389068,informal_iron_sheet,11,5200,570000.0,10,0.1,NZ-010-0181,high,0.808,0.666,9.22,1.35,0.258,147053.37,11400.0,135653.37,synthetic spatial flood-hazard scenario; not observed flood data,synthetic vulnerability/depth-damage function,True
NZA-0182,0.227874,33.987182,permanent_masonry,111,41200,45730000.0,10,0.1,NZ-010-0182,high,0.878,1.009,9.63,0.9,0.2093,9569633.28,250000.0,9319633.28,synthetic spatial flood-hazard scenario; not observed flood data,synthetic vulnerability/depth-damage function,True
NZA-0183,0.765659,34.543054,informal_iron_sheet,13,8900,1155000.0,10,0.1,NZ-010-0183,high,0.971,1.068,12.6,1.35,0.3429,396058.9,23100.0,372958.9,synthetic spatial flood-hazard scenario; not observed flood data,synthetic vulnerability/depth-damage function,True
NZA-0184,-0.160013,33.827759,semi_permanent,52,14400,7490000.0,10,0.1,NZ-010-0184,high,1.032,0.847,10.9,1.0,0.2749,2058903.66,149800.0,1909103.66,synthetic spatial flood-hazard scenario; not observed flood data,synthetic vulnerability/depth-damage function,True
NZA-0185,1.059973,33.772395,permanent_masonry,124,39300,48730000.0,10,0.1,NZ-010-0185,high,0.794,0.805,8.51,0.9,0.1786,8701502.81,250000.0,8451502.81,synthetic spatial flood-hazard scenario; not observed flood data,synthetic vulnerability/depth-damage function,True
NZA-0186,0.682634,34.983255,informal_iron_sheet,11,5800,640000.0,10,0.1,NZ-010-0186,high,0.939,0.897,10.91,1.35,0.3195,204482.11,12800.0,191682.11,synthetic spatial flood-hazard scenario; not observed flood data,synthetic vulnerability/depth-damage function,True
NZA-0187,0.113213,34.833715,semi_permanent,26,12100,3145000.0,10,0.1,NZ-010-0187,high,0.927,0.854,12.08,1.0,0.2455,772221.67,62900.0,709321.67,synthetic spatial flood-hazard scenario; not observed flood data,synthetic vulnerability/depth-damage function,True
NZA-0188,0.978559,34.363694,informal_iron_sheet,14,8300,1160000.0,10,0.1,NZ-010-0188,high,0.833,0.88,11.55,1.35,0.2802,325027.55,23200.0,301827.55,synthetic spatial flood-hazard scenario; not observed flood data,synthetic vulnerability/depth-damage function,True
NZA-0189,0.350124,35.109995,semi_permanent,29,9800,2840000.0,10,0.1,NZ-010-0189,high,0.881,0.799,11.04,1.0,0.2275,646181.36,56800.0,589381.36,synthetic spatial flood-hazard scenario; not observed flood data,synthetic vulnerability/depth-damage function,True
NZA-0190,0.066907,34.937693,permanent_masonry,185,49300,91205000.0,10,0.1,NZ-010-0190,high,0.734,0.743,8.84,0.9,0.1613,14714981.24,250000.0,14464981.24,synthetic spatial flood-hazard scenario; not observed flood data,synthetic vulnerability/depth-damage function,True
NZA-0191,0.900958,34.589677,permanent_masonry,110,36000,39600000.0,10,0.1,NZ-010-0191,high,0.901,0.978,10.21,0.9,0.2161,8556779.06,250000.0,8306779.06,synthetic spatial flood-hazard scenario; not observed flood data,synthetic vulnerability/depth-damage function,True
NZA-0192,1.038165,35.008153,permanent_masonry,81,57300,46415000.0,10,0.1,NZ-010-0192,high,0.89,0.783,11.34,0.9,0.2101,9751605.22,250000.0,9501605.22,synthetic spatial flood-hazard scenario; not observed flood data,synthetic vulnerability/depth-damage function,True
NZA-0193,-0.070194,34.756022,concrete_rcc,443,75200,333135000.0,10,0.1,NZ-010-0193,high,0.856,0.864,11.04,0.7,0.1609,53599547.62,250000.0,53349547.62,synthetic spatial flood-hazard scenario; not observed flood data,synthetic vulnerability/depth-damage function,True
NZA-0194,-0.078109,33.841378,permanent_masonry,290,40000,116000000.0,10,0.1,NZ-010-0194,high,0.839,0.921,10.98,0.9,0.1986,23039161.55,250000.0,22789161.55,synthetic spatial flood-hazard scenario; not observed flood data,synthetic vulnerability/depth-damage function,True
NZA-0195,0.913456,34.12594,semi_permanent,65,9200,5980000.0,10,0.1,NZ-010-0195,high,0.924,0.906,9.49,1.0,0.2404,1437718.13,119600.0,1318118.13,synthetic spatial flood-hazard scenario; not observed flood data,synthetic vulnerability/depth-damage function,True
NZA-0196,1.210137,34.610609,informal_iron_sheet,16,7100,1135000.0,10,0.1,NZ-010-0196,high,0.894,0.816,9.9,1.35,0.2967,336802.35,22700.0,314102.35,synthetic spatial flood-hazard scenario; not observed flood data,synthetic vulnerability/depth-damage function,True
NZA-0197,0.961132,34.216405,semi_permanent,73,11100,8105000.0,10,0.1,NZ-010-0197,high,0.9,0.927,10.84,1.0,0.2368,1919402.25,162100.0,1757302.25,synthetic spatial flood-hazard scenario; not observed flood data,synthetic vulnerability/depth-damage function,True
NZA-0198,0.792632,34.650565,semi_permanent,39,9800,3820000.0,10,0.1,NZ-010-0198,high,0.815,1.0,10.06,1.0,0.2109,805533.98,76400.0,729133.98,synthetic spatial flood-hazard scenario; not observed flood data,synthetic vulnerability/depth-damage function,True
NZA-0199,-0.072626,34.828982,permanent_masonry,136,53500,72760000.0,10,0.1,NZ-010-0199,high,0.849,0.799,10.23,0.9,0.1968,14320481.33,250000.0,14070481.33,synthetic spatial flood-hazard scenario; not observed flood data,synthetic vulnerability/depth-damage function,True
NZA-0200,-0.00027,34.220095,informal_iron_sheet,10,9200,920000.0,10,0.1,NZ-010-0200,high,0.921,0.953,10.98,1.35,0.3149,289702.03,18400.0,271302.03,synthetic spatial flood-hazard scenario; not observed flood data,synthetic vulnerability/depth-damage function,True
NZA-0201,0.002237,34.709034,permanent_masonry,45,44800,20160000.0,10,0.1,NZ-010-0201,high,1.063,0.886,10.28,0.9,0.2599,5239536.39,250000.0,4989536.39,synthetic spatial flood-hazard scenario; not observed flood data,synthetic vulnerability/depth-damage function,True
NZA-0202,1.055605,34.184847,informal_iron_sheet,14,6300,880000.0,10,0.1,NZ-010-0202,high,0.937,0.818,8.95,1.35,0.3105,273210.47,17600.0,255610.47,synthetic spatial flood-hazard scenario; not observed flood data,synthetic vulnerability/depth-damage function,True
NZA-0203,1.28914,34.853038,permanent_masonry,126,52500,66150000.0,10,0.1,NZ-010-0203,high,0.722,0.761,9.72,0.9,0.1601,10587471.59,250000.0,10337471.59,synthetic spatial flood-hazard scenario; not observed flood data,synthetic vulnerability/depth-damage function,True
NZA-0204,-0.055852,33.719756,informal_iron_sheet,14,9200,1290000.0,10,0.1,NZ-010-0204,high,0.669,0.813,9.29,1.35,0.2108,271980.57,25800.0,246180.57,synthetic spatial flood-hazard scenario; not observed flood data,synthetic vulnerability/depth-damage function,True
NZA-0205,0.376545,35.3465,informal_iron_sheet,13,6300,820000.0,10,0.1,NZ-010-0205,high,0.788,0.624,10.5,1.35,0.2523,206862.75,16400.0,190462.75,synthetic spatial flood-hazard scenario; not observed flood data,synthetic vulnerability/depth-damage function,True
NZA-0206,1.127888,34.607065,informal_iron_sheet,28,8800,2465000.0,10,0.1,NZ-010-0206,high,0.828,0.856,12.1,1.35,0.2787,687003.28,49300.0,637703.28,synthetic spatial flood-hazard scenario; not observed flood data,synthetic vulnerability/depth-damage function,True
NZA-0207,1.245841,34.340392,permanent_masonry,73,58100,42415000.0,10,0.1,NZ-010-0207,high,0.896,0.95,11.99,0.9,0.2178,9235955.94,250000.0,8985955.94,synthetic spatial flood-hazard scenario; not observed flood data,synthetic vulnerability/depth-damage function,True
NZA-0208,0.460521,34.445185,semi_permanent,25,14000,3500000.0,10,0.1,NZ-010-0208,high,0.976,0.936,11.65,1.0,0.2626,918948.32,70000.0,848948.32,synthetic spatial flood-hazard scenario; not observed flood data,synthetic vulnerability/depth-damage function,True
NZA-0209,-0.281133,33.981186,permanent_masonry,79,54100,42740000.0,10,0.1,NZ-010-0209,high,0.863,0.97,9.53,0.9,0.2037,8707080.89,250000.0,8457080.89,synthetic spatial flood-hazard scenario; not observed flood data,synthetic vulnerability/depth-damage function,True
NZA-0210,0.816474,35.262409,semi_permanent,53,14900,7895000.0,10,0.1,NZ-010-0210,high,0.875,0.766,9.71,1.0,0.2221,1753401.94,157900.0,1595501.94,synthetic spatial flood-hazard scenario; not observed flood data,synthetic vulnerability/depth-damage function,True
NZA-0211,0.961856,34.521307,semi_permanent,31,11300,3505000.0,10,0.1,NZ-010-0211,high,1.194,0.968,13.24,1.0,0.3349,1173951.03,70100.0,1103851.03,synthetic spatial flood-hazard scenario; not observed flood data,synthetic vulnerability/depth-damage function,True
NZA-0212,-0.065838,34.54263,concrete_rcc,404,70400,284415000.0,10,0.1,NZ-010-0212,high,0.812,0.896,10.2,0.7,0.1502,42712196.44,250000.0,42462196.44,synthetic spatial flood-hazard scenario; not observed flood data,synthetic vulnerability/depth-damage function,True
NZA-0213,0.91605,33.907819,permanent_masonry,176,64000,112640000.0,10,0.1,NZ-010-0213,high,0.845,0.884,11.06,0.9,0.1996,22480769.26,250000.0,22230769.26,synthetic spatial flood-hazard scenario; not observed flood data,synthetic vulnerability/depth-damage function,True
NZA-0214,0.07754,34.549123,informal_iron_sheet,11,7800,860000.0,10,0.1,NZ-010-0214,high,0.961,0.977,11.77,1.35,0.3331,286439.31,17200.0,269239.31,synthetic spatial flood-hazard scenario; not observed flood data,synthetic vulnerability/depth-damage function,True
NZA-0215,-0.202341,34.161636,informal_iron_sheet,10,9400,940000.0,10,0.1,NZ-010-0215,high,0.994,0.845,9.93,1.35,0.3352,315078.49,18800.0,296278.49,synthetic spatial flood-hazard scenario; not observed flood data,synthetic vulnerability/depth-damage function,True
NZA-0216,0.833242,34.463678,informal_iron_sheet,14,7500,1050000.0,10,0.1,NZ-010-0216,high,1.047,1.047,13.0,1.35,0.3721,390671.38,21000.0,369671.38,synthetic spatial flood-hazard scenario; not observed flood data,synthetic vulnerability/depth-damage function,True
NZA-0217,-0.098812,34.8947,informal_iron_sheet,21,9200,1930000.0,10,0.1,NZ-010-0217,high,0.907,0.805,10.6,1.35,0.3034,585536.57,38600.0,546936.57,synthetic spatial flood-hazard scenario; not observed flood data,synthetic vulnerability/depth-damage function,True
NZA-0218,0.507474,34.920729,semi_permanent,54,9200,4970000.0,10,0.1,NZ-010-0218,high,1.029,1.047,9.97,1.0,0.2783,1383121.14,99400.0,1283721.14,synthetic spatial flood-hazard scenario; not observed flood data,synthetic vulnerability/depth-damage function,True
NZA-0219,1.054706,34.124126,semi_permanent,43,12300,5290000.0,10,0.1,NZ-010-0219,high,0.893,0.852,10.19,1.0,0.2311,1222703.93,105800.0,1116903.93,synthetic spatial flood-hazard scenario; not observed flood data,synthetic vulnerability/depth-damage function,True
NZA-0220,0.729331,34.535484,semi_permanent,50,15600,7800000.0,10,0.1,NZ-010-0220,high,1.108,1.025,13.25,1.0,0.3106,2422506.0,156000.0,2266506.0,synthetic spatial flood-hazard scenario; not observed flood data,synthetic vulnerability/depth-damage function,True
NZA-0221,0.139703,35.199674,semi_permanent,49,14300,7005000.0,10,0.1,NZ-010-0221,high,0.852,0.885,10.52,1.0,0.2201,1541705.35,140100.0,1401605.35,synthetic spatial flood-hazard scenario; not observed flood data,synthetic vulnerability/depth-damage function,True
NZA-0222,0.963084,34.705498,semi_permanent,36,15400,5545000.0,10,0.1,NZ-010-0222,high,0.952,0.942,9.76,1.0,0.2508,1390571.03,110900.0,1279671.03,synthetic spatial flood-hazard scenario; not observed flood data,synthetic vulnerability/depth-damage function,True
NZA-0223,0.285659,34.150175,semi_permanent,30,11200,3360000.0,10,0.1,NZ-010-0223,high,1.126,0.881,11.39,1.0,0.3062,1028855.24,67200.0,961655.24,synthetic spatial flood-hazard scenario; not observed flood data,synthetic vulnerability/depth-damage function,True
NZA-0224,0.166684,33.973535,permanent_masonry,100,49700,49700000.0,10,0.1,NZ-010-0224,high,0.961,0.813,9.9,0.9,0.228,11333204.09,250000.0,11083204.09,synthetic spatial flood-hazard scenario; not observed flood data,synthetic vulnerability/depth-damage function,True
NZA-0225,0.981894,33.990876,informal_iron_sheet,15,8200,1230000.0,10,0.1,NZ-010-0225,high,0.74,0.766,9.15,1.35,0.2356,289746.72,24600.0,265146.72,synthetic spatial flood-hazard scenario; not observed flood data,synthetic vulnerability/depth-damage function,True
NZA-0226,0.129184,34.293588,informal_iron_sheet,23,6600,1520000.0,10,0.1,NZ-010-0226,high,0.952,1.032,12.59,1.35,0.3341,507805.46,30400.0,477405.46,synthetic spatial flood-hazard scenario; not observed flood data,synthetic vulnerability/depth-damage function,True
NZA-0227,0.173777,33.973324,informal_iron_sheet,21,9000,1890000.0,10,0.1,NZ-010-0227,high,0.754,0.754,8.71,1.35,0.2396,452781.52,37800.0,414981.52,synthetic spatial flood-hazard scenario; not observed flood data,synthetic vulnerability/depth-damage function,True
NZA-0228,0.337195,35.035908,informal_iron_sheet,19,7800,1480000.0,10,0.1,NZ-010-0228,high,0.809,1.045,9.48,1.35,0.2714,401685.51,29600.0,372085.51,synthetic spatial flood-hazard scenario; not observed flood data,synthetic vulnerability/depth-damage function,True
NZA-0229,-0.248699,35.31671,semi_permanent,27,12600,3400000.0,10,0.1,NZ-010-0229,high,0.786,0.702,9.99,1.0,0.1942,660267.68,68000.0,592267.68,synthetic spatial flood-hazard scenario; not observed flood data,synthetic vulnerability/depth-damage function,True
NZA-0230,0.728115,35.387876,semi_permanent,38,12000,4560000.0,10,0.1,NZ-010-0230,high,0.879,0.827,10.5,1.0,0.2268,1034011.85,91200.0,942811.85,synthetic spatial flood-hazard scenario; not observed flood data,synthetic vulnerability/depth-damage function,True
NZA-0231,-0.080244,34.892939,semi_permanent,43,9100,3915000.0,10,0.1,NZ-010-0231,high,0.939,0.795,10.32,1.0,0.2436,953862.91,78300.0,875562.91,synthetic spatial flood-hazard scenario; not observed flood data,synthetic vulnerability/depth-damage function,True
NZA-0232,0.247534,34.558433,informal_iron_sheet,11,8200,900000.0,10,0.1,NZ-010-0232,high,0.997,0.868,12.36,1.35,0.3443,309838.28,18000.0,291838.28,synthetic spatial flood-hazard scenario; not observed flood data,synthetic vulnerability/depth-damage function,True
NZA-0233,0.922151,35.061651,concrete_rcc,363,76200,276605000.0,10,0.1,NZ-010-0233,high,0.953,0.842,11.14,0.7,0.1834,50722522.55,250000.0,50472522.55,synthetic spatial flood-hazard scenario; not observed flood data,synthetic vulnerability/depth-damage function,True
NZA-0234,-0.102681,34.4462,informal_iron_sheet,15,6200,930000.0,10,0.1,NZ-010-0234,high,0.99,0.948,11.62,1.35,0.3425,318535.64,18600.0,299935.64,synthetic spatial flood-hazard scenario; not observed flood data,synthetic vulnerability/depth-damage function,True
NZA-0235,0.277237,33.7611,concrete_rcc,540,66800,360720000.0,10,0.1,NZ-010-0235,high,0.861,0.902,10.76,0.7,0.1626,58658972.79,250000.0,58408972.79,synthetic spatial flood-hazard scenario; not observed flood data,synthetic vulnerability/depth-damage function,True
NZA-0236,1.051056,35.348716,concrete_rcc,377,59100,222805000.0,10,0.1,NZ-010-0236,high,0.654,0.826,8.9,0.7,0.1119,24928035.64,250000.0,24678035.64,synthetic spatial flood-hazard scenario; not observed flood data,synthetic vulnerability/depth-damage function,True
NZA-0237,0.664035,33.87008,semi_permanent,40,8700,3480000.0,10,0.1,NZ-010-0237,high,0.857,0.974,11.83,1.0,0.2267,788935.69,69600.0,719335.69,synthetic spatial flood-hazard scenario; not observed flood data,synthetic vulnerability/depth-damage function,True
NZA-0238,-0.203953,33.787429,informal_iron_sheet,14,9400,1315000.0,10,0.1,NZ-010-0238,high,0.767,0.813,10.36,1.35,0.2502,328972.06,26300.0,302672.06,synthetic spatial flood-hazard scenario; not observed flood data,synthetic vulnerability/depth-damage function,True
NZA-0239,0.094046,34.98894,informal_iron_sheet,12,8100,970000.0,10,0.1,NZ-010-0239,high,0.875,0.819,10.28,1.35,0.2908,282059.42,19400.0,262659.42,synthetic spatial flood-hazard scenario; not observed flood data,synthetic vulnerability/depth-damage function,True
NZA-0240,0.839308,34.623191,informal_iron_sheet,10,5400,540000.0,10,0.1,NZ-010-0240,high,0.974,0.767,11.34,1.35,0.3289,177628.61,10800.0,166828.61,synthetic spatial flood-hazard scenario; not observed flood data,synthetic vulnerability/depth-damage function,True
NZA-0241,0.903049,34.77593,informal_iron_sheet,10,7600,760000.0,10,0.1,NZ-010-0241,high,0.768,0.71,9.61,1.35,0.2455,186610.52,15200.0,171410.52,synthetic spatial flood-hazard scenario; not observed flood data,synthetic vulnerability/depth-damage function,True
NZA-0242,-0.27746,34.786991,informal_iron_sheet,12,9300,1115000.0,10,0.1,NZ-010-0242,high,0.675,0.793,8.23,1.35,0.2102,234407.36,22300.0,212107.36,synthetic spatial flood-hazard scenario; not observed flood data,synthetic vulnerability/depth-damage function,True
NZA-0243,0.311782,34.453673,informal_iron_sheet,22,7900,1740000.0,10,0.1,NZ-010-0243,high,0.936,1.026,12.4,1.35,0.3271,569149.66,34800.0,534349.66,synthetic spatial flood-hazard scenario; not observed flood data,synthetic vulnerability/depth-damage function,True
NZA-0244,0.405315,33.820881,informal_iron_sheet,20,9100,1820000.0,10,0.1,NZ-010-0244,high,0.942,0.801,10.81,1.35,0.3166,576255.29,36400.0,539855.29,synthetic spatial flood-hazard scenario; not observed flood data,synthetic vulnerability/depth-damage function,True
NZA-0245,0.470147,34.610429,informal_iron_sheet,8,6300,505000.0,10,0.1,NZ-010-0245,high,1.028,0.974,9.97,1.35,0.3529,178214.98,10100.0,168114.98,synthetic spatial flood-hazard scenario; not observed flood data,synthetic vulnerability/depth-damage function,True
NZA-0246,0.786112,35.372968,semi_permanent,31,14800,4590000.0,10,0.1,NZ-010-0246,high,0.798,0.832,9.93,1.0,0.2009,922066.64,91800.0,830266.64,synthetic spatial flood-hazard scenario; not observed flood data,synthetic vulnerability/depth-damage function,True
NZA-0247,1.02771,34.603808,permanent_masonry,89,42900,38180000.0,10,0.1,NZ-010-0247,high,1.098,0.9,10.94,0.9,0.2718,10378400.6,250000.0,10128400.6,synthetic spatial flood-hazard scenario; not observed flood data,synthetic vulnerability/depth-damage function,True
NZA-0248,1.278619,35.180017,semi_permanent,38,15300,5815000.0,10,0.1,NZ-010-0248,high,0.759,0.687,10.48,1.0,0.1868,1086500.51,116300.0,970200.51,synthetic spatial flood-hazard scenario; not observed flood data,synthetic vulnerability/depth-damage function,True
NZA-0249,0.784923,35.201385,semi_permanent,34,9100,3095000.0,10,0.1,NZ-010-0249,high,0.822,0.835,9.47,1.0,0.2075,642367.21,61900.0,580467.21,synthetic spatial flood-hazard scenario; not observed flood data,synthetic vulnerability/depth-damage function,True
NZA-0250,0.30244,34.881249,semi_permanent,37,8300,3070000.0,10,0.1,NZ-010-0250,high,0.744,0.781,12.08,1.0,0.1872,574827.83,61400.0,513427.83,synthetic spatial flood-hazard scenario; not observed flood data,synthetic vulnerability/depth-damage function,True
NZA-0251,1.03318,34.046947,informal_iron_sheet,11,5400,595000.0,10,0.1,NZ-010-0251,high,0.957,0.795,12.85,1.35,0.328,195130.89,11900.0,183230.89,synthetic spatial flood-hazard scenario; not observed flood data,synthetic vulnerability/depth-damage function,True
NZA-0252,1.194176,35.293823,informal_iron_sheet,11,8700,955000.0,10,0.1,NZ-010-0252,high,0.767,0.847,10.77,1.35,0.2519,240600.74,19100.0,221500.74,synthetic spatial flood-hazard scenario; not observed flood data,synthetic vulnerability/depth-damage function,True
NZA-0253,0.529755,35.078419,permanent_masonry,178,41500,73870000.0,10,0.1,NZ-010-0253,high,0.851,0.744,11.14,0.9,0.1978,14609491.24,250000.0,14359491.24,synthetic spatial flood-hazard scenario; not observed flood data,synthetic vulnerability/depth-damage function,True
NZA-0254,0.343724,35.047128,concrete_rcc,697,61100,425865000.0,10,0.1,NZ-010-0254,high,0.896,0.905,11.71,0.7,0.1723,73377914.41,250000.0,73127914.41,synthetic spatial flood-hazard scenario; not observed flood data,synthetic vulnerability/depth-damage function,True
NZA-0255,0.70253,33.825102,informal_iron_sheet,8,7400,590000.0,10,0.1,NZ-010-0255,high,0.827,0.814,9.42,1.35,0.2704,159560.46,11800.0,147760.46,synthetic spatial flood-hazard scenario; not observed flood data,synthetic vulnerability/depth-damage function,True
NZA-0256,-0.006645,35.185234,semi_permanent,37,14200,5255000.0,10,0.1,NZ-010-0256,high,0.892,0.755,11.12,1.0,0.23,1208458.97,105100.0,1103358.97,synthetic spatial flood-hazard scenario; not observed flood data,synthetic vulnerability/depth-damage function,True
NZA-0257,0.631845,34.774512,informal_iron_sheet,12,5400,650000.0,10,0.1,NZ-010-0257,high,0.993,0.926,11.67,1.35,0.3429,222903.03,13000.0,209903.03,synthetic spatial flood-hazard scenario; not observed flood data,synthetic vulnerability/depth-damage function,True
NZA-0258,0.574405,34.730911,semi_permanent,45,9500,4275000.0,10,0.1,NZ-010-0258,high,1.13,1.054,12.54,1.0,0.3165,1353182.79,85500.0,1267682.79,synthetic spatial flood-hazard scenario; not observed flood data,synthetic vulnerability/depth-damage function,True
NZA-0259,0.980305,33.863152,informal_iron_sheet,14,8300,1160000.0,10,0.1,NZ-010-0259,high,0.806,0.674,10.46,1.35,0.2607,302387.32,23200.0,279187.32,synthetic spatial flood-hazard scenario; not observed flood data,synthetic vulnerability/depth-damage function,True
NZA-0260,-0.141532,35.034344,permanent_masonry,103,44900,46245000.0,10,0.1,NZ-010-0260,high,0.807,0.875,7.66,0.9,0.1822,8426910.3,250000.0,8176910.3,synthetic spatial flood-hazard scenario; not observed flood data,synthetic vulnerability/depth-damage function,True
NZA-0261,-0.204841,34.978545,informal_iron_sheet,17,6300,1070000.0,10,0.1,NZ-010-0261,high,0.869,0.831,10.37,1.35,0.2892,309462.67,21400.0,288062.67,synthetic spatial flood-hazard scenario; not observed flood data,synthetic vulnerability/depth-damage function,True
NZA-0262,0.336428,34.151892,semi_permanent,36,15500,5580000.0,10,0.1,NZ-010-0262,high,1.053,1.0,11.21,1.0,0.2871,1602266.75,111600.0,1490666.75,synthetic spatial flood-hazard scenario; not observed flood data,synthetic vulnerability/depth-damage function,True
NZA-0263,0.441061,33.936723,permanent_masonry,127,49700,63120000.0,10,0.1,NZ-010-0263,high,0.982,0.794,10.43,0.9,0.2345,14802968.06,250000.0,14552968.06,synthetic spatial flood-hazard scenario; not observed flood data,synthetic vulnerability/depth-damage function,True
NZA-0264,0.582415,34.863063,semi_permanent,69,11000,7590000.0,10,0.1,NZ-010-0264,high,0.961,0.949,11.91,1.0,0.2588,1963976.34,151800.0,1812176.34,synthetic spatial flood-hazard scenario; not observed flood data,synthetic vulnerability/depth-damage function,True
NZA-0265,1.103404,34.031378,permanent_masonry,141,61800,87140000.0,10,0.1,NZ-010-0265,high,0.859,0.988,10.61,0.9,0.2052,17878792.0,250000.0,17628792.0,synthetic spatial flood-hazard scenario; not observed flood data,synthetic vulnerability/depth-damage function,True
NZA-0266,-0.289731,34.413022,permanent_masonry,121,54300,65705000.0,10,0.1,NZ-010-0266,high,0.882,0.989,11.59,0.9,0.2138,14049948.56,250000.0,13799948.56,synthetic spatial flood-hazard scenario; not observed flood data,synthetic vulnerability/depth-damage function,True
NZA-0267,1.20618,34.952274,semi_permanent,34,15500,5270000.0,10,0.1,NZ-010-0267,high,0.84,0.71,9.91,1.0,0.2104,1108743.82,105400.0,1003343.82,synthetic spatial flood-hazard scenario; not observed flood data,synthetic vulnerability/depth-damage function,True
NZA-0268,1.080481,34.541392,permanent_masonry,149,48800,72710000.0,10,0.1,NZ-010-0268,high,1.06,0.968,11.12,0.9,0.2636,19164091.0,250000.0,18914091.0,synthetic spatial flood-hazard scenario; not observed flood data,synthetic vulnerability/depth-damage function,True
NZA-0269,1.265353,35.013313,semi_permanent,52,15800,8215000.0,10,0.1,NZ-010-0269,high,0.62,0.751,7.46,1.0,0.1425,1170736.99,164300.0,1006436.99,synthetic spatial flood-hazard scenario; not observed flood data,synthetic vulnerability/depth-damage function,True
NZA-0270,0.162901,33.9899,concrete_rcc,372,55000,204600000.0,10,0.1,NZ-010-0270,high,1.142,0.854,10.64,0.7,0.2272,46481828.78,250000.0,46231828.78,synthetic spatial flood-hazard scenario; not observed flood data,synthetic vulnerability/depth-damage function,True
NZA-0271,0.91255,35.150675,informal_iron_sheet,11,6300,695000.0,10,0.1,NZ-010-0271,high,0.919,1.018,10.65,1.35,0.3154,219206.17,13900.0,205306.17,synthetic spatial flood-hazard scenario; not observed flood data,synthetic vulnerability/depth-damage function,True
NZA-0272,0.846355,34.649884,informal_iron_sheet,15,7500,1125000.0,10,0.1,NZ-010-0272,high,1.101,1.034,13.06,1.35,0.392,440977.41,22500.0,418477.41,synthetic spatial flood-hazard scenario; not observed flood data,synthetic vulnerability/depth-damage function,True
NZA-0273,0.661502,34.61257,informal_iron_sheet,13,9800,1275000.0,10,0.1,NZ-010-0273,high,0.963,1.054,12.46,1.35,0.3386,431775.86,25500.0,406275.86,synthetic spatial flood-hazard scenario; not observed flood data,synthetic vulnerability/depth-damage function,True
NZA-0274,0.054072,33.889111,permanent_masonry,99,63600,62965000.0,10,0.1,NZ-010-0274,high,0.932,0.909,11.46,0.9,0.2259,14221365.34,250000.0,13971365.34,synthetic spatial flood-hazard scenario; not observed flood data,synthetic vulnerability/depth-damage function,True
NZA-0275,0.627349,34.64853,informal_iron_sheet,28,5900,1650000.0,10,0.1,NZ-010-0275,high,0.744,0.854,11.71,1.35,0.2454,404854.32,33000.0,371854.32,synthetic spatial flood-hazard scenario; not observed flood data,synthetic vulnerability/depth-damage function,True
NZA-0276,0.777207,34.376214,permanent_masonry,125,44600,55750000.0,10,0.1,NZ-010-0276,high,0.944,0.949,11.56,0.9,0.2305,12850027.62,250000.0,12600027.62,synthetic spatial flood-hazard scenario; not observed flood data,synthetic vulnerability/depth-damage function,True
NZA-0277,1.02503,35.248999,informal_iron_sheet,14,9500,1330000.0,10,0.1,NZ-010-0277,high,0.944,0.678,10.19,1.35,0.3113,414037.88,26600.0,387437.88,synthetic spatial flood-hazard scenario; not observed flood data,synthetic vulnerability/depth-damage function,True
NZA-0278,0.628028,33.945231,permanent_masonry,85,58800,49980000.0,10,0.1,NZ-010-0278,high,0.881,0.934,10.31,0.9,0.2095,10471716.9,250000.0,10221716.9,synthetic spatial flood-hazard scenario; not observed flood data,synthetic vulnerability/depth-damage function,True
NZA-0279,0.517021,34.628905,semi_permanent,34,9400,3195000.0,10,0.1,NZ-010-0279,high,1.188,0.948,12.27,1.0,0.3298,1053773.36,63900.0,989873.36,synthetic spatial flood-hazard scenario; not observed flood data,synthetic vulnerability/depth-damage function,True
NZA-0280,1.185841,34.483516,semi_permanent,41,10500,4305000.0,10,0.1,NZ-010-0280,high,0.967,0.967,11.2,1.0,0.2595,1116938.47,86100.0,1030838.47,synthetic spatial flood-hazard scenario; not observed flood data,synthetic vulnerability/depth-damage function,True
NZA-0281,0.439745,35.312734,concrete_rcc,706,66200,467370000.0,10,0.1,NZ-010-0281,high,0.885,0.955,10.19,0.7,0.1683,78641921.3,250000.0,78391921.3,synthetic spatial flood-hazard scenario; not observed flood data,synthetic vulnerability/depth-damage function,True
NZA-0282,0.791292,35.169288,semi_permanent,51,9300,4745000.0,10,0.1,NZ-010-0282,high,0.988,0.77,10.54,1.0,0.2582,1225057.34,94900.0,1130157.34,synthetic spatial flood-hazard scenario; not observed flood data,synthetic vulnerability/depth-damage function,True
NZA-0283,0.923322,34.530605,semi_permanent,27,13400,3620000.0,10,0.1,NZ-010-0283,high,0.909,1.018,11.4,1.0,0.2433,880916.35,72400.0,808516.35,synthetic spatial flood-hazard scenario; not observed flood data,synthetic vulnerability/depth-damage function,True
NZA-0284,0.769539,35.168805,informal_iron_sheet,12,8400,1010000.0,10,0.1,NZ-010-0284,high,0.873,0.899,10.64,1.35,0.294,296921.84,20200.0,276721.84,synthetic spatial flood-hazard scenario; not observed flood data,synthetic vulnerability/depth-damage function,True
NZA-0285,0.574865,34.657637,permanent_masonry,103,35400,36460000.0,10,0.1,NZ-010-0285,high,1.007,0.974,11.89,0.9,0.2502,9123161.66,250000.0,8873161.66,synthetic spatial flood-hazard scenario; not observed flood data,synthetic vulnerability/depth-damage function,True
NZA-0286,0.178493,33.901017,permanent_masonry,59,54900,32390000.0,10,0.1,NZ-010-0286,high,0.81,0.884,10.0,0.9,0.1876,6075968.01,250000.0,5825968.01,synthetic spatial flood-hazard scenario; not observed flood data,synthetic vulnerability/depth-damage function,True
NZA-0287,-0.032237,33.866162,semi_permanent,39,12600,4915000.0,10,0.1,NZ-010-0287,high,0.768,0.734,10.5,1.0,0.1905,936518.35,98300.0,838218.35,synthetic spatial flood-hazard scenario; not observed flood data,synthetic vulnerability/depth-damage function,True
NZA-0288,1.019005,34.386734,permanent_masonry,166,51200,84990000.0,10,0.1,NZ-010-0288,high,0.915,0.943,11.38,0.9,0.2216,18837658.66,250000.0,18587658.66,synthetic spatial flood-hazard scenario; not observed flood data,synthetic vulnerability/depth-damage function,True
NZA-0289,0.87648,35.270379,semi_permanent,45,11400,5130000.0,10,0.1,NZ-010-0289,high,0.815,0.822,9.77,1.0,0.2055,1054378.55,102600.0,951778.55,synthetic spatial flood-hazard scenario; not observed flood data,synthetic vulnerability/depth-damage function,True
NZA-0290,0.727901,34.986233,informal_iron_sheet,14,6400,895000.0,10,0.1,NZ-010-0290,high,0.917,0.849,10.01,1.35,0.3068,274589.07,17900.0,256689.07,synthetic spatial flood-hazard scenario; not observed flood data,synthetic vulnerability/depth-damage function,True
NZA-0291,1.182063,35.231795,concrete_rcc,329,67200,221090000.0,10,0.1,NZ-010-0291,high,0.908,0.84,10.01,0.7,0.171,37801750.38,250000.0,37551750.38,synthetic spatial flood-hazard scenario; not observed flood data,synthetic vulnerability/depth-damage function,True
NZA-0292,0.95596,35.318004,informal_iron_sheet,14,9400,1315000.0,10,0.1,NZ-010-0292,moderate,0.63,0.638,7.82,1.35,0.1887,248179.53,26300.0,221879.53,synthetic spatial flood-hazard scenario; not observed flood data,synthetic vulnerability/depth-damage function,True
NZA-0293,1.153901,34.966821,permanent_masonry,58,36800,21345000.0,10,0.1,NZ-010-0293,high,0.715,0.788,8.03,0.9,0.1561,3331365.93,250000.0,3081365.93,synthetic spatial flood-hazard scenario; not observed flood data,synthetic vulnerability/depth-damage function,True
NZA-0294,0.965489,34.374677,concrete_rcc,274,51700,141660000.0,10,0.1,NZ-010-0294,high,0.937,0.912,9.76,0.7,0.1788,25334991.96,250000.0,25084991.96,synthetic spatial flood-hazard scenario; not observed flood data,synthetic vulnerability/depth-damage function,True
NZA-0295,0.368369,34.148271,concrete_rcc,576,67000,385920000.0,10,0.1,NZ-010-0295,high,0.988,0.861,11.95,0.7,0.1934,74651362.84,250000.0,74401362.84,synthetic spatial flood-hazard scenario; not observed flood data,synthetic vulnerability/depth-damage function,True
NZA-0296,0.834715,35.024396,semi_permanent,46,9400,4325000.0,10,0.1,NZ-010-0296,high,0.848,0.758,10.9,1.0,0.2162,935249.86,86500.0,848749.86,synthetic spatial flood-hazard scenario; not observed flood data,synthetic vulnerability/depth-damage function,True
NZA-0297,0.910832,35.060717,informal_iron_sheet,17,5100,865000.0,10,0.1,NZ-010-0297,high,0.786,0.726,9.39,1.35,0.2522,218111.29,17300.0,200811.29,synthetic spatial flood-hazard scenario; not observed flood data,synthetic vulnerability/depth-damage function,True
NZA-0298,0.35965,35.324168,informal_iron_sheet,23,5300,1220000.0,10,0.1,NZ-010-0298,high,0.709,0.921,8.23,1.35,0.2265,276270.89,24400.0,251870.89,synthetic spatial flood-hazard scenario; not observed flood data,synthetic vulnerability/depth-damage function,True
NZA-0299,0.153178,34.779217,semi_permanent,27,8800,2375000.0,10,0.1,NZ-010-0299,high,1.0,0.941,11.29,1.0,0.2691,639047.13,47500.0,591547.13,synthetic spatial flood-hazard scenario; not observed flood data,synthetic vulnerability/depth-damage function,True
NZA-0300,0.458554,35.18356,semi_permanent,24,15000,3600000.0,10,0.1,NZ-010-0300,high,1.046,0.949,10.9,1.0,0.2826,1017317.32,72000.0,945317.32,synthetic spatial flood-hazard scenario; not observed flood data,synthetic vulnerability/depth-damage function,True
NZA-0301,-0.162183,34.160557,permanent_masonry,128,62300,79745000.0,10,0.1,NZ-010-0301,high,0.794,0.853,9.58,0.9,0.1816,14483762.91,250000.0,14233762.91,synthetic spatial flood-hazard scenario; not observed flood data,synthetic vulnerability/depth-damage function,True
NZA-0302,0.308398,34.177234,semi_permanent,51,15100,7700000.0,10,0.1,NZ-010-0302,high,1.016,0.777,10.69,1.0,0.2673,2058288.39,154000.0,1904288.39,synthetic spatial flood-hazard scenario; not observed flood data,synthetic vulnerability/depth-damage function,True
NZA-0303,0.949621,34.475347,informal_iron_sheet,14,6400,895000.0,10,0.1,NZ-010-0303,high,0.842,0.804,12.14,1.35,0.2827,253050.34,17900.0,235150.34,synthetic spatial flood-hazard scenario; not observed flood data,synthetic vulnerability/depth-damage function,True
NZA-0304,0.668158,33.957035,concrete_rcc,403,63900,257515000.0,10,0.1,NZ-010-0304,high,0.835,0.943,10.6,0.7,0.1571,40461758.69,250000.0,40211758.69,synthetic spatial flood-hazard scenario; not observed flood data,synthetic vulnerability/depth-damage function,True
NZA-0305,0.980948,35.148597,informal_iron_sheet,13,5600,730000.0,10,0.1,NZ-010-0305,moderate,0.551,0.739,8.89,1.35,0.164,119733.24,14600.0,105133.24,synthetic spatial flood-hazard scenario; not observed flood data,synthetic vulnerability/depth-damage function,True
NZA-0306,0.332437,35.079992,permanent_masonry,92,37300,34315000.0,10,0.1,NZ-010-0306,high,0.941,0.938,11.78,0.9,0.2299,7888249.71,250000.0,7638249.71,synthetic spatial flood-hazard scenario; not observed flood data,synthetic vulnerability/depth-damage function,True
NZA-0307,1.250294,35.241248,concrete_rcc,389,79400,308865000.0,10,0.1,NZ-010-0307,high,0.877,0.902,9.09,0.7,0.1636,50531637.41,250000.0,50281637.41,synthetic spatial flood-hazard scenario; not observed flood data,synthetic vulnerability/depth-damage function,True
NZA-0308,0.694308,33.996537,permanent_masonry,198,62200,123155000.0,10,0.1,NZ-010-0308,high,0.878,0.822,10.87,0.9,0.207,25490628.05,250000.0,25240628.05,synthetic spatial flood-hazard scenario; not observed flood data,synthetic vulnerability/depth-damage function,True
NZA-0309,1.00907,34.814645,semi_permanent,65,11300,7345000.0,10,0.1,NZ-010-0309,high,0.778,0.789,11.18,1.0,0.1962,1440845.76,146900.0,1293945.76,synthetic spatial flood-hazard scenario; not observed flood data,synthetic vulnerability/depth-damage function,True
NZA-0310,-0.138074,33.746357,informal_iron_sheet,16,7700,1230000.0,10,0.1,NZ-010-0310,high,0.705,0.863,10.92,1.35,0.2291,281744.29,24600.0,257144.29,synthetic spatial flood-hazard scenario; not observed flood data,synthetic vulnerability/depth-damage function,True
NZA-0311,0.156966,33.874016,semi_permanent,44,8600,3785000.0,10,0.1,NZ-010-0311,moderate,0.858,0.665,9.15,1.0,0.2131,806459.95,75700.0,730759.95,synthetic spatial flood-hazard scenario; not observed flood data,synthetic vulnerability/depth-damage function,True
NZA-0312,-0.216944,34.610915,informal_iron_sheet,15,6000,900000.0,10,0.1,NZ-010-0312,high,0.781,0.745,9.67,1.35,0.2516,226422.39,18000.0,208422.39,synthetic spatial flood-hazard scenario; not observed flood data,synthetic vulnerability/depth-damage function,True
NZA-0313,-0.264664,34.910856,permanent_masonry,101,52500,53025000.0,10,0.1,NZ-010-0313,high,0.853,0.9,9.16,0.9,0.1986,10530005.59,250000.0,10280005.59,synthetic spatial flood-hazard scenario; not observed flood data,synthetic vulnerability/depth-damage function,True
NZA-0314,0.039246,34.809932,permanent_masonry,93,51900,48265000.0,10,0.1,NZ-010-0314,high,0.961,1.004,9.81,0.9,0.2332,11255957.69,250000.0,11005957.69,synthetic spatial flood-hazard scenario; not observed flood data,synthetic vulnerability/depth-damage function,True
NZA-0315,1.124506,33.892295,permanent_masonry,59,63800,37640000.0,10,0.1,NZ-010-0315,high,0.834,0.787,10.28,0.9,0.1926,7248094.75,250000.0,6998094.75,synthetic spatial flood-hazard scenario; not observed flood data,synthetic vulnerability/depth-damage function,True
NZA-0316,0.345467,34.256804,informal_iron_sheet,16,5800,930000.0,10,0.1,NZ-010-0316,high,0.999,0.901,10.97,1.35,0.3423,318342.3,18600.0,299742.3,synthetic spatial flood-hazard scenario; not observed flood data,synthetic vulnerability/depth-damage function,True
NZA-0317,-0.19775,34.547148,semi_permanent,41,13200,5410000.0,10,0.1,NZ-010-0317,high,1.015,1.057,11.53,1.0,0.2783,1505362.33,108200.0,1397162.33,synthetic spatial flood-hazard scenario; not observed flood data,synthetic vulnerability/depth-damage function,True
NZA-0318,-0.180077,33.715615,informal_iron_sheet,15,6400,960000.0,10,0.1,NZ-010-0318,high,0.808,0.782,8.6,1.35,0.2603,249842.25,19200.0,230642.25,synthetic spatial flood-hazard scenario; not observed flood data,synthetic vulnerability/depth-damage function,True
NZA-0319,0.742574,34.693275,informal_iron_sheet,12,6800,815000.0,10,0.1,NZ-010-0319,high,0.923,0.867,10.79,1.35,0.3122,254435.27,16300.0,238135.27,synthetic spatial flood-hazard scenario; not observed flood data,synthetic vulnerability/depth-damage function,True
NZA-0320,0.767671,34.547825,semi_permanent,25,14800,3700000.0,10,0.1,NZ-010-0320,high,0.967,0.902,10.41,1.0,0.2556,945691.83,74000.0,871691.83,synthetic spatial flood-hazard scenario; not observed flood data,synthetic vulnerability/depth-damage function,True
NZA-0321,0.276305,34.64447,concrete_rcc,186,66900,124435000.0,10,0.1,NZ-010-0321,high,0.944,1.157,10.89,0.7,0.1881,23408417.73,250000.0,23158417.73,synthetic spatial flood-hazard scenario; not observed flood data,synthetic vulnerability/depth-damage function,True
NZA-0322,1.25903,35.393372,permanent_masonry,47,39100,18375000.0,10,0.1,NZ-010-0322,moderate,0.668,0.641,7.6,0.9,0.14,2572160.13,250000.0,2322160.13,synthetic spatial flood-hazard scenario; not observed flood data,synthetic vulnerability/depth-damage function,True
NZA-0323,-0.296545,34.470554,informal_iron_sheet,23,8500,1955000.0,10,0.1,NZ-010-0323,high,0.663,0.838,9.37,1.35,0.2093,409143.54,39100.0,370043.54,synthetic spatial flood-hazard scenario; not observed flood data,synthetic vulnerability/depth-damage function,True
NZA-0324,0.033137,35.342208,semi_permanent,45,9800,4410000.0,10,0.1,NZ-010-0324,high,0.971,0.839,8.24,1.0,0.2498,1101706.03,88200.0,1013506.03,synthetic spatial flood-hazard scenario; not observed flood data,synthetic vulnerability/depth-damage function,True
NZA-0325,0.594286,34.69312,semi_permanent,35,10100,3535000.0,10,0.1,NZ-010-0325,high,0.983,1.082,10.72,1.0,0.267,943826.32,70700.0,873126.32,synthetic spatial flood-hazard scenario; not observed flood data,synthetic vulnerability/depth-damage function,True
NZA-0326,0.115034,34.472817,permanent_masonry,68,44300,30125000.0,10,0.1,NZ-010-0326,high,1.012,0.897,12.65,0.9,0.251,7562165.45,250000.0,7312165.45,synthetic spatial flood-hazard scenario; not observed flood data,synthetic vulnerability/depth-damage function,True
NZA-0327,1.001417,34.038693,concrete_rcc,995,72800,724360000.0,10,0.1,NZ-010-0327,high,0.768,0.791,9.26,0.7,0.1369,99178646.52,250000.0,98928646.52,synthetic spatial flood-hazard scenario; not observed flood data,synthetic vulnerability/depth-damage function,True
NZA-0328,-0.104347,35.09238,semi_permanent,45,10900,4905000.0,10,0.1,NZ-010-0328,high,0.879,0.539,10.95,1.0,0.2195,1076887.82,98100.0,978787.82,synthetic spatial flood-hazard scenario; not observed flood data,synthetic vulnerability/depth-damage function,True
NZA-0329,0.295155,34.238132,concrete_rcc,288,64000,184320000.0,10,0.1,NZ-010-0329,high,1.004,0.923,11.81,0.7,0.1985,36580960.87,250000.0,36330960.87,synthetic spatial flood-hazard scenario; not observed flood data,synthetic vulnerability/depth-damage function,True
NZA-0330,0.78048,34.173979,semi_permanent,47,15700,7380000.0,10,0.1,NZ-010-0330,high,0.981,0.956,11.7,1.0,0.2648,1954490.65,147600.0,1806890.65,synthetic spatial flood-hazard scenario; not observed flood data,synthetic vulnerability/depth-damage function,True
NZA-0331,-0.109391,34.341276,concrete_rcc,910,60100,546910000.0,10,0.1,NZ-010-0331,high,0.917,1.01,10.1,0.7,0.177,96790852.54,250000.0,96540852.54,synthetic spatial flood-hazard scenario; not observed flood data,synthetic vulnerability/depth-damage function,True
NZA-0332,0.048393,34.565011,informal_iron_sheet,24,9700,2330000.0,10,0.1,NZ-010-0332,high,0.955,0.98,11.16,1.35,0.3292,767150.89,46600.0,720550.89,synthetic spatial flood-hazard scenario; not observed flood data,synthetic vulnerability/depth-damage function,True
NZA-0333,0.25734,34.321241,informal_iron_sheet,16,5500,880000.0,10,0.1,NZ-010-0333,high,1.016,1.037,10.72,1.35,0.353,310674.44,17600.0,293074.44,synthetic spatial flood-hazard scenario; not observed flood data,synthetic vulnerability/depth-damage function,True
NZA-0334,0.69927,35.031547,permanent_masonry,106,58300,61800000.0,10,0.1,NZ-010-0334,high,1.045,1.14,12.83,0.9,0.2687,16605627.53,250000.0,16355627.53,synthetic spatial flood-hazard scenario; not observed flood data,synthetic vulnerability/depth-damage function,True
NZA-0335,0.481944,34.066823,concrete_rcc,585,78200,457470000.0,10,0.1,NZ-010-0335,high,0.904,1.005,10.98,0.7,0.1753,80176534.42,250000.0,79926534.42,synthetic spatial flood-hazard scenario; not observed flood data,synthetic vulnerability/depth-damage function,True
NZA-0336,1.241742,34.091352,permanent_masonry,64,56000,35840000.0,10,0.1,NZ-010-0336,high,0.834,0.898,9.3,0.9,0.1935,6935165.94,250000.0,6685165.94,synthetic spatial flood-hazard scenario; not observed flood data,synthetic vulnerability/depth-damage function,True
NZA-0337,1.198726,34.755269,informal_iron_sheet,19,5900,1120000.0,10,0.1,NZ-010-0337,high,1.01,1.008,11.56,1.35,0.3524,394670.01,22400.0,372270.01,synthetic spatial flood-hazard scenario; not observed flood data,synthetic vulnerability/depth-damage function,True
NZA-0338,0.446663,33.736635,semi_permanent,63,8900,5605000.0,10,0.1,NZ-010-0338,high,1.061,0.997,9.51,1.0,0.2854,1599686.77,112100.0,1487586.77,synthetic spatial flood-hazard scenario; not observed flood data,synthetic vulnerability/depth-damage function,True
NZA-0339,0.024772,34.30548,permanent_masonry,106,47000,49820000.0,10,0.1,NZ-010-0339,high,0.864,1.045,13.0,0.9,0.2127,10596613.74,250000.0,10346613.74,synthetic spatial flood-hazard scenario; not observed flood data,synthetic vulnerability/depth-damage function,True
NZA-0340,0.171572,35.11162,permanent_masonry,106,43500,46110000.0,10,0.1,NZ-010-0340,high,0.88,0.735,9.78,0.9,0.2031,9365900.6,250000.0,9115900.6,synthetic spatial flood-hazard scenario; not observed flood data,synthetic vulnerability/depth-damage function,True
NZA-0341,0.795236,35.292739,semi_permanent,70,9600,6720000.0,10,0.1,NZ-010-0341,high,0.851,0.988,10.61,1.0,0.2227,1496677.75,134400.0,1362277.75,synthetic spatial flood-hazard scenario; not observed flood data,synthetic vulnerability/depth-damage function,True
NZA-0342,-0.126004,34.84036,informal_iron_sheet,13,8000,1040000.0,10,0.1,NZ-010-0342,high,0.922,0.856,11.82,1.35,0.3139,326466.36,20800.0,305666.36,synthetic spatial flood-hazard scenario; not observed flood data,synthetic vulnerability/depth-damage function,True
NZA-0343,-0.199741,34.026399,concrete_rcc,343,71500,245245000.0,10,0.1,NZ-010-0343,high,0.946,0.946,11.82,0.7,0.1854,45471274.44,250000.0,45221274.44,synthetic spatial flood-hazard scenario; not observed flood data,synthetic vulnerability/depth-damage function,True
NZA-0344,0.111087,34.308282,concrete_rcc,492,69000,339480000.0,10,0.1,NZ-010-0344,high,1.079,0.963,11.95,0.7,0.2179,73969266.9,250000.0,73719266.9,synthetic spatial flood-hazard scenario; not observed flood data,synthetic vulnerability/depth-damage function,True
NZA-0345,0.624731,34.421918,semi_permanent,43,15700,6750000.0,10,0.1,NZ-010-0345,high,1.008,0.874,11.86,1.0,0.271,1829075.14,135000.0,1694075.14,synthetic spatial flood-hazard scenario; not observed flood data,synthetic vulnerability/depth-damage function,True
NZA-0346,1.240717,35.148812,semi_permanent,35,12100,4235000.0,10,0.1,NZ-010-0346,high,0.654,0.852,8.4,1.0,0.1557,659225.41,84700.0,574525.41,synthetic spatial flood-hazard scenario; not observed flood data,synthetic vulnerability/depth-damage function,True
NZA-0347,0.230103,34.12453,informal_iron_sheet,10,5600,560000.0,10,0.1,NZ-010-0347,high,0.819,1.048,10.12,1.35,0.2767,154976.24,11200.0,143776.24,synthetic spatial flood-hazard scenario; not observed flood data,synthetic vulnerability/depth-damage function,True
NZA-0348,-0.158487,34.968485,semi_permanent,41,12100,4960000.0,10,0.1,NZ-010-0348,high,0.757,0.771,9.75,1.0,0.1867,926043.84,99200.0,826843.84,synthetic spatial flood-hazard scenario; not observed flood data,synthetic vulnerability/depth-damage function,True
NZA-0349,0.964796,34.438534,permanent_masonry,148,40200,59495000.0,10,0.1,NZ-010-0349,high,0.909,0.861,10.47,0.9,0.216,12848214.1,250000.0,12598214.1,synthetic spatial flood-hazard scenario; not observed flood data,synthetic vulnerability/depth-damage function,True
NZA-0350,1.0998,34.915436,permanent_masonry,143,43800,62635000.0,10,0.1,NZ-010-0350,high,0.91,0.713,9.71,0.9,0.2108,13201541.9,250000.0,12951541.9,synthetic spatial flood-hazard scenario; not observed flood data,synthetic vulnerability/depth-damage function,True
NZA-0351,0.273103,34.838045,concrete_rcc,364,66900,243515000.0,10,0.1,NZ-010-0351,high,1.019,0.971,11.25,0.7,0.2023,49263704.09,250000.0,49013704.09,synthetic spatial flood-hazard scenario; not observed flood data,synthetic vulnerability/depth-damage function,True
NZA-0352,0.508895,35.217335,informal_iron_sheet,8,9200,735000.0,10,0.1,NZ-010-0352,high,0.8,1.059,11.69,1.35,0.2734,200972.75,14700.0,186272.75,synthetic spatial flood-hazard scenario; not observed flood data,synthetic vulnerability/depth-damage function,True
NZA-0353,0.796888,34.850966,semi_permanent,49,15800,7740000.0,10,0.1,NZ-010-0353,high,0.892,0.869,9.36,1.0,0.2293,1775060.58,154800.0,1620260.58,synthetic spatial flood-hazard scenario; not observed flood data,synthetic vulnerability/depth-damage function,True
NZA-0354,0.787981,34.126489,semi_permanent,57,13100,7465000.0,10,0.1,NZ-010-0354,high,1.006,1.021,12.56,1.0,0.2767,2065549.2,149300.0,1916249.2,synthetic spatial flood-hazard scenario; not observed flood data,synthetic vulnerability/depth-damage function,True
NZA-0355,0.864138,34.433399,informal_iron_sheet,16,9700,1550000.0,10,0.1,NZ-010-0355,high,0.801,0.784,9.92,1.35,0.2609,404471.17,31000.0,373471.17,synthetic spatial flood-hazard scenario; not observed flood data,synthetic vulnerability/depth-damage function,True
NZA-0356,0.75526,34.406184,informal_iron_sheet,15,7400,1110000.0,10,0.1,NZ-010-0356,high,0.831,0.765,10.25,1.35,0.2725,302474.01,22200.0,280274.01,synthetic spatial flood-hazard scenario; not observed flood data,synthetic vulnerability/depth-damage function,True
NZA-0357,-0.274891,34.000098,semi_permanent,22,14100,3100000.0,10,0.1,NZ-010-0357,high,0.864,0.851,9.63,1.0,0.221,684978.33,62000.0,622978.33,synthetic spatial flood-hazard scenario; not observed flood data,synthetic vulnerability/depth-damage function,True
NZA-0358,0.257418,35.240719,informal_iron_sheet,13,8600,1120000.0,10,0.1,NZ-010-0358,high,0.885,0.921,10.87,1.35,0.2998,335807.64,22400.0,313407.64,synthetic spatial flood-hazard scenario; not observed flood data,synthetic vulnerability/depth-damage function,True
NZA-0359,-0.179782,34.04073,informal_iron_sheet,19,7900,1500000.0,10,0.1,NZ-010-0359,high,0.762,0.904,10.05,1.35,0.25,375030.27,30000.0,345030.27,synthetic spatial flood-hazard scenario; not observed flood data,synthetic vulnerability/depth-damage function,True
NZA-0360,-0.211896,34.215362,semi_permanent,46,14700,6760000.0,10,0.1,NZ-010-0360,high,0.936,0.721,10.05,1.0,0.2399,1621435.85,135200.0,1486235.85,synthetic spatial flood-hazard scenario; not observed flood data,synthetic vulnerability/depth-damage function,True
NZA-0361,0.136668,35.356317,semi_permanent,33,8900,2935000.0,10,0.1,NZ-010-0361,high,0.86,0.784,10.03,1.0,0.2187,641992.58,58700.0,583292.58,synthetic spatial flood-hazard scenario; not observed flood data,synthetic vulnerability/depth-damage function,True
NZA-0362,0.993362,34.81099,semi_permanent,32,10900,3490000.0,10,0.1,NZ-010-0362,high,0.957,0.904,10.11,1.0,0.252,879475.78,69800.0,809675.78,synthetic spatial flood-hazard scenario; not observed flood data,synthetic vulnerability/depth-damage function,True
NZA-0363,0.093722,35.125256,informal_iron_sheet,17,7400,1260000.0,10,0.1,NZ-010-0363,high,0.844,0.802,11.01,1.35,0.2804,353328.72,25200.0,328128.72,synthetic spatial flood-hazard scenario; not observed flood data,synthetic vulnerability/depth-damage function,True
NZA-0364,0.481802,33.718245,semi_permanent,38,14000,5320000.0,10,0.1,NZ-010-0364,high,0.877,0.706,11.11,1.0,0.224,1191536.26,106400.0,1085136.26,synthetic spatial flood-hazard scenario; not observed flood data,synthetic vulnerability/depth-damage function,True
NZA-0365,0.803341,34.813402,semi_permanent,48,14800,7105000.0,10,0.1,NZ-010-0365,high,0.953,0.967,11.46,1.0,0.2557,1816414.34,142100.0,1674314.34,synthetic spatial flood-hazard scenario; not observed flood data,synthetic vulnerability/depth-damage function,True
NZA-0366,0.435186,34.383184,permanent_masonry,67,36500,24455000.0,10,0.1,NZ-010-0366,high,1.063,0.911,12.22,0.9,0.2653,6487860.31,250000.0,6237860.31,synthetic spatial flood-hazard scenario; not observed flood data,synthetic vulnerability/depth-damage function,True
NZA-0367,0.79895,35.329582,informal_iron_sheet,14,7900,1105000.0,10,0.1,NZ-010-0367,high,0.802,0.842,8.05,1.35,0.2587,285880.78,22100.0,263780.78,synthetic spatial flood-hazard scenario; not observed flood data,synthetic vulnerability/depth-damage function,True
NZA-0368,1.140014,35.187459,concrete_rcc,505,56000,282800000.0,10,0.1,NZ-010-0368,high,0.823,0.688,11.39,0.7,0.1503,42518343.0,250000.0,42268343.0,synthetic spatial flood-hazard scenario; not observed flood data,synthetic vulnerability/depth-damage function,True
NZA-0369,1.153627,34.759466,semi_permanent,39,13300,5185000.0,10,0.1,NZ-010-0369,high,0.732,0.935,10.67,1.0,0.1848,958302.2,103700.0,854602.2,synthetic spatial flood-hazard scenario; not observed flood data,synthetic vulnerability/depth-damage function,True
NZA-0370,0.134927,35.299035,permanent_masonry,115,47500,54625000.0,10,0.1,NZ-010-0370,high,0.832,0.899,9.49,0.9,0.1933,10561334.27,250000.0,10311334.27,synthetic spatial flood-hazard scenario; not observed flood data,synthetic vulnerability/depth-damage function,True
NZA-0371,0.41675,34.966914,permanent_masonry,63,52400,33010000.0,10,0.1,NZ-010-0371,high,0.981,0.935,9.87,0.9,0.2371,7827072.43,250000.0,7577072.43,synthetic spatial flood-hazard scenario; not observed flood data,synthetic vulnerability/depth-damage function,True
NZA-0372,0.188227,33.875189,informal_iron_sheet,15,6200,930000.0,10,0.1,NZ-010-0372,high,0.842,0.802,9.04,1.35,0.2748,255605.95,18600.0,237005.95,synthetic spatial flood-hazard scenario; not observed flood data,synthetic vulnerability/depth-damage function,True
NZA-0373,1.002419,34.710645,concrete_rcc,282,54300,153125000.0,10,0.1,NZ-010-0373,high,0.997,0.991,11.75,0.7,0.1983,30368985.43,250000.0,30118985.43,synthetic spatial flood-hazard scenario; not observed flood data,synthetic vulnerability/depth-damage function,True
NZA-0374,0.148013,35.314808,semi_permanent,30,13100,3930000.0,10,0.1,NZ-010-0374,high,0.875,0.848,10.96,1.0,0.2271,892681.17,78600.0,814081.17,synthetic spatial flood-hazard scenario; not observed flood data,synthetic vulnerability/depth-damage function,True
NZA-0375,0.328548,33.936989,informal_iron_sheet,20,5500,1100000.0,10,0.1,NZ-010-0375,high,0.803,0.837,10.62,1.35,0.2652,291685.78,22000.0,269685.78,synthetic spatial flood-hazard scenario; not observed flood data,synthetic vulnerability/depth-damage function,True
NZA-0376,-0.061283,34.733168,informal_iron_sheet,11,8100,890000.0,10,0.1,NZ-010-0376,high,0.8,0.748,10.51,1.35,0.2609,232244.97,17800.0,214444.97,synthetic spatial flood-hazard scenario; not observed flood data,synthetic vulnerability/depth-damage function,True
NZA-0377,0.008762,33.820651,concrete_rcc,578,73700,425985000.0,10,0.1,NZ-010-0377,high,0.741,0.756,8.72,0.7,0.1296,55222874.81,250000.0,54972874.81,synthetic spatial flood-hazard scenario; not observed flood data,synthetic vulnerability/depth-damage function,True
NZA-0378,0.616033,34.419873,semi_permanent,38,10300,3915000.0,10,0.1,NZ-010-0378,high,1.084,1.012,11.19,1.0,0.2973,1163769.01,78300.0,1085469.01,synthetic spatial flood-hazard scenario; not observed flood data,synthetic vulnerability/depth-damage function,True
NZA-0379,-0.247038,34.960714,semi_permanent,61,9400,5735000.0,10,0.1,NZ-010-0379,high,0.905,0.913,10.68,1.0,0.2375,1362297.87,114700.0,1247597.87,synthetic spatial flood-hazard scenario; not observed flood data,synthetic vulnerability/depth-damage function,True
NZA-0380,1.028664,34.440164,permanent_masonry,140,59300,83020000.0,10,0.1,NZ-010-0380,high,0.945,0.947,12.53,0.9,0.2329,19336692.96,250000.0,19086692.96,synthetic spatial flood-hazard scenario; not observed flood data,synthetic vulnerability/depth-damage function,True
NZA-0381,0.03298,35.311184,informal_iron_sheet,23,5000,1150000.0,10,0.1,NZ-010-0381,high,0.813,0.693,10.63,1.35,0.2644,304041.6,23000.0,281041.6,synthetic spatial flood-hazard scenario; not observed flood data,synthetic vulnerability/depth-damage function,True
NZA-0382,0.134439,34.249404,permanent_masonry,89,39800,35420000.0,10,0.1,NZ-010-0382,high,1.061,1.032,11.49,0.9,0.2668,9449036.4,250000.0,9199036.4,synthetic spatial flood-hazard scenario; not observed flood data,synthetic vulnerability/depth-damage function,True
NZA-0383,-0.276326,35.077981,concrete_rcc,468,79500,372060000.0,10,0.1,NZ-010-0383,moderate,0.746,0.578,8.39,0.7,0.1271,47286954.77,250000.0,47036954.77,synthetic spatial flood-hazard scenario; not observed flood data,synthetic vulnerability/depth-damage function,True
NZA-0384,1.276649,33.751257,permanent_masonry,102,57600,58750000.0,10,0.1,NZ-010-0384,moderate,0.819,0.743,9.48,0.9,0.1857,10911744.34,250000.0,10661744.34,synthetic spatial flood-hazard scenario; not observed flood data,synthetic vulnerability/depth-damage function,True
NZA-0385,1.255817,34.341503,informal_iron_sheet,18,8400,1510000.0,10,0.1,NZ-010-0385,high,0.858,0.827,11.37,1.35,0.2874,434007.54,30200.0,403807.54,synthetic spatial flood-hazard scenario; not observed flood data,synthetic vulnerability/depth-damage function,True
NZA-0386,0.877986,35.214762,semi_permanent,42,15600,6550000.0,10,0.1,NZ-010-0386,high,0.808,0.965,8.84,1.0,0.2054,1345211.4,131000.0,1214211.4,synthetic spatial flood-hazard scenario; not observed flood data,synthetic vulnerability/depth-damage function,True
NZA-0387,0.846554,34.91434,informal_iron_sheet,14,8300,1160000.0,10,0.1,NZ-010-0387,high,1.128,0.958,11.81,1.35,0.3945,457612.92,23200.0,434412.92,synthetic spatial flood-hazard scenario; not observed flood data,synthetic vulnerability/depth-damage function,True
NZA-0388,-0.293337,35.001587,informal_iron_sheet,18,5700,1025000.0,10,0.1,NZ-010-0388,high,0.863,0.694,11.64,1.35,0.2857,292873.43,20500.0,272373.43,synthetic spatial flood-hazard scenario; not observed flood data,synthetic vulnerability/depth-damage function,True
NZA-0389,0.404294,34.409473,semi_permanent,52,14400,7490000.0,10,0.1,NZ-010-0389,high,0.894,0.913,11.68,1.0,0.2362,1768948.29,149800.0,1619148.29,synthetic spatial flood-hazard scenario; not observed flood data,synthetic vulnerability/depth-damage function,True
NZA-0390,0.033382,34.710524,informal_iron_sheet,18,5400,970000.0,10,0.1,NZ-010-0390,high,1.02,0.955,13.64,1.35,0.3602,349434.06,19400.0,330034.06,synthetic spatial flood-hazard scenario; not observed flood data,synthetic vulnerability/depth-damage function,True
NZA-0391,0.780842,34.847427,semi_permanent,30,13700,4110000.0,10,0.1,NZ-010-0391,high,0.949,0.903,11.81,1.0,0.2532,1040836.71,82200.0,958636.71,synthetic spatial flood-hazard scenario; not observed flood data,synthetic vulnerability/depth-damage function,True
NZA-0392,0.945937,34.461041,informal_iron_sheet,13,8400,1090000.0,10,0.1,NZ-010-0392,high,1.105,0.97,11.6,1.35,0.386,420766.62,21800.0,398966.62,synthetic spatial flood-hazard scenario; not observed flood data,synthetic vulnerability/depth-damage function,True
NZA-0393,0.42372,34.738458,permanent_masonry,96,40100,38495000.0,10,0.1,NZ-010-0393,high,0.987,0.986,12.16,0.9,0.2454,9447247.67,250000.0,9197247.67,synthetic spatial flood-hazard scenario; not observed flood data,synthetic vulnerability/depth-damage function,True
NZA-0394,0.348756,34.631277,semi_permanent,39,14100,5500000.0,10,0.1,NZ-010-0394,high,1.052,0.871,11.3,1.0,0.2829,1556220.14,110000.0,1446220.14,synthetic spatial flood-hazard scenario; not observed flood data,synthetic vulnerability/depth-damage function,True
NZA-0395,0.585248,34.36428,permanent_masonry,143,49800,71215000.0,10,0.1,NZ-010-0395,high,1.113,1.034,13.11,0.9,0.2857,20348685.91,250000.0,20098685.91,synthetic spatial flood-hazard scenario; not observed flood data,synthetic vulnerability/depth-damage function,True
NZA-0396,-0.074978,34.587112,informal_iron_sheet,9,9100,820000.0,10,0.1,NZ-010-0396,high,1.014,0.909,11.01,1.35,0.3483,285630.42,16400.0,269230.42,synthetic spatial flood-hazard scenario; not observed flood data,synthetic vulnerability/depth-damage function,True
NZA-0397,-0.22939,34.641788,informal_iron_sheet,18,9900,1780000.0,10,0.1,NZ-010-0397,high,0.885,0.747,9.12,1.35,0.2893,514888.81,35600.0,479288.81,synthetic spatial flood-hazard scenario; not observed flood data,synthetic vulnerability/depth-damage function,True
NZA-0398,0.650527,34.741207,informal_iron_sheet,16,9900,1585000.0,10,0.1,NZ-010-0398,high,1.15,1.069,12.15,1.35,0.4084,647393.08,31700.0,615693.08,synthetic spatial flood-hazard scenario; not observed flood data,synthetic vulnerability/depth-damage function,True
NZA-0399,0.885129,34.939104,semi_permanent,63,15100,9515000.0,10,0.1,NZ-010-0399,high,0.757,0.869,10.12,1.0,0.1898,1806307.34,190300.0,1616007.34,synthetic spatial flood-hazard scenario; not observed flood data,synthetic vulnerability/depth-damage function,True
NZA-0400,0.569339,34.882715,permanent_masonry,123,45800,56335000.0,10,0.1,NZ-010-0400,high,0.972,0.725,10.39,0.9,0.2298,12944594.03,250000.0,12694594.03,synthetic spatial flood-hazard scenario; not observed flood data,synthetic vulnerability/depth-damage function,True
NZA-0401,0.692191,35.232247,informal_iron_sheet,12,5600,670000.0,10,0.1,NZ-010-0401,high,0.94,0.841,10.91,1.35,0.3178,212912.47,13400.0,199512.47,synthetic spatial flood-hazard scenario; not observed flood data,synthetic vulnerability/depth-damage function,True
NZA-0402,0.084278,35.342177,permanent_masonry,135,58200,78570000.0,10,0.1,NZ-010-0402,high,0.811,0.885,8.81,0.9,0.1857,14591645.71,250000.0,14341645.71,synthetic spatial flood-hazard scenario; not observed flood data,synthetic vulnerability/depth-damage function,True
NZA-0403,0.719236,33.715352,concrete_rcc,338,63900,215980000.0,10,0.1,NZ-010-0403,high,0.898,0.783,9.15,0.7,0.166,35856171.54,250000.0,35606171.54,synthetic spatial flood-hazard scenario; not observed flood data,synthetic vulnerability/depth-damage function,True
NZA-0404,-0.068859,34.897573,semi_permanent,21,13500,2835000.0,10,0.1,NZ-010-0404,high,0.982,0.993,11.38,1.0,0.2654,752528.25,56700.0,695828.25,synthetic spatial flood-hazard scenario; not observed flood data,synthetic vulnerability/depth-damage function,True
NZA-0405,-0.249223,35.147287,permanent_masonry,121,52100,63040000.0,10,0.1,NZ-010-0405,high,0.8,0.637,9.26,0.9,0.1776,11198321.69,250000.0,10948321.69,synthetic spatial flood-hazard scenario; not observed flood data,synthetic vulnerability/depth-damage function,True
NZA-0406,0.144545,34.672172,informal_iron_sheet,14,9700,1360000.0,10,0.1,NZ-010-0406,high,1.053,1.024,11.48,1.35,0.3687,501428.47,27200.0,474228.47,synthetic spatial flood-hazard scenario; not observed flood data,synthetic vulnerability/depth-damage function,True
NZA-0407,-0.09259,33.945155,informal_iron_sheet,12,7500,900000.0,10,0.1,NZ-010-0407,high,0.678,0.772,9.42,1.35,0.213,191744.45,18000.0,173744.45,synthetic spatial flood-hazard scenario; not observed flood data,synthetic vulnerability/depth-damage function,True
NZA-0408,0.606909,35.344483,permanent_masonry,88,58400,51390000.0,10,0.1,NZ-010-0408,high,0.886,0.774,9.01,0.9,0.2044,10502995.21,250000.0,10252995.21,synthetic spatial flood-hazard scenario; not observed flood data,synthetic vulnerability/depth-damage function,True
NZA-0409,1.10873,35.000699,semi_permanent,33,12000,3960000.0,10,0.1,NZ-010-0409,high,0.938,0.813,10.04,1.0,0.2432,962898.25,79200.0,883698.25,synthetic spatial flood-hazard scenario; not observed flood data,synthetic vulnerability/depth-damage function,True
NZA-0410,0.063538,34.230758,semi_permanent,55,14300,7865000.0,10,0.1,NZ-010-0410,high,0.93,1.02,11.27,1.0,0.2496,1963178.72,157300.0,1805878.72,synthetic spatial flood-hazard scenario; not observed flood data,synthetic vulnerability/depth-damage function,True
NZA-0411,0.864845,34.215677,informal_iron_sheet,11,8400,925000.0,10,0.1,NZ-010-0411,high,0.912,0.713,10.94,1.35,0.3028,280060.79,18500.0,261560.79,synthetic spatial flood-hazard scenario; not observed flood data,synthetic vulnerability/depth-damage function,True
NZA-0412,0.538159,33.83332,permanent_masonry,129,61800,79720000.0,10,0.1,NZ-010-0412,high,0.988,1.02,12.31,0.9,0.2471,19698502.72,250000.0,19448502.72,synthetic spatial flood-hazard scenario; not observed flood data,synthetic vulnerability/depth-damage function,True
NZA-0413,0.428455,34.240755,permanent_masonry,129,63200,81530000.0,10,0.1,NZ-010-0413,high,1.074,0.94,11.14,0.9,0.2668,21751307.54,250000.0,21501307.54,synthetic spatial flood-hazard scenario; not observed flood data,synthetic vulnerability/depth-damage function,True
NZA-0414,0.647717,34.484053,concrete_rcc,840,57800,485520000.0,10,0.1,NZ-010-0414,high,1.123,1.0,12.49,0.7,0.2305,111899907.99,250000.0,111649907.99,synthetic spatial flood-hazard scenario; not observed flood data,synthetic vulnerability/depth-damage function,True
NZA-0415,0.413499,34.160793,informal_iron_sheet,20,7500,1500000.0,10,0.1,NZ-010-0415,high,0.983,0.933,12.1,1.35,0.3406,510926.17,30000.0,480926.17,synthetic spatial flood-hazard scenario; not observed flood data,synthetic vulnerability/depth-damage function,True
NZA-0416,0.549676,33.843996,permanent_masonry,152,50500,76760000.0,10,0.1,NZ-010-0416,high,0.768,0.919,10.7,0.9,0.1777,13641147.49,250000.0,13391147.49,synthetic spatial flood-hazard scenario; not observed flood data,synthetic vulnerability/depth-damage function,True
NZA-0417,0.08007,34.055394,informal_iron_sheet,9,5200,470000.0,10,0.1,NZ-010-0417,high,0.785,0.873,10.05,1.35,0.258,121249.4,9400.0,111849.4,synthetic spatial flood-hazard scenario; not observed flood data,synthetic vulnerability/depth-damage function,True
NZA-0418,1.070937,33.783992,concrete_rcc,540,53100,286740000.0,10,0.1,NZ-010-0418,high,0.861,0.828,10.82,0.7,0.161,46162979.7,250000.0,45912979.7,synthetic spatial flood-hazard scenario; not observed flood data,synthetic vulnerability/depth-damage function,True
NZA-0419,0.51704,34.371814,informal_iron_sheet,13,7300,950000.0,10,0.1,NZ-010-0419,high,0.898,0.924,10.19,1.35,0.303,287879.7,19000.0,268879.7,synthetic spatial flood-hazard scenario; not observed flood data,synthetic vulnerability/depth-damage function,True
NZA-0420,0.773617,34.734959,permanent_masonry,68,60100,40870000.0,10,0.1,NZ-010-0420,high,1.155,1.021,12.59,0.9,0.2964,12112778.11,250000.0,11862778.11,synthetic spatial flood-hazard scenario; not observed flood data,synthetic vulnerability/depth-damage function,True
NZA-0421,0.010114,35.137946,permanent_masonry,70,36200,25340000.0,10,0.1,NZ-010-0421,high,0.788,0.844,9.37,0.9,0.1794,4545660.56,250000.0,4295660.56,synthetic spatial flood-hazard scenario; not observed flood data,synthetic vulnerability/depth-damage function,True
NZA-0422,0.435472,35.134517,informal_iron_sheet,10,6400,640000.0,10,0.1,NZ-010-0422,high,0.867,0.912,10.78,1.35,0.2924,187164.95,12800.0,174364.95,synthetic spatial flood-hazard scenario; not observed flood data,synthetic vulnerability/depth-damage function,True
NZA-0423,-0.198967,34.281169,permanent_masonry,159,61000,96990000.0,10,0.1,NZ-010-0423,high,0.909,0.89,12.42,0.9,0.2207,21403261.37,250000.0,21153261.37,synthetic spatial flood-hazard scenario; not observed flood data,synthetic vulnerability/depth-damage function,True
NZA-0424,-0.243639,34.696023,informal_iron_sheet,11,8200,900000.0,10,0.1,NZ-010-0424,high,0.772,0.747,11.89,1.35,0.2535,228167.83,18000.0,210167.83,synthetic spatial flood-hazard scenario; not observed flood data,synthetic vulnerability/depth-damage function,True
NZA-0425,0.445653,34.787098,semi_permanent,37,13800,5105000.0,10,0.1,NZ-010-0425,high,1.003,0.997,12.2,1.0,0.2739,1398487.71,102100.0,1296387.71,synthetic spatial flood-hazard scenario; not observed flood data,synthetic vulnerability/depth-damage function,True
NZA-0426,1.108655,33.954177,permanent_masonry,128,54600,69890000.0,10,0.1,NZ-010-0426,high,0.851,0.793,10.59,0.9,0.1981,13847832.74,250000.0,13597832.74,synthetic spatial flood-hazard scenario; not observed flood data,synthetic vulnerability/depth-damage function,True
NZA-0427,0.603417,34.781679,concrete_rcc,552,59700,329545000.0,10,0.1,NZ-010-0427,high,0.924,0.811,9.78,0.7,0.1736,57202078.57,250000.0,56952078.57,synthetic spatial flood-hazard scenario; not observed flood data,synthetic vulnerability/depth-damage function,True
NZA-0428,-0.27813,34.468108,informal_iron_sheet,12,9600,1150000.0,10,0.1,NZ-010-0428,high,0.847,0.937,11.98,1.35,0.2885,331720.67,23000.0,308720.67,synthetic spatial flood-hazard scenario; not observed flood data,synthetic vulnerability/depth-damage function,True
NZA-0429,0.283537,34.654823,semi_permanent,60,15900,9540000.0,10,0.1,NZ-010-0429,high,0.979,0.985,12.39,1.0,0.2668,2545152.85,190800.0,2354352.85,synthetic spatial flood-hazard scenario; not observed flood data,synthetic vulnerability/depth-damage function,True
NZA-0430,0.137854,35.21501,informal_iron_sheet,16,6000,960000.0,10,0.1,NZ-010-0430,high,0.908,0.907,9.87,1.35,0.3054,293160.71,19200.0,273960.71,synthetic spatial flood-hazard scenario; not observed flood data,synthetic vulnerability/depth-damage function,True
NZA-0431,0.735051,34.152995,informal_iron_sheet,15,6400,960000.0,10,0.1,NZ-010-0431,high,0.88,0.895,9.85,1.35,0.2944,282631.23,19200.0,263431.23,synthetic spatial flood-hazard scenario; not observed flood data,synthetic vulnerability/depth-damage function,True
NZA-0432,0.13921,33.85235,informal_iron_sheet,22,9900,2180000.0,10,0.1,NZ-010-0432,high,0.724,0.953,10.47,1.35,0.2379,518614.27,43600.0,475014.27,synthetic spatial flood-hazard scenario; not observed flood data,synthetic vulnerability/depth-damage function,True
NZA-0433,0.741471,34.512865,semi_permanent,28,8100,2270000.0,10,0.1,NZ-010-0433,high,0.953,0.858,10.83,1.0,0.251,569863.41,45400.0,524463.41,synthetic spatial flood-hazard scenario; not observed flood data,synthetic vulnerability/depth-damage function,True
NZA-0434,0.86609,33.79795,semi_permanent,61,11600,7075000.0,10,0.1,NZ-010-0434,high,0.816,0.884,10.26,1.0,0.2085,1474966.01,141500.0,1333466.01,synthetic spatial flood-hazard scenario; not observed flood data,synthetic vulnerability/depth-damage function,True
NZA-0435,0.316628,35.329571,semi_permanent,33,11600,3830000.0,10,0.1,NZ-010-0435,high,0.832,0.79,9.02,1.0,0.2085,798400.91,76600.0,721800.91,synthetic spatial flood-hazard scenario; not observed flood data,synthetic vulnerability/depth-damage function,True
NZA-0436,0.343231,35.12082,semi_permanent,26,12000,3120000.0,10,0.1,NZ-010-0436,high,0.79,0.771,10.41,1.0,0.1979,617340.71,62400.0,554940.71,synthetic spatial flood-hazard scenario; not observed flood data,synthetic vulnerability/depth-damage function,True
NZA-0437,1.067907,34.033015,informal_iron_sheet,21,9800,2060000.0,10,0.1,NZ-010-0437,high,0.847,0.792,10.03,1.35,0.2789,574533.21,41200.0,533333.21,synthetic spatial flood-hazard scenario; not observed flood data,synthetic vulnerability/depth-damage function,True
NZA-0438,0.072169,34.488333,informal_iron_sheet,14,7900,1105000.0,10,0.1,NZ-010-0438,high,0.909,0.851,10.33,1.35,0.305,337040.48,22100.0,314940.48,synthetic spatial flood-hazard scenario; not observed flood data,synthetic vulnerability/depth-damage function,True
NZA-0439,1.140787,35.278208,permanent_masonry,166,43300,71880000.0,10,0.1,NZ-010-0439,high,0.831,0.822,10.28,0.9,0.1925,13835614.21,250000.0,13585614.21,synthetic spatial flood-hazard scenario; not observed flood data,synthetic vulnerability/depth-damage function,True
NZA-0440,0.166063,33.736171,informal_iron_sheet,13,8600,1120000.0,10,0.1,NZ-010-0440,high,0.658,0.747,9.46,1.35,0.2051,229753.19,22400.0,207353.19,synthetic spatial flood-hazard scenario; not observed flood data,synthetic vulnerability/depth-damage function,True
NZA-0441,0.782204,34.975995,informal_iron_sheet,15,6800,1020000.0,10,0.1,NZ-010-0441,high,0.848,0.972,10.69,1.35,0.2869,292615.23,20400.0,272215.23,synthetic spatial flood-hazard scenario; not observed flood data,synthetic vulnerability/depth-damage function,True
NZA-0442,0.24136,34.408653,informal_iron_sheet,11,5300,585000.0,10,0.1,NZ-010-0442,high,0.948,1.038,9.97,1.35,0.3252,190238.29,11700.0,178538.29,synthetic spatial flood-hazard scenario; not observed flood data,synthetic vulnerability/depth-damage function,True
NZA-0443,1.241818,33.924614,semi_permanent,41,13300,5455000.0,10,0.1,NZ-010-0443,high,0.69,0.887,9.74,1.0,0.1693,923717.76,109100.0,814617.76,synthetic spatial flood-hazard scenario; not observed flood data,synthetic vulnerability/depth-damage function,True
NZA-0444,-0.033222,35.197986,permanent_masonry,138,40800,56305000.0,10,0.1,NZ-010-0444,high,0.852,0.893,10.14,0.9,0.1998,11251165.02,250000.0,11001165.02,synthetic spatial flood-hazard scenario; not observed flood data,synthetic vulnerability/depth-damage function,True
NZA-0445,0.738215,34.834251,informal_iron_sheet,12,9700,1165000.0,10,0.1,NZ-010-0445,high,0.742,1.025,9.99,1.35,0.2461,286732.2,23300.0,263432.2,synthetic spatial flood-hazard scenario; not observed flood data,synthetic vulnerability/depth-damage function,True
NZA-0446,0.360261,34.386075,permanent_masonry,110,41000,45100000.0,10,0.1,NZ-010-0446,high,0.928,0.915,11.57,0.9,0.2251,10152532.41,250000.0,9902532.41,synthetic spatial flood-hazard scenario; not observed flood data,synthetic vulnerability/depth-damage function,True
NZA-0447,-0.010498,34.050865,semi_permanent,38,8100,3080000.0,10,0.1,NZ-010-0447,high,0.919,0.988,12.99,1.0,0.2492,767669.5,61600.0,706069.5,synthetic spatial flood-hazard scenario; not observed flood data,synthetic vulnerability/depth-damage function,True
NZA-0448,0.634956,35.208905,informal_iron_sheet,12,8400,1010000.0,10,0.1,NZ-010-0448,high,0.901,0.92,10.34,1.35,0.3042,307291.27,20200.0,287091.27,synthetic spatial flood-hazard scenario; not observed flood data,synthetic vulnerability/depth-damage function,True
NZA-0449,1.138511,33.956467,informal_iron_sheet,16,8200,1310000.0,10,0.1,NZ-010-0449,high,0.927,0.844,11.77,1.35,0.3155,413354.17,26200.0,387154.17,synthetic spatial flood-hazard scenario; not observed flood data,synthetic vulnerability/depth-damage function,True
NZA-0450,0.025876,34.752617,semi_permanent,34,15800,5370000.0,10,0.1,NZ-010-0450,high,0.933,0.901,11.1,1.0,0.2467,1324991.64,107400.0,1217591.64,synthetic spatial flood-hazard scenario; not observed flood data,synthetic vulnerability/depth-damage function,True
NZA-0451,-0.239392,34.774853,semi_permanent,40,10900,4360000.0,10,0.1,NZ-010-0451,high,0.905,0.807,11.61,1.0,0.2364,1030564.84,87200.0,943364.84,synthetic spatial flood-hazard scenario; not observed flood data,synthetic vulnerability/depth-damage function,True
NZA-0452,0.986012,34.255889,permanent_masonry,76,36300,27590000.0,10,0.1,NZ-010-0452,high,0.97,0.987,8.93,0.9,0.2334,6438319.6,250000.0,6188319.6,synthetic spatial flood-hazard scenario; not observed flood data,synthetic vulnerability/depth-damage function,True
NZA-0453,0.381342,35.343772,informal_iron_sheet,15,7300,1095000.0,10,0.1,NZ-010-0453,high,0.861,0.919,10.03,1.35,0.2885,315900.31,21900.0,294000.31,synthetic spatial flood-hazard scenario; not observed flood data,synthetic vulnerability/depth-damage function,True
NZA-0454,0.987785,35.351112,semi_permanent,52,15300,7955000.0,10,0.1,NZ-010-0454,high,0.915,0.885,10.87,1.0,0.2403,1911403.4,159100.0,1752303.4,synthetic spatial flood-hazard scenario; not observed flood data,synthetic vulnerability/depth-damage function,True
NZA-0455,0.384702,35.084554,semi_permanent,44,12100,5325000.0,10,0.1,NZ-010-0455,high,0.862,0.964,10.67,1.0,0.2257,1201895.44,106500.0,1095395.44,synthetic spatial flood-hazard scenario; not observed flood data,synthetic vulnerability/depth-damage function,True
NZA-0456,-0.273825,34.047396,semi_permanent,41,12500,5125000.0,10,0.1,NZ-010-0456,high,0.679,0.546,8.94,1.0,0.1574,806557.24,102500.0,704057.24,synthetic spatial flood-hazard scenario; not observed flood data,synthetic vulnerability/depth-damage function,True
NZA-0457,0.867148,35.390504,informal_iron_sheet,14,9700,1360000.0,10,0.1,NZ-010-0457,high,0.725,0.709,8.06,1.35,0.2259,307249.21,27200.0,280049.21,synthetic spatial flood-hazard scenario; not observed flood data,synthetic vulnerability/depth-damage function,True
NZA-0458,1.153097,35.246726,informal_iron_sheet,14,6200,870000.0,10,0.1,NZ-010-0458,high,0.756,0.929,10.57,1.35,0.25,217480.53,17400.0,200080.53,synthetic spatial flood-hazard scenario; not observed flood data,synthetic vulnerability/depth-damage function,True
NZA-0459,0.889218,35.3286,permanent_masonry,74,51700,38260000.0,10,0.1,NZ-010-0459,high,0.824,0.777,9.59,0.9,0.1882,7198836.76,250000.0,6948836.76,synthetic spatial flood-hazard scenario; not observed flood data,synthetic vulnerability/depth-damage function,True
NZA-0460,0.957244,35.19988,informal_iron_sheet,16,8000,1280000.0,10,0.1,NZ-010-0460,high,0.814,0.827,8.56,1.35,0.2638,337607.05,25600.0,312007.05,synthetic spatial flood-hazard scenario; not observed flood data,synthetic vulnerability/depth-damage function,True
NZA-0461,1.072874,34.637427,permanent_masonry,66,56400,37225000.0,10,0.1,NZ-010-0461,high,0.962,0.852,10.94,0.9,0.2318,8627787.16,250000.0,8377787.16,synthetic spatial flood-hazard scenario; not observed flood data,synthetic vulnerability/depth-damage function,True
NZA-0462,1.100764,33.876284,semi_permanent,39,13400,5225000.0,10,0.1,NZ-010-0462,high,0.803,0.828,9.98,1.0,0.2025,1058072.28,104500.0,953572.28,synthetic spatial flood-hazard scenario; not observed flood data,synthetic vulnerability/depth-damage function,True
NZA-0463,0.654545,34.374969,informal_iron_sheet,14,7100,995000.0,10,0.1,NZ-010-0463,high,1.018,0.862,13.1,1.35,0.3542,352381.61,19900.0,332481.61,synthetic spatial flood-hazard scenario; not observed flood data,synthetic vulnerability/depth-damage function,True
NZA-0464,0.146798,34.443591,informal_iron_sheet,12,7800,935000.0,10,0.1,NZ-010-0464,high,0.985,0.976,12.55,1.35,0.3445,322124.51,18700.0,303424.51,synthetic spatial flood-hazard scenario; not observed flood data,synthetic vulnerability/depth-damage function,True
NZA-0465,0.907775,34.652904,permanent_masonry,53,55800,29575000.0,10,0.1,NZ-010-0465,high,1.18,0.992,13.69,0.9,0.3054,9031638.12,250000.0,8781638.12,synthetic spatial flood-hazard scenario; not observed flood data,synthetic vulnerability/depth-damage function,True
NZA-0466,1.181054,35.009734,informal_iron_sheet,13,7300,950000.0,10,0.1,NZ-010-0466,high,0.957,0.826,10.41,1.35,0.3221,306011.01,19000.0,287011.01,synthetic spatial flood-hazard scenario; not observed flood data,synthetic vulnerability/depth-damage function,True
NZA-0467,0.337107,34.999095,semi_permanent,38,14500,5510000.0,10,0.1,NZ-010-0467,high,0.922,0.834,11.29,1.0,0.2418,1332280.24,110200.0,1222080.24,synthetic spatial flood-hazard scenario; not observed flood data,synthetic vulnerability/depth-damage function,True
NZA-0468,1.242735,34.291571,semi_permanent,66,12300,8120000.0,10,0.1,NZ-010-0468,high,0.81,0.807,9.89,1.0,0.2041,1657065.08,162400.0,1494665.08,synthetic spatial flood-hazard scenario; not observed flood data,synthetic vulnerability/depth-damage function,True
NZA-0469,0.536934,35.013341,concrete_rcc,566,77400,438085000.0,10,0.1,NZ-010-0469,high,0.946,0.932,11.42,0.7,0.1842,80680461.83,250000.0,80430461.83,synthetic spatial flood-hazard scenario; not observed flood data,synthetic vulnerability/depth-damage function,True
NZA-0470,-0.082401,34.039054,permanent_masonry,226,60300,136280000.0,10,0.1,NZ-010-0470,high,0.838,0.864,9.72,0.9,0.1946,26514765.83,250000.0,26264765.83,synthetic spatial flood-hazard scenario; not observed flood data,synthetic vulnerability/depth-damage function,True
NZA-0471,0.735218,34.460097,concrete_rcc,704,56800,399870000.0,10,0.1,NZ-010-0471,high,0.773,0.962,10.67,0.7,0.1431,57227802.21,250000.0,56977802.21,synthetic spatial flood-hazard scenario; not observed flood data,synthetic vulnerability/depth-damage function,True
NZA-0472,0.594956,35.099327,informal_iron_sheet,14,5900,825000.0,10,0.1,NZ-010-0472,high,0.973,0.886,9.47,1.35,0.3278,270453.95,16500.0,253953.95,synthetic spatial flood-hazard scenario; not observed flood data,synthetic vulnerability/depth-damage function,True
NZA-0473,0.770908,34.817441,semi_permanent,24,14500,3480000.0,10,0.1,NZ-010-0473,high,1.05,0.937,11.55,1.0,0.285,991857.11,69600.0,922257.11,synthetic spatial flood-hazard scenario; not observed flood data,synthetic vulnerability/depth-damage function,True
NZA-0474,0.909586,33.756294,semi_permanent,24,12300,2950000.0,10,0.1,NZ-010-0474,high,0.859,0.812,11.15,1.0,0.2215,653472.72,59000.0,594472.72,synthetic spatial flood-hazard scenario; not observed flood data,synthetic vulnerability/depth-damage function,True
NZA-0475,1.132647,35.260655,permanent_masonry,110,51100,56210000.0,10,0.1,NZ-010-0475,high,0.807,0.815,9.27,0.9,0.1838,10332842.02,250000.0,10082842.02,synthetic spatial flood-hazard scenario; not observed flood data,synthetic vulnerability/depth-damage function,True
NZA-0476,0.140861,35.060387,concrete_rcc,576,55900,321985000.0,10,0.1,NZ-010-0476,high,0.964,0.897,11.57,0.7,0.188,60528678.33,250000.0,60278678.33,synthetic spatial flood-hazard scenario; not observed flood data,synthetic vulnerability/depth-damage function,True
NZA-0477,-0.268106,34.530761,semi_permanent,34,15700,5340000.0,10,0.1,NZ-010-0477,high,1.114,1.049,14.24,1.0,0.316,1687386.6,106800.0,1580586.6,synthetic spatial flood-hazard scenario; not observed flood data,synthetic vulnerability/depth-damage function,True
NZA-0478,-0.157211,34.444361,informal_iron_sheet,13,9300,1210000.0,10,0.1,NZ-010-0478,high,0.99,0.899,11.36,1.35,0.3398,411166.52,24200.0,386966.52,synthetic spatial flood-hazard scenario; not observed flood data,synthetic vulnerability/depth-damage function,True
NZA-0479,-0.173352,34.922677,permanent_masonry,140,58900,82460000.0,10,0.1,NZ-010-0479,high,0.984,0.929,10.21,0.9,0.2386,19671732.67,250000.0,19421732.67,synthetic spatial flood-hazard scenario; not observed flood data,synthetic vulnerability/depth-damage function,True
NZA-0480,0.651788,33.788847,semi_permanent,34,14300,4860000.0,10,0.1,NZ-010-0480,high,0.881,1.005,11.46,1.0,0.2344,1139141.64,97200.0,1041941.64,synthetic spatial flood-hazard scenario; not observed flood data,synthetic vulnerability/depth-damage function,True
NZA-0481,0.29228,34.356186,semi_permanent,59,10800,6370000.0,10,0.1,NZ-010-0481,high,0.904,0.989,11.98,1.0,0.2421,1542426.07,127400.0,1415026.07,synthetic spatial flood-hazard scenario; not observed flood data,synthetic vulnerability/depth-damage function,True
NZA-0482,0.130915,34.351599,semi_permanent,43,15100,6495000.0,10,0.1,NZ-010-0482,high,0.874,1.062,13.72,1.0,0.2388,1550808.34,129900.0,1420908.34,synthetic spatial flood-hazard scenario; not observed flood data,synthetic vulnerability/depth-damage function,True
NZA-0483,0.491714,35.224141,semi_permanent,51,9600,4895000.0,10,0.1,NZ-010-0483,high,0.967,0.874,11.31,1.0,0.2568,1257153.04,97900.0,1159253.04,synthetic spatial flood-hazard scenario; not observed flood data,synthetic vulnerability/depth-damage function,True
NZA-0484,0.419117,34.11669,semi_permanent,52,8500,4420000.0,10,0.1,NZ-010-0484,high,0.786,0.862,10.02,1.0,0.1983,876498.35,88400.0,788098.35,synthetic spatial flood-hazard scenario; not observed flood data,synthetic vulnerability/depth-damage function,True
NZA-0485,0.14098,33.90515,concrete_rcc,330,65000,214500000.0,10,0.1,NZ-010-0485,high,0.793,0.827,10.06,0.7,0.1444,30973872.14,250000.0,30723872.14,synthetic spatial flood-hazard scenario; not observed flood data,synthetic vulnerability/depth-damage function,True
NZA-0486,-0.279435,34.688574,informal_iron_sheet,8,9700,775000.0,10,0.1,NZ-010-0486,high,1.058,0.888,12.32,1.35,0.3675,284842.83,15500.0,269342.83,synthetic spatial flood-hazard scenario; not observed flood data,synthetic vulnerability/depth-damage function,True
NZA-0487,0.32714,34.295446,semi_permanent,40,15600,6240000.0,10,0.1,NZ-010-0487,high,0.868,0.725,10.72,1.0,0.221,1378936.45,124800.0,1254136.45,synthetic spatial flood-hazard scenario; not observed flood data,synthetic vulnerability/depth-damage function,True
NZA-0488,1.281058,33.899735,permanent_masonry,96,44200,42430000.0,10,0.1,NZ-010-0488,high,0.927,0.806,10.78,0.9,0.2201,9336830.31,250000.0,9086830.31,synthetic spatial flood-hazard scenario; not observed flood data,synthetic vulnerability/depth-damage function,True
NZA-0489,-0.252949,34.675029,permanent_masonry,96,43600,41855000.0,10,0.1,NZ-010-0489,high,0.944,0.914,11.77,0.9,0.2301,9632354.74,250000.0,9382354.74,synthetic spatial flood-hazard scenario; not observed flood data,synthetic vulnerability/depth-damage function,True
NZA-0490,0.891063,34.590685,informal_iron_sheet,12,7600,910000.0,10,0.1,NZ-010-0490,high,1.068,1.01,13.83,1.35,0.381,346738.75,18200.0,328538.75,synthetic spatial flood-hazard scenario; not observed flood data,synthetic vulnerability/depth-damage function,True
NZA-0491,0.427999,34.721662,semi_permanent,26,14500,3770000.0,10,0.1,NZ-010-0491,high,1.168,1.039,11.55,1.0,0.3251,1225667.64,75400.0,1150267.64,synthetic spatial flood-hazard scenario; not observed flood data,synthetic vulnerability/depth-damage function,True
NZA-0492,0.227071,34.89631,informal_iron_sheet,14,7300,1020000.0,10,0.1,NZ-010-0492,high,0.998,0.962,12.75,1.35,0.3494,356438.56,20400.0,336038.56,synthetic spatial flood-hazard scenario; not observed flood data,synthetic vulnerability/depth-damage function,True
NZA-0493,1.242441,34.867189,informal_iron_sheet,12,5100,610000.0,10,0.1,NZ-010-0493,high,0.873,0.829,11.03,1.35,0.2926,178499.11,12200.0,166299.11,synthetic spatial flood-hazard scenario; not observed flood data,synthetic vulnerability/depth-damage function,True
NZA-0494,1.119788,35.14177,informal_iron_sheet,15,9200,1380000.0,10,0.1,NZ-010-0494,high,1.021,0.856,12.07,1.35,0.3519,485558.15,27600.0,457958.15,synthetic spatial flood-hazard scenario; not observed flood data,synthetic vulnerability/depth-damage function,True
NZA-0495,0.688268,34.158344,permanent_masonry,121,45000,54450000.0,10,0.1,NZ-010-0495,high,0.982,0.917,11.8,0.9,0.2413,13137469.14,250000.0,12887469.14,synthetic spatial flood-hazard scenario; not observed flood data,synthetic vulnerability/depth-damage function,True
NZA-0496,0.872427,33.962715,concrete_rcc,270,72600,196020000.0,10,0.1,NZ-010-0496,high,0.704,0.767,10.53,0.7,0.1238,24267654.46,250000.0,24017654.46,synthetic spatial flood-hazard scenario; not observed flood data,synthetic vulnerability/depth-damage function,True
NZA-0497,0.394684,34.492669,permanent_masonry,55,39200,21560000.0,10,0.1,NZ-010-0497,high,1.025,0.932,11.09,0.9,0.2523,5438847.97,250000.0,5188847.97,synthetic spatial flood-hazard scenario; not observed flood data,synthetic vulnerability/depth-damage function,True
NZA-0498,1.137023,34.069527,permanent_masonry,45,44700,20115000.0,10,0.1,NZ-010-0498,high,0.977,0.883,12.3,0.9,0.2398,4824141.56,250000.0,4574141.56,synthetic spatial flood-hazard scenario; not observed flood data,synthetic vulnerability/depth-damage function,True
NZA-0499,0.198281,34.118395,permanent_masonry,145,40200,58290000.0,10,0.1,NZ-010-0499,high,1.004,0.893,10.52,0.9,0.2439,14216374.87,250000.0,13966374.87,synthetic spatial flood-hazard scenario; not observed flood data,synthetic vulnerability/depth-damage function,True
NZA-0000,0.756568,33.971985,concrete_rcc,489,56000,273840000.0,25,0.04,NZ-025-0000,high,1.084,0.762,10.22,0.7,0.2102,57571970.66,250000.0,57321970.66,synthetic spatial flood-hazard scenario; not observed flood data,synthetic vulnerability/depth-damage function,True
NZA-0001,0.029978,34.696104,informal_iron_sheet,8,9600,770000.0,25,0.04,NZ-025-0001,high,1.161,0.969,10.93,1.35,0.4043,311291.04,15400.0,295891.04,synthetic spatial flood-hazard scenario; not observed flood data,synthetic vulnerability/depth-damage function,True
NZA-0002,1.077706,35.100523,concrete_rcc,385,72000,277200000.0,25,0.04,NZ-025-0002,high,1.178,0.801,10.37,0.7,0.2335,64736780.97,250000.0,64486780.97,synthetic spatial flood-hazard scenario; not observed flood data,synthetic vulnerability/depth-damage function,True
NZA-0003,0.59297,34.205342,concrete_rcc,519,51200,265730000.0,25,0.04,NZ-025-0003,high,1.195,1.027,9.54,0.7,0.2422,64369973.14,250000.0,64119973.14,synthetic spatial flood-hazard scenario; not observed flood data,synthetic vulnerability/depth-damage function,True
NZA-0004,0.853177,34.864329,permanent_masonry,97,52500,50925000.0,25,0.04,NZ-025-0004,high,1.137,0.923,11.09,0.9,0.2841,14468382.54,250000.0,14218382.54,synthetic spatial flood-hazard scenario; not observed flood data,synthetic vulnerability/depth-damage function,True
NZA-0005,0.51001,34.488603,informal_iron_sheet,13,7700,1000000.0,25,0.04,NZ-025-0005,high,1.257,1.011,11.5,1.35,0.4419,441898.07,20000.0,421898.07,synthetic spatial flood-hazard scenario; not observed flood data,synthetic vulnerability/depth-damage function,True
NZA-0006,1.251868,35.215308,informal_iron_sheet,8,8300,665000.0,25,0.04,NZ-025-0006,high,1.086,0.813,9.92,1.35,0.3673,244252.1,13300.0,230952.1,synthetic spatial flood-hazard scenario; not observed flood data,synthetic vulnerability/depth-damage function,True
NZA-0007,0.642984,34.660285,permanent_masonry,102,40400,41210000.0,25,0.04,NZ-025-0007,high,1.287,1.076,12.77,0.9,0.3368,13879066.6,250000.0,13629066.6,synthetic spatial flood-hazard scenario; not observed flood data,synthetic vulnerability/depth-damage function,True
NZA-0008,1.005254,35.388426,informal_iron_sheet,23,7200,1655000.0,25,0.04,NZ-025-0008,moderate,1.001,0.665,9.8,1.35,0.3303,546621.17,33100.0,513521.17,synthetic spatial flood-hazard scenario; not observed flood data,synthetic vulnerability/depth-damage function,True
NZA-0009,0.997211,34.112287,semi_permanent,50,9400,4700000.0,25,0.04,NZ-025-0009,high,1.246,0.939,10.06,1.0,0.3407,1601080.64,94000.0,1507080.64,synthetic spatial flood-hazard scenario; not observed flood data,synthetic vulnerability/depth-damage function,True
NZA-0010,0.236424,33.885804,semi_permanent,47,9000,4230000.0,25,0.04,NZ-025-0010,high,1.244,0.703,10.18,1.0,0.3314,1401679.99,84600.0,1317079.99,synthetic spatial flood-hazard scenario; not observed flood data,synthetic vulnerability/depth-damage function,True
NZA-0011,-0.010214,34.287435,permanent_masonry,81,55400,44875000.0,25,0.04,NZ-025-0011,high,1.387,0.873,11.62,0.9,0.3535,15862913.4,250000.0,15612913.4,synthetic spatial flood-hazard scenario; not observed flood data,synthetic vulnerability/depth-damage function,True
NZA-0012,0.531805,35.024665,permanent_masonry,97,42300,41030000.0,25,0.04,NZ-025-0012,high,1.384,1.019,12.41,0.9,0.3607,14798701.42,250000.0,14548701.42,synthetic spatial flood-hazard scenario; not observed flood data,synthetic vulnerability/depth-damage function,True
NZA-0013,0.444915,34.617409,semi_permanent,37,13200,4885000.0,25,0.04,NZ-025-0013,high,1.246,0.841,10.68,1.0,0.3387,1654557.12,97700.0,1556857.12,synthetic spatial flood-hazard scenario; not observed flood data,synthetic vulnerability/depth-damage function,True
NZA-0014,0.955461,35.271234,semi_permanent,54,13900,7505000.0,25,0.04,NZ-025-0014,high,1.255,0.82,10.25,1.0,0.3393,2546240.99,150100.0,2396140.99,synthetic spatial flood-hazard scenario; not observed flood data,synthetic vulnerability/depth-damage function,True
NZA-0015,0.282611,35.390422,semi_permanent,25,15300,3825000.0,25,0.04,NZ-025-0015,high,1.299,1.019,10.69,1.0,0.3613,1381937.57,76500.0,1305437.57,synthetic spatial flood-hazard scenario; not observed flood data,synthetic vulnerability/depth-damage function,True
NZA-0016,0.527984,35.267816,semi_permanent,20,10200,2040000.0,25,0.04,NZ-025-0016,high,1.145,0.941,10.2,1.0,0.3107,633781.08,40800.0,592981.08,synthetic spatial flood-hazard scenario; not observed flood data,synthetic vulnerability/depth-damage function,True
NZA-0017,-0.117852,33.975926,permanent_masonry,137,39100,53565000.0,25,0.04,NZ-025-0017,high,1.149,0.84,10.22,0.9,0.2824,15127909.72,250000.0,14877909.72,synthetic spatial flood-hazard scenario; not observed flood data,synthetic vulnerability/depth-damage function,True
NZA-0018,0.279472,34.703121,concrete_rcc,165,56200,92730000.0,25,0.04,NZ-025-0018,high,1.347,0.96,11.96,0.7,0.2821,26162637.22,250000.0,25912637.22,synthetic spatial flood-hazard scenario; not observed flood data,synthetic vulnerability/depth-damage function,True
NZA-0019,0.147643,34.933593,permanent_masonry,95,61600,58520000.0,25,0.04,NZ-025-0019,high,1.157,1.136,10.95,0.9,0.2964,17348189.64,250000.0,17098189.64,synthetic spatial flood-hazard scenario; not observed flood data,synthetic vulnerability/depth-damage function,True
NZA-0020,0.265343,35.262243,informal_iron_sheet,16,5300,850000.0,25,0.04,NZ-025-0020,high,1.365,0.922,13.95,1.35,0.4833,410823.24,17000.0,393823.24,synthetic spatial flood-hazard scenario; not observed flood data,synthetic vulnerability/depth-damage function,True
NZA-0021,1.220344,33.948898,semi_permanent,36,10800,3890000.0,25,0.04,NZ-025-0021,high,1.0,0.743,9.23,1.0,0.258,1003628.93,77800.0,925828.93,synthetic spatial flood-hazard scenario; not observed flood data,synthetic vulnerability/depth-damage function,True
NZA-0022,1.004731,34.741446,informal_iron_sheet,11,6300,695000.0,25,0.04,NZ-025-0022,high,1.158,1.084,10.71,1.35,0.4072,283018.56,13900.0,269118.56,synthetic spatial flood-hazard scenario; not observed flood data,synthetic vulnerability/depth-damage function,True
NZA-0023,0.451159,33.791979,concrete_rcc,421,54700,230285000.0,25,0.04,NZ-025-0023,high,1.232,1.017,9.48,0.7,0.2506,57705175.19,250000.0,57455175.19,synthetic spatial flood-hazard scenario; not observed flood data,synthetic vulnerability/depth-damage function,True
NZA-0024,0.336526,34.963292,concrete_rcc,449,74800,335850000.0,25,0.04,NZ-025-0024,high,1.247,0.879,10.52,0.7,0.2524,84758903.62,250000.0,84508903.62,synthetic spatial flood-hazard scenario; not observed flood data,synthetic vulnerability/depth-damage function,True
NZA-0025,0.115454,34.674031,permanent_masonry,155,36800,57040000.0,25,0.04,NZ-025-0025,high,1.342,0.742,10.78,0.9,0.3335,19024562.32,250000.0,18774562.32,synthetic spatial flood-hazard scenario; not observed flood data,synthetic vulnerability/depth-damage function,True
NZA-0026,0.369143,33.915251,permanent_masonry,64,56300,36030000.0,25,0.04,NZ-025-0026,high,1.38,1.063,11.98,0.9,0.3602,12977208.49,250000.0,12727208.49,synthetic spatial flood-hazard scenario; not observed flood data,synthetic vulnerability/depth-damage function,True
NZA-0027,1.249494,33.893252,informal_iron_sheet,16,8200,1310000.0,25,0.04,NZ-025-0027,high,1.094,0.823,9.99,1.35,0.3711,486169.79,26200.0,459969.79,synthetic spatial flood-hazard scenario; not observed flood data,synthetic vulnerability/depth-damage function,True
NZA-0028,0.023866,34.591599,informal_iron_sheet,20,8100,1620000.0,25,0.04,NZ-025-0028,high,1.539,1.016,14.75,1.35,0.5476,887107.14,32400.0,854707.14,synthetic spatial flood-hazard scenario; not observed flood data,synthetic vulnerability/depth-damage function,True
NZA-0029,1.034526,34.539818,informal_iron_sheet,14,9200,1290000.0,25,0.04,NZ-025-0029,high,1.137,0.877,10.51,1.35,0.3903,503550.83,25800.0,477750.83,synthetic spatial flood-hazard scenario; not observed flood data,synthetic vulnerability/depth-damage function,True
NZA-0030,0.664276,34.615193,informal_iron_sheet,16,6700,1070000.0,25,0.04,NZ-025-0030,high,1.256,0.876,13.02,1.35,0.4408,471613.28,21400.0,450213.28,synthetic spatial flood-hazard scenario; not observed flood data,synthetic vulnerability/depth-damage function,True
NZA-0031,1.178456,35.361044,informal_iron_sheet,17,6100,1035000.0,25,0.04,NZ-025-0031,high,1.138,0.825,9.75,1.35,0.3859,399386.55,20700.0,378686.55,synthetic spatial flood-hazard scenario; not observed flood data,synthetic vulnerability/depth-damage function,True
NZA-0032,0.882083,35.363684,semi_permanent,34,12800,4350000.0,25,0.04,NZ-025-0032,high,1.14,0.787,11.71,1.0,0.3077,1338629.51,87000.0,1251629.51,synthetic spatial flood-hazard scenario; not observed flood data,synthetic vulnerability/depth-damage function,True
NZA-0033,0.024413,34.202607,informal_iron_sheet,19,5600,1065000.0,25,0.04,NZ-025-0033,high,1.318,0.981,11.18,1.35,0.4607,490616.88,21300.0,469316.88,synthetic spatial flood-hazard scenario; not observed flood data,synthetic vulnerability/depth-damage function,True
NZA-0034,1.23903,33.827218,permanent_masonry,47,62800,29515000.0,25,0.04,NZ-025-0034,high,1.086,0.795,10.12,0.9,0.2631,7764477.59,250000.0,7514477.59,synthetic spatial flood-hazard scenario; not observed flood data,synthetic vulnerability/depth-damage function,True
NZA-0035,1.211209,34.196232,concrete_rcc,350,68700,240450000.0,25,0.04,NZ-025-0035,high,1.2,0.931,10.31,0.7,0.2422,58244224.01,250000.0,57994224.01,synthetic spatial flood-hazard scenario; not observed flood data,synthetic vulnerability/depth-damage function,True
NZA-0036,-0.112918,35.082959,semi_permanent,32,10000,3200000.0,25,0.04,NZ-025-0036,high,1.223,0.859,11.28,1.0,0.3343,1069640.42,64000.0,1005640.42,synthetic spatial flood-hazard scenario; not observed flood data,synthetic vulnerability/depth-damage function,True
NZA-0037,0.265233,34.14853,semi_permanent,31,8400,2605000.0,25,0.04,NZ-025-0037,high,1.309,1.154,11.75,1.0,0.3729,971517.14,52100.0,919417.14,synthetic spatial flood-hazard scenario; not observed flood data,synthetic vulnerability/depth-damage function,True
NZA-0038,-0.143883,33.941858,informal_iron_sheet,14,7700,1080000.0,25,0.04,NZ-025-0038,high,1.158,0.904,10.66,1.35,0.3993,431284.77,21600.0,409684.77,synthetic spatial flood-hazard scenario; not observed flood data,synthetic vulnerability/depth-damage function,True
NZA-0039,0.501551,34.726637,semi_permanent,44,9300,4090000.0,25,0.04,NZ-025-0039,high,1.48,1.02,12.65,1.0,0.4206,1720340.52,81800.0,1638540.52,synthetic spatial flood-hazard scenario; not observed flood data,synthetic vulnerability/depth-damage function,True
NZA-0040,1.140541,34.874385,informal_iron_sheet,17,9000,1530000.0,25,0.04,NZ-025-0040,high,1.265,0.888,9.89,1.35,0.4338,663747.09,30600.0,633147.09,synthetic spatial flood-hazard scenario; not observed flood data,synthetic vulnerability/depth-damage function,True
NZA-0041,0.918409,33.99557,permanent_masonry,92,47400,43610000.0,25,0.04,NZ-025-0041,high,1.301,0.947,10.81,0.9,0.3301,14396132.08,250000.0,14146132.08,synthetic spatial flood-hazard scenario; not observed flood data,synthetic vulnerability/depth-damage function,True
NZA-0042,0.766295,33.798706,permanent_masonry,115,58100,66815000.0,25,0.04,NZ-025-0042,high,1.043,0.664,9.65,0.9,0.2459,16430911.5,250000.0,16180911.5,synthetic spatial flood-hazard scenario; not observed flood data,synthetic vulnerability/depth-damage function,True
NZA-0043,0.426875,33.978446,informal_iron_sheet,8,6700,535000.0,25,0.04,NZ-025-0043,high,1.263,1.125,12.63,1.35,0.4529,242302.88,10700.0,231602.88,synthetic spatial flood-hazard scenario; not observed flood data,synthetic vulnerability/depth-damage function,True
NZA-0044,-0.049257,34.101783,semi_permanent,30,15000,4500000.0,25,0.04,NZ-025-0044,high,1.019,0.746,9.96,1.0,0.2656,1195114.92,90000.0,1105114.92,synthetic spatial flood-hazard scenario; not observed flood data,synthetic vulnerability/depth-damage function,True
NZA-0045,-0.088865,34.314237,informal_iron_sheet,18,6000,1080000.0,25,0.04,NZ-025-0045,high,1.376,1.004,9.81,1.35,0.4761,514232.85,21600.0,492632.85,synthetic spatial flood-hazard scenario; not observed flood data,synthetic vulnerability/depth-damage function,True
NZA-0046,0.545365,34.656193,informal_iron_sheet,14,9900,1385000.0,25,0.04,NZ-025-0046,high,1.375,1.13,11.23,1.35,0.487,674493.43,27700.0,646793.43,synthetic spatial flood-hazard scenario; not observed flood data,synthetic vulnerability/depth-damage function,True
NZA-0047,0.253929,35.252561,permanent_masonry,106,53000,56180000.0,25,0.04,NZ-025-0047,high,1.202,0.988,12.22,0.9,0.3077,17289308.88,250000.0,17039308.88,synthetic spatial flood-hazard scenario; not observed flood data,synthetic vulnerability/depth-damage function,True
NZA-0048,0.987038,34.293721,semi_permanent,64,13300,8510000.0,25,0.04,NZ-025-0048,high,0.969,0.754,10.49,1.0,0.252,2144844.26,170200.0,1974644.26,synthetic spatial flood-hazard scenario; not observed flood data,synthetic vulnerability/depth-damage function,True
NZA-0049,0.89248,34.7781,semi_permanent,52,12100,6290000.0,25,0.04,NZ-025-0049,high,1.374,0.964,11.82,1.0,0.3847,2420035.91,125800.0,2294235.91,synthetic spatial flood-hazard scenario; not observed flood data,synthetic vulnerability/depth-damage function,True
NZA-0050,0.887903,34.82692,permanent_masonry,65,54100,35165000.0,25,0.04,NZ-025-0050,high,1.113,0.889,11.32,0.9,0.2765,9723008.62,250000.0,9473008.62,synthetic spatial flood-hazard scenario; not observed flood data,synthetic vulnerability/depth-damage function,True
NZA-0051,0.002433,34.180603,permanent_masonry,94,52200,49070000.0,25,0.04,NZ-025-0051,high,1.233,0.762,12.03,0.9,0.3078,15102345.04,250000.0,14852345.04,synthetic spatial flood-hazard scenario; not observed flood data,synthetic vulnerability/depth-damage function,True
NZA-0052,0.721631,34.642,informal_iron_sheet,19,8100,1540000.0,25,0.04,NZ-025-0052,high,1.282,1.038,11.73,1.35,0.4528,697299.79,30800.0,666499.79,synthetic spatial flood-hazard scenario; not observed flood data,synthetic vulnerability/depth-damage function,True
NZA-0053,0.753149,35.370674,informal_iron_sheet,14,8300,1160000.0,25,0.04,NZ-025-0053,high,1.212,0.96,12.13,1.35,0.4259,494070.07,23200.0,470870.07,synthetic spatial flood-hazard scenario; not observed flood data,synthetic vulnerability/depth-damage function,True
NZA-0054,0.770123,35.394553,permanent_masonry,94,58000,54520000.0,25,0.04,NZ-025-0054,high,1.011,0.767,10.15,0.9,0.2413,13157625.05,250000.0,12907625.05,synthetic spatial flood-hazard scenario; not observed flood data,synthetic vulnerability/depth-damage function,True
NZA-0055,0.536436,34.421914,informal_iron_sheet,22,6900,1520000.0,25,0.04,NZ-025-0055,high,1.398,0.893,12.42,1.35,0.4877,741337.42,30400.0,710937.42,synthetic spatial flood-hazard scenario; not observed flood data,synthetic vulnerability/depth-damage function,True
NZA-0056,0.62561,35.101229,semi_permanent,30,8200,2460000.0,25,0.04,NZ-025-0056,high,1.23,0.864,11.07,1.0,0.3359,826305.14,49200.0,777105.14,synthetic spatial flood-hazard scenario; not observed flood data,synthetic vulnerability/depth-damage function,True
NZA-0057,0.845981,34.268036,permanent_masonry,231,52400,121045000.0,25,0.04,NZ-025-0057,high,1.43,0.894,11.15,0.9,0.3646,44137571.18,250000.0,43887571.18,synthetic spatial flood-hazard scenario; not observed flood data,synthetic vulnerability/depth-damage function,True
NZA-0058,1.263461,35.065468,concrete_rcc,175,70700,123725000.0,25,0.04,NZ-025-0058,high,1.125,0.885,9.77,0.7,0.2221,27477880.12,250000.0,27227880.12,synthetic spatial flood-hazard scenario; not observed flood data,synthetic vulnerability/depth-damage function,True
NZA-0059,-0.258789,34.342286,permanent_masonry,85,46000,39100000.0,25,0.04,NZ-025-0059,high,1.144,0.887,11.04,0.9,0.2846,11128281.53,250000.0,10878281.53,synthetic spatial flood-hazard scenario; not observed flood data,synthetic vulnerability/depth-damage function,True
NZA-0060,0.093027,35.024111,informal_iron_sheet,21,8600,1805000.0,25,0.04,NZ-025-0060,high,1.207,0.921,10.12,1.35,0.4158,750552.9,36100.0,714452.9,synthetic spatial flood-hazard scenario; not observed flood data,synthetic vulnerability/depth-damage function,True
NZA-0061,0.971682,33.832945,semi_permanent,56,10700,5990000.0,25,0.04,NZ-025-0061,high,1.034,0.969,9.2,1.0,0.2753,1648911.6,119800.0,1529111.6,synthetic spatial flood-hazard scenario; not observed flood data,synthetic vulnerability/depth-damage function,True
NZA-0062,0.625062,34.040311,semi_permanent,34,12500,4250000.0,25,0.04,NZ-025-0062,high,1.24,0.798,9.97,1.0,0.3332,1415985.93,85000.0,1330985.93,synthetic spatial flood-hazard scenario; not observed flood data,synthetic vulnerability/depth-damage function,True
NZA-0063,-0.02037,34.768432,concrete_rcc,397,65400,259640000.0,25,0.04,NZ-025-0063,high,1.24,0.807,10.7,0.7,0.2487,64584223.44,250000.0,64334223.44,synthetic spatial flood-hazard scenario; not observed flood data,synthetic vulnerability/depth-damage function,True
NZA-0064,0.076172,34.070264,permanent_masonry,66,36600,24155000.0,25,0.04,NZ-025-0064,high,1.183,0.913,10.57,0.9,0.2953,7132141.75,250000.0,6882141.75,synthetic spatial flood-hazard scenario; not observed flood data,synthetic vulnerability/depth-damage function,True
NZA-0065,0.828844,34.207395,concrete_rcc,251,79100,198540000.0,25,0.04,NZ-025-0065,high,1.284,1.041,12.07,0.7,0.2697,53549222.95,250000.0,53299222.95,synthetic spatial flood-hazard scenario; not observed flood data,synthetic vulnerability/depth-damage function,True
NZA-0066,0.363097,34.848581,permanent_masonry,158,57000,90060000.0,25,0.04,NZ-025-0066,high,1.326,0.951,11.99,0.9,0.3406,30678175.49,250000.0,30428175.49,synthetic spatial flood-hazard scenario; not observed flood data,synthetic vulnerability/depth-damage function,True
NZA-0067,0.939907,34.201686,permanent_masonry,75,38900,29175000.0,25,0.04,NZ-025-0067,high,1.05,0.827,11.7,0.9,0.2576,7514395.54,250000.0,7264395.54,synthetic spatial flood-hazard scenario; not observed flood data,synthetic vulnerability/depth-damage function,True
NZA-0068,1.227044,34.241811,permanent_masonry,61,52800,32210000.0,25,0.04,NZ-025-0068,high,1.049,0.831,9.72,0.9,0.2528,8141516.96,250000.0,7891516.96,synthetic spatial flood-hazard scenario; not observed flood data,synthetic vulnerability/depth-damage function,True
NZA-0069,0.317002,35.094154,concrete_rcc,241,58600,141225000.0,25,0.04,NZ-025-0069,high,1.241,0.842,11.16,0.7,0.2512,35469607.44,250000.0,35219607.44,synthetic spatial flood-hazard scenario; not observed flood data,synthetic vulnerability/depth-damage function,True
NZA-0070,1.025978,33.900142,informal_iron_sheet,13,6600,860000.0,25,0.04,NZ-025-0070,high,1.054,0.832,8.23,1.35,0.3514,302173.64,17200.0,284973.64,synthetic spatial flood-hazard scenario; not observed flood data,synthetic vulnerability/depth-damage function,True
NZA-0071,0.423824,33.766319,informal_iron_sheet,19,5700,1085000.0,25,0.04,NZ-025-0071,high,1.328,0.837,10.75,1.35,0.4559,494660.22,21700.0,472960.22,synthetic spatial flood-hazard scenario; not observed flood data,synthetic vulnerability/depth-damage function,True
NZA-0072,0.937466,35.111781,permanent_masonry,80,63100,50480000.0,25,0.04,NZ-025-0072,high,1.273,0.892,12.29,0.9,0.3245,16378290.84,250000.0,16128290.84,synthetic spatial flood-hazard scenario; not observed flood data,synthetic vulnerability/depth-damage function,True
NZA-0073,0.328458,35.232416,informal_iron_sheet,21,7000,1470000.0,25,0.04,NZ-025-0073,high,1.165,0.902,10.53,1.35,0.4013,589952.03,29400.0,560552.03,synthetic spatial flood-hazard scenario; not observed flood data,synthetic vulnerability/depth-damage function,True
NZA-0074,-0.090471,34.850549,informal_iron_sheet,17,8200,1395000.0,25,0.04,NZ-025-0074,high,1.228,1.081,12.45,1.35,0.438,610948.54,27900.0,583048.54,synthetic spatial flood-hazard scenario; not observed flood data,synthetic vulnerability/depth-damage function,True
NZA-0075,0.198354,34.765535,informal_iron_sheet,10,8200,820000.0,25,0.04,NZ-025-0075,high,1.259,0.842,11.53,1.35,0.4351,356751.37,16400.0,340351.37,synthetic spatial flood-hazard scenario; not observed flood data,synthetic vulnerability/depth-damage function,True
NZA-0076,0.739884,35.214994,permanent_masonry,107,53800,57565000.0,25,0.04,NZ-025-0076,high,0.999,0.862,9.0,0.9,0.238,13700074.25,250000.0,13450074.25,synthetic spatial flood-hazard scenario; not observed flood data,synthetic vulnerability/depth-damage function,True
NZA-0077,1.228589,34.60225,concrete_rcc,221,79500,175695000.0,25,0.04,NZ-025-0077,high,1.214,0.794,11.47,0.7,0.244,42871239.51,250000.0,42621239.51,synthetic spatial flood-hazard scenario; not observed flood data,synthetic vulnerability/depth-damage function,True
NZA-0078,0.217614,33.894971,permanent_masonry,60,48100,28860000.0,25,0.04,NZ-025-0078,high,1.251,0.87,10.09,0.9,0.3114,8988222.82,250000.0,8738222.82,synthetic spatial flood-hazard scenario; not observed flood data,synthetic vulnerability/depth-damage function,True
NZA-0079,0.524414,34.338563,informal_iron_sheet,13,5900,765000.0,25,0.04,NZ-025-0079,high,1.303,1.105,10.7,1.35,0.4593,351329.96,15300.0,336029.96,synthetic spatial flood-hazard scenario; not observed flood data,synthetic vulnerability/depth-damage function,True
NZA-0080,1.176979,34.44922,permanent_masonry,122,40000,48800000.0,25,0.04,NZ-025-0080,high,1.402,0.97,12.11,0.9,0.363,17715305.98,250000.0,17465305.98,synthetic spatial flood-hazard scenario; not observed flood data,synthetic vulnerability/depth-damage function,True
NZA-0081,0.828157,35.14608,semi_permanent,72,13100,9430000.0,25,0.04,NZ-025-0081,high,1.155,1.01,9.82,1.0,0.3151,2971598.93,188600.0,2782998.93,synthetic spatial flood-hazard scenario; not observed flood data,synthetic vulnerability/depth-damage function,True
NZA-0082,0.12854,34.738688,semi_permanent,54,12000,6480000.0,25,0.04,NZ-025-0082,high,1.249,0.96,12.13,1.0,0.3484,2257319.26,129600.0,2127719.26,synthetic spatial flood-hazard scenario; not observed flood data,synthetic vulnerability/depth-damage function,True
NZA-0083,0.685219,33.810696,semi_permanent,32,10500,3360000.0,25,0.04,NZ-025-0083,high,0.931,0.739,8.25,1.0,0.2349,789178.44,67200.0,721978.44,synthetic spatial flood-hazard scenario; not observed flood data,synthetic vulnerability/depth-damage function,True
NZA-0084,0.333454,34.820253,semi_permanent,26,13800,3590000.0,25,0.04,NZ-025-0084,high,1.036,0.91,11.44,1.0,0.2796,1003817.86,71800.0,932017.86,synthetic spatial flood-hazard scenario; not observed flood data,synthetic vulnerability/depth-damage function,True
NZA-0085,-0.170039,35.130264,concrete_rcc,516,50800,262130000.0,25,0.04,NZ-025-0085,high,1.195,0.86,9.97,0.7,0.2384,62485987.64,250000.0,62235987.64,synthetic spatial flood-hazard scenario; not observed flood data,synthetic vulnerability/depth-damage function,True
NZA-0086,0.410034,33.841346,informal_iron_sheet,17,5200,885000.0,25,0.04,NZ-025-0086,high,1.242,0.799,12.15,1.35,0.4293,379947.37,17700.0,362247.37,synthetic spatial flood-hazard scenario; not observed flood data,synthetic vulnerability/depth-damage function,True
NZA-0087,1.270221,35.260435,permanent_masonry,88,49100,43210000.0,25,0.04,NZ-025-0087,high,1.28,0.855,11.22,0.9,0.3223,13925848.57,250000.0,13675848.57,synthetic spatial flood-hazard scenario; not observed flood data,synthetic vulnerability/depth-damage function,True
NZA-0088,0.765436,33.808763,informal_iron_sheet,18,5400,970000.0,25,0.04,NZ-025-0088,high,1.029,0.74,11.24,1.35,0.3477,337307.36,19400.0,317907.36,synthetic spatial flood-hazard scenario; not observed flood data,synthetic vulnerability/depth-damage function,True
NZA-0089,0.701375,34.877199,informal_iron_sheet,11,7600,835000.0,25,0.04,NZ-025-0089,high,1.107,0.836,10.39,1.35,0.3775,315224.2,16700.0,298524.2,synthetic spatial flood-hazard scenario; not observed flood data,synthetic vulnerability/depth-damage function,True
NZA-0090,0.648595,34.32347,concrete_rcc,363,56200,204005000.0,25,0.04,NZ-025-0090,high,1.354,0.897,12.34,0.7,0.2825,57623429.58,250000.0,57373429.58,synthetic spatial flood-hazard scenario; not observed flood data,synthetic vulnerability/depth-damage function,True
NZA-0091,1.116301,34.555812,semi_permanent,23,11900,2735000.0,25,0.04,NZ-025-0091,high,1.436,0.963,12.52,1.0,0.4051,1108025.07,54700.0,1053325.07,synthetic spatial flood-hazard scenario; not observed flood data,synthetic vulnerability/depth-damage function,True
NZA-0092,0.367428,33.998338,semi_permanent,58,8100,4700000.0,25,0.04,NZ-025-0092,high,1.151,0.745,10.75,1.0,0.307,1443046.87,94000.0,1349046.87,synthetic spatial flood-hazard scenario; not observed flood data,synthetic vulnerability/depth-damage function,True
NZA-0093,-0.233324,33.994118,permanent_masonry,81,53900,43660000.0,25,0.04,NZ-025-0093,high,1.168,0.879,10.13,0.9,0.2889,12613196.71,250000.0,12363196.71,synthetic spatial flood-hazard scenario; not observed flood data,synthetic vulnerability/depth-damage function,True
NZA-0094,0.30929,34.182535,semi_permanent,41,8900,3650000.0,25,0.04,NZ-025-0094,high,1.223,1.012,10.58,1.0,0.338,1233799.77,73000.0,1160799.77,synthetic spatial flood-hazard scenario; not observed flood data,synthetic vulnerability/depth-damage function,True
NZA-0095,-0.274253,35.056461,permanent_masonry,76,58000,44080000.0,25,0.04,NZ-025-0095,high,1.164,0.788,11.29,0.9,0.2877,12680217.57,250000.0,12430217.57,synthetic spatial flood-hazard scenario; not observed flood data,synthetic vulnerability/depth-damage function,True
NZA-0096,0.55448,35.121635,semi_permanent,31,12600,3905000.0,25,0.04,NZ-025-0096,high,1.2,0.815,10.49,1.0,0.3233,1262642.33,78100.0,1184542.33,synthetic spatial flood-hazard scenario; not observed flood data,synthetic vulnerability/depth-damage function,True
NZA-0097,1.13978,35.045193,semi_permanent,36,9800,3530000.0,25,0.04,NZ-025-0097,high,1.106,0.881,8.49,1.0,0.2923,1031859.9,70600.0,961259.9,synthetic spatial flood-hazard scenario; not observed flood data,synthetic vulnerability/depth-damage function,True
NZA-0098,0.287208,34.272346,semi_permanent,34,9300,3160000.0,25,0.04,NZ-025-0098,high,1.426,0.861,12.18,1.0,0.3965,1253051.53,63200.0,1189851.53,synthetic spatial flood-hazard scenario; not observed flood data,synthetic vulnerability/depth-damage function,True
NZA-0099,0.466166,34.278975,semi_permanent,36,13600,4895000.0,25,0.04,NZ-025-0099,high,1.436,1.118,12.73,1.0,0.4122,2017840.29,97900.0,1919940.29,synthetic spatial flood-hazard scenario; not observed flood data,synthetic vulnerability/depth-damage function,True
NZA-0100,1.005207,34.458564,semi_permanent,20,10600,2120000.0,25,0.04,NZ-025-0100,high,1.466,1.058,11.14,1.0,0.4133,876268.35,42400.0,833868.35,synthetic spatial flood-hazard scenario; not observed flood data,synthetic vulnerability/depth-damage function,True
NZA-0101,0.937372,33.9658,permanent_masonry,47,50700,23830000.0,25,0.04,NZ-025-0101,high,1.148,0.76,11.53,0.9,0.2828,6739057.41,250000.0,6489057.41,synthetic spatial flood-hazard scenario; not observed flood data,synthetic vulnerability/depth-damage function,True
NZA-0102,0.108665,34.357779,informal_iron_sheet,13,7200,935000.0,25,0.04,NZ-025-0102,high,1.181,0.877,12.05,1.35,0.4109,384193.2,18700.0,365493.2,synthetic spatial flood-hazard scenario; not observed flood data,synthetic vulnerability/depth-damage function,True
NZA-0103,1.268372,34.631029,concrete_rcc,270,53000,143100000.0,25,0.04,NZ-025-0103,high,1.43,1.072,12.83,0.7,0.3081,44084916.14,250000.0,43834916.14,synthetic spatial flood-hazard scenario; not observed flood data,synthetic vulnerability/depth-damage function,True
NZA-0104,0.841549,34.199113,semi_permanent,34,10700,3640000.0,25,0.04,NZ-025-0104,high,1.245,0.888,11.16,1.0,0.3414,1242644.83,72800.0,1169844.83,synthetic spatial flood-hazard scenario; not observed flood data,synthetic vulnerability/depth-damage function,True
NZA-0105,-0.085248,33.982683,permanent_masonry,75,42600,31950000.0,25,0.04,NZ-025-0105,high,1.074,0.755,10.05,0.9,0.2583,8251211.89,250000.0,8001211.89,synthetic spatial flood-hazard scenario; not observed flood data,synthetic vulnerability/depth-damage function,True
NZA-0106,-0.032723,33.849705,informal_iron_sheet,27,9200,2485000.0,25,0.04,NZ-025-0106,high,1.281,1.078,10.73,1.35,0.4508,1120232.68,49700.0,1070532.68,synthetic spatial flood-hazard scenario; not observed flood data,synthetic vulnerability/depth-damage function,True
NZA-0107,0.025416,34.471492,informal_iron_sheet,13,6700,870000.0,25,0.04,NZ-025-0107,high,1.223,0.966,11.93,1.35,0.4294,373578.85,17400.0,356178.85,synthetic spatial flood-hazard scenario; not observed flood data,synthetic vulnerability/depth-damage function,True
NZA-0108,1.232718,34.600323,semi_permanent,45,8600,3870000.0,25,0.04,NZ-025-0108,high,1.307,0.727,9.87,1.0,0.3496,1353105.45,77400.0,1275705.45,synthetic spatial flood-hazard scenario; not observed flood data,synthetic vulnerability/depth-damage function,True
NZA-0109,0.915031,34.220677,semi_permanent,23,13800,3175000.0,25,0.04,NZ-025-0109,high,1.134,1.082,10.15,1.0,0.3122,991080.33,63500.0,927580.33,synthetic spatial flood-hazard scenario; not observed flood data,synthetic vulnerability/depth-damage function,True
NZA-0110,1.251304,33.71429,informal_iron_sheet,15,5100,765000.0,25,0.04,NZ-025-0110,high,1.161,0.696,9.09,1.35,0.3865,295687.46,15300.0,280387.46,synthetic spatial flood-hazard scenario; not observed flood data,synthetic vulnerability/depth-damage function,True
NZA-0111,1.054713,34.501981,informal_iron_sheet,12,5400,650000.0,25,0.04,NZ-025-0111,high,0.99,0.747,9.42,1.35,0.3287,213631.43,13000.0,200631.43,synthetic spatial flood-hazard scenario; not observed flood data,synthetic vulnerability/depth-damage function,True
NZA-0112,0.534791,35.321616,informal_iron_sheet,13,9300,1210000.0,25,0.04,NZ-025-0112,high,1.106,1.079,11.69,1.35,0.3911,473260.1,24200.0,449060.1,synthetic spatial flood-hazard scenario; not observed flood data,synthetic vulnerability/depth-damage function,True
NZA-0113,1.073646,34.684736,permanent_masonry,218,51700,112705000.0,25,0.04,NZ-025-0113,high,1.352,0.915,10.68,0.9,0.3428,38639763.04,250000.0,38389763.04,synthetic spatial flood-hazard scenario; not observed flood data,synthetic vulnerability/depth-damage function,True
NZA-0114,0.148965,34.514328,semi_permanent,30,12800,3840000.0,25,0.04,NZ-025-0114,high,1.149,1.01,12.07,1.0,0.3195,1226771.35,76800.0,1149971.35,synthetic spatial flood-hazard scenario; not observed flood data,synthetic vulnerability/depth-damage function,True
NZA-0115,0.740535,34.471813,permanent_masonry,80,42900,34320000.0,25,0.04,NZ-025-0115,high,1.309,1.018,12.6,0.9,0.3401,11673479.79,250000.0,11423479.79,synthetic spatial flood-hazard scenario; not observed flood data,synthetic vulnerability/depth-damage function,True
NZA-0116,0.780175,34.262123,semi_permanent,37,15900,5885000.0,25,0.04,NZ-025-0116,high,1.05,0.731,11.53,1.0,0.2782,1637278.18,117700.0,1519578.18,synthetic spatial flood-hazard scenario; not observed flood data,synthetic vulnerability/depth-damage function,True
NZA-0117,0.95021,34.707419,concrete_rcc,860,51800,445480000.0,25,0.04,NZ-025-0117,high,1.148,0.985,10.12,0.7,0.231,102900677.82,250000.0,102650677.82,synthetic spatial flood-hazard scenario; not observed flood data,synthetic vulnerability/depth-damage function,True
NZA-0118,1.064374,34.026167,semi_permanent,27,13600,3670000.0,25,0.04,NZ-025-0118,high,1.175,0.894,10.42,1.0,0.3187,1169459.81,73400.0,1096059.81,synthetic spatial flood-hazard scenario; not observed flood data,synthetic vulnerability/depth-damage function,True
NZA-0119,1.166562,35.217196,informal_iron_sheet,28,9800,2745000.0,25,0.04,NZ-025-0119,moderate,0.951,0.7,8.93,1.35,0.3112,854236.85,54900.0,799336.85,synthetic spatial flood-hazard scenario; not observed flood data,synthetic vulnerability/depth-damage function,True
NZA-0120,-0.116746,34.471442,concrete_rcc,214,52800,112990000.0,25,0.04,NZ-025-0120,high,1.434,1.056,11.68,0.7,0.3054,34506531.19,250000.0,34256531.19,synthetic spatial flood-hazard scenario; not observed flood data,synthetic vulnerability/depth-damage function,True
NZA-0121,-0.273176,34.832228,informal_iron_sheet,15,8900,1335000.0,25,0.04,NZ-025-0121,high,1.206,0.94,13.06,1.35,0.4261,568792.76,26700.0,542092.76,synthetic spatial flood-hazard scenario; not observed flood data,synthetic vulnerability/depth-damage function,True
NZA-0122,0.393685,33.808057,permanent_masonry,83,39400,32700000.0,25,0.04,NZ-025-0122,high,1.22,0.888,11.81,0.9,0.3083,10080133.89,250000.0,9830133.89,synthetic spatial flood-hazard scenario; not observed flood data,synthetic vulnerability/depth-damage function,True
NZA-0123,0.905739,34.322729,semi_permanent,46,14700,6760000.0,25,0.04,NZ-025-0123,high,1.363,1.018,10.91,1.0,0.3808,2574343.03,135200.0,2439143.03,synthetic spatial flood-hazard scenario; not observed flood data,synthetic vulnerability/depth-damage function,True
NZA-0124,0.280358,33.956709,semi_permanent,46,14900,6855000.0,25,0.04,NZ-025-0124,high,1.085,0.782,11.1,1.0,0.2892,1982752.46,137100.0,1845652.46,synthetic spatial flood-hazard scenario; not observed flood data,synthetic vulnerability/depth-damage function,True
NZA-0125,1.258103,34.015952,informal_iron_sheet,8,7900,630000.0,25,0.04,NZ-025-0125,high,1.061,0.862,10.21,1.35,0.3613,227594.94,12600.0,214994.94,synthetic spatial flood-hazard scenario; not observed flood data,synthetic vulnerability/depth-damage function,True
NZA-0126,1.233615,34.788823,permanent_masonry,184,58300,107270000.0,25,0.04,NZ-025-0126,high,1.064,0.862,11.3,0.9,0.2617,28075414.51,250000.0,27825414.51,synthetic spatial flood-hazard scenario; not observed flood data,synthetic vulnerability/depth-damage function,True
NZA-0127,0.657424,34.819639,permanent_masonry,92,64900,59710000.0,25,0.04,NZ-025-0127,high,1.33,0.943,12.28,0.9,0.3423,20441566.43,250000.0,20191566.43,synthetic spatial flood-hazard scenario; not observed flood data,synthetic vulnerability/depth-damage function,True
NZA-0128,1.090665,34.7761,permanent_masonry,138,55300,76315000.0,25,0.04,NZ-025-0128,high,1.287,1.082,11.73,0.9,0.3338,25473479.47,250000.0,25223479.47,synthetic spatial flood-hazard scenario; not observed flood data,synthetic vulnerability/depth-damage function,True
NZA-0129,0.845693,34.25638,informal_iron_sheet,9,9100,820000.0,25,0.04,NZ-025-0129,high,1.568,1.04,12.69,1.35,0.5504,451315.55,16400.0,434915.55,synthetic spatial flood-hazard scenario; not observed flood data,synthetic vulnerability/depth-damage function,True
NZA-0130,0.184154,35.153252,permanent_masonry,45,43100,19395000.0,25,0.04,NZ-025-0130,high,1.394,0.928,10.83,0.9,0.3553,6891365.65,250000.0,6641365.65,synthetic spatial flood-hazard scenario; not observed flood data,synthetic vulnerability/depth-damage function,True
NZA-0131,0.978099,35.02468,concrete_rcc,260,53800,139880000.0,25,0.04,NZ-025-0131,high,1.263,0.692,10.32,0.7,0.2499,34957148.53,250000.0,34707148.53,synthetic spatial flood-hazard scenario; not observed flood data,synthetic vulnerability/depth-damage function,True
NZA-0132,0.858911,34.714492,informal_iron_sheet,8,6400,510000.0,25,0.04,NZ-025-0132,high,1.219,0.972,12.28,1.35,0.4297,219125.8,10200.0,208925.8,synthetic spatial flood-hazard scenario; not observed flood data,synthetic vulnerability/depth-damage function,True
NZA-0133,1.033917,34.337831,concrete_rcc,180,68300,122940000.0,25,0.04,NZ-025-0133,high,1.287,0.914,10.48,0.7,0.2627,32300821.79,250000.0,32050821.79,synthetic spatial flood-hazard scenario; not observed flood data,synthetic vulnerability/depth-damage function,True
NZA-0134,-0.164067,34.954761,informal_iron_sheet,12,8900,1070000.0,25,0.04,NZ-025-0134,high,1.026,0.781,10.1,1.35,0.3449,369080.05,21400.0,347680.05,synthetic spatial flood-hazard scenario; not observed flood data,synthetic vulnerability/depth-damage function,True
NZA-0135,0.153592,34.152529,semi_permanent,44,14800,6510000.0,25,0.04,NZ-025-0135,high,1.247,0.858,10.06,1.0,0.3378,2198988.81,130200.0,2068788.81,synthetic spatial flood-hazard scenario; not observed flood data,synthetic vulnerability/depth-damage function,True
NZA-0136,0.492036,34.098308,semi_permanent,39,13000,5070000.0,25,0.04,NZ-025-0136,high,1.244,1.018,11.26,1.0,0.3464,1756059.25,101400.0,1654659.25,synthetic spatial flood-hazard scenario; not observed flood data,synthetic vulnerability/depth-damage function,True
NZA-0137,0.917142,33.749836,permanent_masonry,105,62400,65520000.0,25,0.04,NZ-025-0137,high,1.069,0.928,8.09,0.9,0.2575,16874349.81,250000.0,16624349.81,synthetic spatial flood-hazard scenario; not observed flood data,synthetic vulnerability/depth-damage function,True
NZA-0138,1.224768,34.962286,permanent_masonry,102,55500,56610000.0,25,0.04,NZ-025-0138,high,1.302,0.856,10.87,0.9,0.3273,18530673.97,250000.0,18280673.97,synthetic spatial flood-hazard scenario; not observed flood data,synthetic vulnerability/depth-damage function,True
NZA-0139,-0.266738,33.973491,informal_iron_sheet,16,8200,1310000.0,25,0.04,NZ-025-0139,high,1.072,0.99,10.19,1.35,0.3705,485302.92,26200.0,459102.92,synthetic spatial flood-hazard scenario; not observed flood data,synthetic vulnerability/depth-damage function,True
NZA-0140,-0.016867,34.265159,informal_iron_sheet,9,9500,855000.0,25,0.04,NZ-025-0140,high,1.36,1.053,12.76,1.35,0.4836,413478.1,17100.0,396378.1,synthetic spatial flood-hazard scenario; not observed flood data,synthetic vulnerability/depth-damage function,True
NZA-0141,0.486875,34.517157,informal_iron_sheet,20,5800,1160000.0,25,0.04,NZ-025-0141,high,1.321,1.154,12.33,1.35,0.4736,549389.96,23200.0,526189.96,synthetic spatial flood-hazard scenario; not observed flood data,synthetic vulnerability/depth-damage function,True
NZA-0142,0.284666,34.510305,informal_iron_sheet,21,9200,1930000.0,25,0.04,NZ-025-0142,high,1.311,1.071,13.31,1.35,0.4696,906309.11,38600.0,867709.11,synthetic spatial flood-hazard scenario; not observed flood data,synthetic vulnerability/depth-damage function,True
NZA-0143,0.174623,35.060375,informal_iron_sheet,23,6800,1565000.0,25,0.04,NZ-025-0143,high,1.434,1.0,11.01,1.35,0.4995,781661.05,31300.0,750361.05,synthetic spatial flood-hazard scenario; not observed flood data,synthetic vulnerability/depth-damage function,True
NZA-0144,0.425533,33.925462,semi_permanent,49,9700,4755000.0,25,0.04,NZ-025-0144,high,1.264,1.005,11.72,1.0,0.3535,1680916.58,95100.0,1585816.58,synthetic spatial flood-hazard scenario; not observed flood data,synthetic vulnerability/depth-damage function,True
NZA-0145,0.538147,34.75978,informal_iron_sheet,17,5000,850000.0,25,0.04,NZ-025-0145,high,1.452,1.166,13.14,1.35,0.5213,443081.12,17000.0,426081.12,synthetic spatial flood-hazard scenario; not observed flood data,synthetic vulnerability/depth-damage function,True
NZA-0146,0.985414,34.587465,semi_permanent,33,12100,3995000.0,25,0.04,NZ-025-0146,high,1.145,0.914,10.2,1.0,0.3097,1237436.07,79900.0,1157536.07,synthetic spatial flood-hazard scenario; not observed flood data,synthetic vulnerability/depth-damage function,True
NZA-0147,0.900762,34.081402,permanent_masonry,86,47100,40505000.0,25,0.04,NZ-025-0147,high,1.06,0.802,11.1,0.9,0.2582,10457188.83,250000.0,10207188.83,synthetic spatial flood-hazard scenario; not observed flood data,synthetic vulnerability/depth-damage function,True
NZA-0148,0.478766,34.228147,semi_permanent,40,8900,3560000.0,25,0.04,NZ-025-0148,high,1.099,0.792,10.48,1.0,0.2922,1040241.15,71200.0,969041.15,synthetic spatial flood-hazard scenario; not observed flood data,synthetic vulnerability/depth-damage function,True
NZA-0149,0.209102,34.367164,semi_permanent,58,14000,8120000.0,25,0.04,NZ-025-0149,high,1.373,0.981,11.28,1.0,0.3834,3113219.2,162400.0,2950819.2,synthetic spatial flood-hazard scenario; not observed flood data,synthetic vulnerability/depth-damage function,True
NZA-0150,0.475855,33.904578,semi_permanent,27,11000,2970000.0,25,0.04,NZ-025-0150,high,1.251,0.86,10.56,1.0,0.3404,1011011.99,59400.0,951611.99,synthetic spatial flood-hazard scenario; not observed flood data,synthetic vulnerability/depth-damage function,True
NZA-0151,0.811132,33.785321,permanent_masonry,93,61200,56915000.0,25,0.04,NZ-025-0151,high,1.075,0.827,10.5,0.9,0.2619,14904600.38,250000.0,14654600.38,synthetic spatial flood-hazard scenario; not observed flood data,synthetic vulnerability/depth-damage function,True
NZA-0152,1.091808,33.963898,informal_iron_sheet,11,6200,680000.0,25,0.04,NZ-025-0152,high,1.048,0.651,10.62,1.35,0.3494,237572.82,13600.0,223972.82,synthetic spatial flood-hazard scenario; not observed flood data,synthetic vulnerability/depth-damage function,True
NZA-0153,0.22262,34.382704,informal_iron_sheet,24,7000,1680000.0,25,0.04,NZ-025-0153,high,1.356,1.045,11.0,1.35,0.4758,799380.56,33600.0,765780.56,synthetic spatial flood-hazard scenario; not observed flood data,synthetic vulnerability/depth-damage function,True
NZA-0154,0.108316,35.154712,informal_iron_sheet,10,8700,870000.0,25,0.04,NZ-025-0154,high,1.067,0.952,11.62,1.35,0.3713,323016.78,17400.0,305616.78,synthetic spatial flood-hazard scenario; not observed flood data,synthetic vulnerability/depth-damage function,True
NZA-0155,-0.146898,34.202851,semi_permanent,42,14600,6130000.0,25,0.04,NZ-025-0155,high,0.93,0.728,8.95,1.0,0.2358,1445613.17,122600.0,1323013.17,synthetic spatial flood-hazard scenario; not observed flood data,synthetic vulnerability/depth-damage function,True
NZA-0156,-0.178586,35.094475,permanent_masonry,108,58100,62750000.0,25,0.04,NZ-025-0156,high,1.373,0.962,11.64,0.9,0.3532,22165445.88,250000.0,21915445.88,synthetic spatial flood-hazard scenario; not observed flood data,synthetic vulnerability/depth-damage function,True
NZA-0157,0.549955,35.195553,informal_iron_sheet,14,5200,730000.0,25,0.04,NZ-025-0157,high,1.276,0.904,10.78,1.35,0.4411,322038.45,14600.0,307438.45,synthetic spatial flood-hazard scenario; not observed flood data,synthetic vulnerability/depth-damage function,True
NZA-0158,0.032916,34.083035,permanent_masonry,109,52900,57660000.0,25,0.04,NZ-025-0158,high,1.145,0.847,11.46,0.9,0.2847,16414966.14,250000.0,16164966.14,synthetic spatial flood-hazard scenario; not observed flood data,synthetic vulnerability/depth-damage function,True
NZA-0159,1.255492,35.098112,concrete_rcc,185,71300,131905000.0,25,0.04,NZ-025-0159,high,1.055,0.885,8.91,0.7,0.2041,26917877.97,250000.0,26667877.97,synthetic spatial flood-hazard scenario; not observed flood data,synthetic vulnerability/depth-damage function,True
NZA-0160,0.512475,34.494717,semi_permanent,40,9200,3680000.0,25,0.04,NZ-025-0160,high,1.371,0.977,12.29,1.0,0.386,1420515.53,73600.0,1346915.53,synthetic spatial flood-hazard scenario; not observed flood data,synthetic vulnerability/depth-damage function,True
NZA-0161,0.887231,34.583379,permanent_masonry,123,37500,46125000.0,25,0.04,NZ-025-0161,high,1.397,0.873,11.28,0.9,0.3554,16392632.14,250000.0,16142632.14,synthetic spatial flood-hazard scenario; not observed flood data,synthetic vulnerability/depth-damage function,True
NZA-0162,1.042057,35.022524,semi_permanent,31,14500,4495000.0,25,0.04,NZ-025-0162,high,1.467,0.997,11.93,1.0,0.4136,1859031.08,89900.0,1769131.08,synthetic spatial flood-hazard scenario; not observed flood data,synthetic vulnerability/depth-damage function,True
NZA-0163,-0.135662,34.531432,semi_permanent,32,13100,4190000.0,25,0.04,NZ-025-0163,high,1.346,1.024,13.37,1.0,0.3839,1608332.84,83800.0,1524532.84,synthetic spatial flood-hazard scenario; not observed flood data,synthetic vulnerability/depth-damage function,True
NZA-0164,0.377008,34.788419,semi_permanent,30,12700,3810000.0,25,0.04,NZ-025-0164,high,1.442,0.92,11.35,1.0,0.4011,1528049.3,76200.0,1451849.3,synthetic spatial flood-hazard scenario; not observed flood data,synthetic vulnerability/depth-damage function,True
NZA-0165,1.295562,33.94838,informal_iron_sheet,8,8800,705000.0,25,0.04,NZ-025-0165,high,1.042,0.854,7.54,1.35,0.3459,243826.78,14100.0,229726.78,synthetic spatial flood-hazard scenario; not observed flood data,synthetic vulnerability/depth-damage function,True
NZA-0166,-0.004246,33.806293,permanent_masonry,81,59600,48275000.0,25,0.04,NZ-025-0166,high,1.029,0.903,9.59,0.9,0.249,12020198.3,250000.0,11770198.3,synthetic spatial flood-hazard scenario; not observed flood data,synthetic vulnerability/depth-damage function,True
NZA-0167,-0.174577,35.134691,informal_iron_sheet,20,9300,1860000.0,25,0.04,NZ-025-0167,high,0.99,0.743,8.56,1.35,0.3257,605874.83,37200.0,568674.83,synthetic spatial flood-hazard scenario; not observed flood data,synthetic vulnerability/depth-damage function,True
NZA-0168,0.084656,34.599648,informal_iron_sheet,13,5700,740000.0,25,0.04,NZ-025-0168,high,1.398,1.116,11.67,1.35,0.4954,366604.02,14800.0,351804.02,synthetic spatial flood-hazard scenario; not observed flood data,synthetic vulnerability/depth-damage function,True
NZA-0169,0.330014,33.785135,informal_iron_sheet,19,5700,1085000.0,25,0.04,NZ-025-0169,high,1.174,0.875,9.21,1.35,0.3992,433112.92,21700.0,411412.92,synthetic spatial flood-hazard scenario; not observed flood data,synthetic vulnerability/depth-damage function,True
NZA-0170,1.164046,34.99134,permanent_masonry,128,53500,68480000.0,25,0.04,NZ-025-0170,high,1.296,0.975,11.48,0.9,0.3319,22729730.66,250000.0,22479730.66,synthetic spatial flood-hazard scenario; not observed flood data,synthetic vulnerability/depth-damage function,True
NZA-0171,1.193402,34.990573,semi_permanent,23,15100,3475000.0,25,0.04,NZ-025-0171,high,0.955,0.805,8.75,1.0,0.2451,851649.18,69500.0,782149.18,synthetic spatial flood-hazard scenario; not observed flood data,synthetic vulnerability/depth-damage function,True
NZA-0172,0.347723,34.131278,semi_permanent,44,12700,5590000.0,25,0.04,NZ-025-0172,high,1.187,0.707,11.06,1.0,0.3172,1772921.65,111800.0,1661121.65,synthetic spatial flood-hazard scenario; not observed flood data,synthetic vulnerability/depth-damage function,True
NZA-0173,0.629879,34.896,semi_permanent,50,14700,7350000.0,25,0.04,NZ-025-0173,high,1.245,0.977,11.24,1.0,0.3451,2536775.3,147000.0,2389775.3,synthetic spatial flood-hazard scenario; not observed flood data,synthetic vulnerability/depth-damage function,True
NZA-0174,0.330706,35.332061,semi_permanent,32,12100,3870000.0,25,0.04,NZ-025-0174,high,1.339,0.897,9.84,1.0,0.3657,1415313.43,77400.0,1337913.43,synthetic spatial flood-hazard scenario; not observed flood data,synthetic vulnerability/depth-damage function,True
NZA-0175,0.98325,34.695033,semi_permanent,43,14800,6365000.0,25,0.04,NZ-025-0175,high,1.113,0.935,11.27,1.0,0.3038,1933926.24,127300.0,1806626.24,synthetic spatial flood-hazard scenario; not observed flood data,synthetic vulnerability/depth-damage function,True
NZA-0176,0.574189,35.188998,informal_iron_sheet,20,9500,1900000.0,25,0.04,NZ-025-0176,high,1.319,0.926,11.54,1.35,0.4594,872943.48,38000.0,834943.48,synthetic spatial flood-hazard scenario; not observed flood data,synthetic vulnerability/depth-damage function,True
NZA-0177,0.506191,33.885311,semi_permanent,48,11900,5710000.0,25,0.04,NZ-025-0177,high,1.284,0.964,11.1,1.0,0.3559,2032052.53,114200.0,1917852.53,synthetic spatial flood-hazard scenario; not observed flood data,synthetic vulnerability/depth-damage function,True
NZA-0178,0.976733,33.853665,semi_permanent,31,8100,2510000.0,25,0.04,NZ-025-0178,high,1.225,0.956,11.66,1.0,0.3394,852013.0,50200.0,801813.0,synthetic spatial flood-hazard scenario; not observed flood data,synthetic vulnerability/depth-damage function,True
NZA-0179,0.613792,34.321792,permanent_masonry,101,64600,65245000.0,25,0.04,NZ-025-0179,high,1.29,0.787,10.26,0.9,0.3198,20865535.96,250000.0,20615535.96,synthetic spatial flood-hazard scenario; not observed flood data,synthetic vulnerability/depth-damage function,True
NZA-0180,0.718625,33.923511,permanent_masonry,55,48500,26675000.0,25,0.04,NZ-025-0180,high,1.062,0.742,10.48,0.9,0.2556,6817020.41,250000.0,6567020.41,synthetic spatial flood-hazard scenario; not observed flood data,synthetic vulnerability/depth-damage function,True
NZA-0181,0.153304,35.389068,informal_iron_sheet,11,5200,570000.0,25,0.04,NZ-025-0181,high,0.945,0.987,9.99,1.35,0.3223,183739.39,11400.0,172339.39,synthetic spatial flood-hazard scenario; not observed flood data,synthetic vulnerability/depth-damage function,True
NZA-0182,0.227874,33.987182,permanent_masonry,111,41200,45730000.0,25,0.04,NZ-025-0182,high,1.233,0.976,11.71,0.9,0.3146,14385215.0,250000.0,14135215.0,synthetic spatial flood-hazard scenario; not observed flood data,synthetic vulnerability/depth-damage function,True
NZA-0183,0.765659,34.543054,informal_iron_sheet,13,8900,1155000.0,25,0.04,NZ-025-0183,high,1.317,0.945,11.87,1.35,0.4611,532584.03,23100.0,509484.03,synthetic spatial flood-hazard scenario; not observed flood data,synthetic vulnerability/depth-damage function,True
NZA-0184,-0.160013,33.827759,semi_permanent,52,14400,7490000.0,25,0.04,NZ-025-0184,high,1.353,0.893,11.56,1.0,0.375,2808646.14,149800.0,2658846.14,synthetic spatial flood-hazard scenario; not observed flood data,synthetic vulnerability/depth-damage function,True
NZA-0185,1.059973,33.772395,permanent_masonry,124,39300,48730000.0,25,0.04,NZ-025-0185,high,1.026,0.949,11.27,0.9,0.2536,12357135.14,250000.0,12107135.14,synthetic spatial flood-hazard scenario; not observed flood data,synthetic vulnerability/depth-damage function,True
NZA-0186,0.682634,34.983255,informal_iron_sheet,11,5800,640000.0,25,0.04,NZ-025-0186,high,1.295,0.949,11.94,1.35,0.4537,290392.43,12800.0,277592.43,synthetic spatial flood-hazard scenario; not observed flood data,synthetic vulnerability/depth-damage function,True
NZA-0187,0.113213,34.833715,semi_permanent,26,12100,3145000.0,25,0.04,NZ-025-0187,high,1.153,0.839,11.52,1.0,0.313,984266.31,62900.0,921366.31,synthetic spatial flood-hazard scenario; not observed flood data,synthetic vulnerability/depth-damage function,True
NZA-0188,0.978559,34.363694,informal_iron_sheet,14,8300,1160000.0,25,0.04,NZ-025-0188,high,1.324,0.996,11.65,1.35,0.4651,539473.75,23200.0,516273.75,synthetic spatial flood-hazard scenario; not observed flood data,synthetic vulnerability/depth-damage function,True
NZA-0189,0.350124,35.109995,semi_permanent,29,9800,2840000.0,25,0.04,NZ-025-0189,high,1.239,0.956,11.57,1.0,0.3435,975440.63,56800.0,918640.63,synthetic spatial flood-hazard scenario; not observed flood data,synthetic vulnerability/depth-damage function,True
NZA-0190,0.066907,34.937693,permanent_masonry,185,49300,91205000.0,25,0.04,NZ-025-0190,high,0.987,0.815,9.44,0.9,0.2343,21370251.25,250000.0,21120251.25,synthetic spatial flood-hazard scenario; not observed flood data,synthetic vulnerability/depth-damage function,True
NZA-0191,0.900958,34.589677,permanent_masonry,110,36000,39600000.0,25,0.04,NZ-025-0191,high,1.104,0.955,10.52,0.9,0.2741,10854574.19,250000.0,10604574.19,synthetic spatial flood-hazard scenario; not observed flood data,synthetic vulnerability/depth-damage function,True
NZA-0192,1.038165,35.008153,permanent_masonry,81,57300,46415000.0,25,0.04,NZ-025-0192,high,1.254,0.911,10.7,0.9,0.3156,14647485.02,250000.0,14397485.02,synthetic spatial flood-hazard scenario; not observed flood data,synthetic vulnerability/depth-damage function,True
NZA-0193,-0.070194,34.756022,concrete_rcc,443,75200,333135000.0,25,0.04,NZ-025-0193,high,1.22,0.812,9.9,0.7,0.2426,80819214.64,250000.0,80569214.64,synthetic spatial flood-hazard scenario; not observed flood data,synthetic vulnerability/depth-damage function,True
NZA-0194,-0.078109,33.841378,permanent_masonry,290,40000,116000000.0,25,0.04,NZ-025-0194,high,1.268,0.782,10.4,0.9,0.3137,36389366.98,250000.0,36139366.98,synthetic spatial flood-hazard scenario; not observed flood data,synthetic vulnerability/depth-damage function,True
NZA-0195,0.913456,34.12594,semi_permanent,65,9200,5980000.0,25,0.04,NZ-025-0195,high,1.229,0.843,11.89,1.0,0.3371,2015834.17,119600.0,1896234.17,synthetic spatial flood-hazard scenario; not observed flood data,synthetic vulnerability/depth-damage function,True
NZA-0196,1.210137,34.610609,informal_iron_sheet,16,7100,1135000.0,25,0.04,NZ-025-0196,high,1.171,0.958,10.98,1.35,0.4073,462286.6,22700.0,439586.6,synthetic spatial flood-hazard scenario; not observed flood data,synthetic vulnerability/depth-damage function,True
NZA-0197,0.961132,34.216405,semi_permanent,73,11100,8105000.0,25,0.04,NZ-025-0197,high,1.169,0.8,12.18,1.0,0.3184,2580535.96,162100.0,2418435.96,synthetic spatial flood-hazard scenario; not observed flood data,synthetic vulnerability/depth-damage function,True
NZA-0198,0.792632,34.650565,semi_permanent,39,9800,3820000.0,25,0.04,NZ-025-0198,high,1.243,1.037,10.86,1.0,0.3458,1320889.88,76400.0,1244489.88,synthetic spatial flood-hazard scenario; not observed flood data,synthetic vulnerability/depth-damage function,True
NZA-0199,-0.072626,34.828982,permanent_masonry,136,53500,72760000.0,25,0.04,NZ-025-0199,high,1.172,0.792,9.52,0.9,0.2852,20753435.85,250000.0,20503435.85,synthetic spatial flood-hazard scenario; not observed flood data,synthetic vulnerability/depth-damage function,True
NZA-0200,-0.00027,34.220095,informal_iron_sheet,10,9200,920000.0,25,0.04,NZ-025-0200,high,1.313,0.909,10.72,1.35,0.4538,417530.56,18400.0,399130.56,synthetic spatial flood-hazard scenario; not observed flood data,synthetic vulnerability/depth-damage function,True
NZA-0201,0.002237,34.709034,permanent_masonry,45,44800,20160000.0,25,0.04,NZ-025-0201,high,1.575,0.96,12.25,0.9,0.4102,8269242.67,250000.0,8019242.67,synthetic spatial flood-hazard scenario; not observed flood data,synthetic vulnerability/depth-damage function,True
NZA-0202,1.055605,34.184847,informal_iron_sheet,14,6300,880000.0,25,0.04,NZ-025-0202,high,1.272,0.988,10.52,1.35,0.4429,389737.35,17600.0,372137.35,synthetic spatial flood-hazard scenario; not observed flood data,synthetic vulnerability/depth-damage function,True
NZA-0203,1.28914,34.853038,permanent_masonry,126,52500,66150000.0,25,0.04,NZ-025-0203,high,1.132,0.946,9.92,0.9,0.2803,18542860.02,250000.0,18292860.02,synthetic spatial flood-hazard scenario; not observed flood data,synthetic vulnerability/depth-damage function,True
NZA-0204,-0.055852,33.719756,informal_iron_sheet,14,9200,1290000.0,25,0.04,NZ-025-0204,high,1.124,0.74,9.36,1.35,0.376,485084.98,25800.0,459284.98,synthetic spatial flood-hazard scenario; not observed flood data,synthetic vulnerability/depth-damage function,True
NZA-0205,0.376545,35.3465,informal_iron_sheet,13,6300,820000.0,25,0.04,NZ-025-0205,high,1.204,0.723,9.28,1.35,0.4033,330683.45,16400.0,314283.45,synthetic spatial flood-hazard scenario; not observed flood data,synthetic vulnerability/depth-damage function,True
NZA-0206,1.127888,34.607065,informal_iron_sheet,28,8800,2465000.0,25,0.04,NZ-025-0206,high,1.301,0.948,10.47,1.35,0.4508,1111293.12,49300.0,1061993.12,synthetic spatial flood-hazard scenario; not observed flood data,synthetic vulnerability/depth-damage function,True
NZA-0207,1.245841,34.340392,permanent_masonry,73,58100,42415000.0,25,0.04,NZ-025-0207,high,1.272,0.838,11.12,0.9,0.3189,13524625.94,250000.0,13274625.94,synthetic spatial flood-hazard scenario; not observed flood data,synthetic vulnerability/depth-damage function,True
NZA-0208,0.460521,34.445185,semi_permanent,25,14000,3500000.0,25,0.04,NZ-025-0208,high,1.263,1.003,10.96,1.0,0.3507,1227355.12,70000.0,1157355.12,synthetic spatial flood-hazard scenario; not observed flood data,synthetic vulnerability/depth-damage function,True
NZA-0209,-0.281133,33.981186,permanent_masonry,79,54100,42740000.0,25,0.04,NZ-025-0209,high,1.095,0.946,10.78,0.9,0.2721,11630412.07,250000.0,11380412.07,synthetic spatial flood-hazard scenario; not observed flood data,synthetic vulnerability/depth-damage function,True
NZA-0210,0.816474,35.262409,semi_permanent,53,14900,7895000.0,25,0.04,NZ-025-0210,high,1.196,0.908,9.86,1.0,0.3239,2557057.37,157900.0,2399157.37,synthetic spatial flood-hazard scenario; not observed flood data,synthetic vulnerability/depth-damage function,True
NZA-0211,0.961856,34.521307,semi_permanent,31,11300,3505000.0,25,0.04,NZ-025-0211,high,1.539,1.091,13.25,1.0,0.4428,1552055.34,70100.0,1481955.34,synthetic spatial flood-hazard scenario; not observed flood data,synthetic vulnerability/depth-damage function,True
NZA-0212,-0.065838,34.54263,concrete_rcc,404,70400,284415000.0,25,0.04,NZ-025-0212,high,1.264,0.973,10.77,0.7,0.2597,73875029.35,250000.0,73625029.35,synthetic spatial flood-hazard scenario; not observed flood data,synthetic vulnerability/depth-damage function,True
NZA-0213,0.91605,33.907819,permanent_masonry,176,64000,112640000.0,25,0.04,NZ-025-0213,high,1.103,0.736,9.31,0.9,0.264,29738348.79,250000.0,29488348.79,synthetic spatial flood-hazard scenario; not observed flood data,synthetic vulnerability/depth-damage function,True
NZA-0214,0.07754,34.549123,informal_iron_sheet,11,7800,860000.0,25,0.04,NZ-025-0214,high,1.386,1.151,11.66,1.35,0.493,423995.16,17200.0,406795.16,synthetic spatial flood-hazard scenario; not observed flood data,synthetic vulnerability/depth-damage function,True
NZA-0215,-0.202341,34.161636,informal_iron_sheet,10,9400,940000.0,25,0.04,NZ-025-0215,high,1.234,0.907,9.55,1.35,0.4227,397331.82,18800.0,378531.82,synthetic spatial flood-hazard scenario; not observed flood data,synthetic vulnerability/depth-damage function,True
NZA-0216,0.833242,34.463678,informal_iron_sheet,14,7500,1050000.0,25,0.04,NZ-025-0216,high,1.302,1.074,11.04,1.35,0.4587,481676.74,21000.0,460676.74,synthetic spatial flood-hazard scenario; not observed flood data,synthetic vulnerability/depth-damage function,True
NZA-0217,-0.098812,34.8947,informal_iron_sheet,21,9200,1930000.0,25,0.04,NZ-025-0217,high,1.196,0.781,12.0,1.35,0.4119,795016.87,38600.0,756416.87,synthetic spatial flood-hazard scenario; not observed flood data,synthetic vulnerability/depth-damage function,True
NZA-0218,0.507474,34.920729,semi_permanent,54,9200,4970000.0,25,0.04,NZ-025-0218,high,1.423,1.109,11.82,1.0,0.4052,2013740.03,99400.0,1914340.03,synthetic spatial flood-hazard scenario; not observed flood data,synthetic vulnerability/depth-damage function,True
NZA-0219,1.054706,34.124126,semi_permanent,43,12300,5290000.0,25,0.04,NZ-025-0219,high,1.19,0.876,10.53,1.0,0.3228,1707410.75,105800.0,1601610.75,synthetic spatial flood-hazard scenario; not observed flood data,synthetic vulnerability/depth-damage function,True
NZA-0220,0.729331,34.535484,semi_permanent,50,15600,7800000.0,25,0.04,NZ-025-0220,high,1.576,1.141,13.43,1.0,0.4561,3557370.31,156000.0,3401370.31,synthetic spatial flood-hazard scenario; not observed flood data,synthetic vulnerability/depth-damage function,True
NZA-0221,0.139703,35.199674,semi_permanent,49,14300,7005000.0,25,0.04,NZ-025-0221,high,1.048,0.906,10.05,1.0,0.2798,1959747.87,140100.0,1819647.87,synthetic spatial flood-hazard scenario; not observed flood data,synthetic vulnerability/depth-damage function,True
NZA-0222,0.963084,34.705498,semi_permanent,36,15400,5545000.0,25,0.04,NZ-025-0222,high,1.246,0.871,11.45,1.0,0.342,1896190.52,110900.0,1785290.52,synthetic spatial flood-hazard scenario; not observed flood data,synthetic vulnerability/depth-damage function,True
NZA-0223,0.285659,34.150175,semi_permanent,30,11200,3360000.0,25,0.04,NZ-025-0223,high,1.464,0.865,10.93,1.0,0.4037,1356517.78,67200.0,1289317.78,synthetic spatial flood-hazard scenario; not observed flood data,synthetic vulnerability/depth-damage function,True
NZA-0224,0.166684,33.973535,permanent_masonry,100,49700,49700000.0,25,0.04,NZ-025-0224,high,1.094,0.898,11.14,0.9,0.271,13471090.37,250000.0,13221090.37,synthetic spatial flood-hazard scenario; not observed flood data,synthetic vulnerability/depth-damage function,True
NZA-0225,0.981894,33.990876,informal_iron_sheet,15,8200,1230000.0,25,0.04,NZ-025-0225,high,0.931,0.823,8.41,1.35,0.3067,377266.75,24600.0,352666.75,synthetic spatial flood-hazard scenario; not observed flood data,synthetic vulnerability/depth-damage function,True
NZA-0226,0.129184,34.293588,informal_iron_sheet,23,6600,1520000.0,25,0.04,NZ-025-0226,high,1.214,0.915,11.42,1.35,0.4223,641885.13,30400.0,611485.13,synthetic spatial flood-hazard scenario; not observed flood data,synthetic vulnerability/depth-damage function,True
NZA-0227,0.173777,33.973324,informal_iron_sheet,21,9000,1890000.0,25,0.04,NZ-025-0227,high,1.113,0.831,10.66,1.35,0.3801,718350.98,37800.0,680550.98,synthetic spatial flood-hazard scenario; not observed flood data,synthetic vulnerability/depth-damage function,True
NZA-0228,0.337195,35.035908,informal_iron_sheet,19,7800,1480000.0,25,0.04,NZ-025-0228,high,1.194,0.957,9.57,1.35,0.411,608250.16,29600.0,578650.16,synthetic spatial flood-hazard scenario; not observed flood data,synthetic vulnerability/depth-damage function,True
NZA-0229,-0.248699,35.31671,semi_permanent,27,12600,3400000.0,25,0.04,NZ-025-0229,high,1.054,0.844,9.6,1.0,0.2784,946467.99,68000.0,878467.99,synthetic spatial flood-hazard scenario; not observed flood data,synthetic vulnerability/depth-damage function,True
NZA-0230,0.728115,35.387876,semi_permanent,38,12000,4560000.0,25,0.04,NZ-025-0230,high,1.252,0.822,9.41,1.0,0.3359,1531633.88,91200.0,1440433.88,synthetic spatial flood-hazard scenario; not observed flood data,synthetic vulnerability/depth-damage function,True
NZA-0231,-0.080244,34.892939,semi_permanent,43,9100,3915000.0,25,0.04,NZ-025-0231,high,1.295,1.022,11.69,1.0,0.3631,1421717.45,78300.0,1343417.45,synthetic spatial flood-hazard scenario; not observed flood data,synthetic vulnerability/depth-damage function,True
NZA-0232,0.247534,34.558433,informal_iron_sheet,11,8200,900000.0,25,0.04,NZ-025-0232,high,1.29,0.902,11.8,1.35,0.4494,404416.37,18000.0,386416.37,synthetic spatial flood-hazard scenario; not observed flood data,synthetic vulnerability/depth-damage function,True
NZA-0233,0.922151,35.061651,concrete_rcc,363,76200,276605000.0,25,0.04,NZ-025-0233,high,1.285,0.944,10.0,0.7,0.2621,72492958.66,250000.0,72242958.66,synthetic spatial flood-hazard scenario; not observed flood data,synthetic vulnerability/depth-damage function,True
NZA-0234,-0.102681,34.4462,informal_iron_sheet,15,6200,930000.0,25,0.04,NZ-025-0234,high,1.369,0.919,11.29,1.35,0.4752,441928.23,18600.0,423328.23,synthetic spatial flood-hazard scenario; not observed flood data,synthetic vulnerability/depth-damage function,True
NZA-0235,0.277237,33.7611,concrete_rcc,540,66800,360720000.0,25,0.04,NZ-025-0235,high,1.232,0.85,9.13,0.7,0.2447,88257223.34,250000.0,88007223.34,synthetic spatial flood-hazard scenario; not observed flood data,synthetic vulnerability/depth-damage function,True
NZA-0236,1.051056,35.348716,concrete_rcc,377,59100,222805000.0,25,0.04,NZ-025-0236,high,0.997,0.904,8.84,0.7,0.1909,42540849.91,250000.0,42290849.91,synthetic spatial flood-hazard scenario; not observed flood data,synthetic vulnerability/depth-damage function,True
NZA-0237,0.664035,33.87008,semi_permanent,40,8700,3480000.0,25,0.04,NZ-025-0237,high,1.162,0.835,9.96,1.0,0.3112,1083058.74,69600.0,1013458.74,synthetic spatial flood-hazard scenario; not observed flood data,synthetic vulnerability/depth-damage function,True
NZA-0238,-0.203953,33.787429,informal_iron_sheet,14,9400,1315000.0,25,0.04,NZ-025-0238,high,1.064,0.84,10.66,1.35,0.363,477361.89,26300.0,451061.89,synthetic spatial flood-hazard scenario; not observed flood data,synthetic vulnerability/depth-damage function,True
NZA-0239,0.094046,34.98894,informal_iron_sheet,12,8100,970000.0,25,0.04,NZ-025-0239,high,1.286,0.991,10.48,1.35,0.4476,434142.7,19400.0,414742.7,synthetic spatial flood-hazard scenario; not observed flood data,synthetic vulnerability/depth-damage function,True
NZA-0240,0.839308,34.623191,informal_iron_sheet,10,5400,540000.0,25,0.04,NZ-025-0240,high,1.259,0.923,12.92,1.35,0.4436,239555.87,10800.0,228755.87,synthetic spatial flood-hazard scenario; not observed flood data,synthetic vulnerability/depth-damage function,True
NZA-0241,0.903049,34.77593,informal_iron_sheet,10,7600,760000.0,25,0.04,NZ-025-0241,high,1.146,0.749,9.88,1.35,0.3861,293442.58,15200.0,278242.58,synthetic spatial flood-hazard scenario; not observed flood data,synthetic vulnerability/depth-damage function,True
NZA-0242,-0.27746,34.786991,informal_iron_sheet,12,9300,1115000.0,25,0.04,NZ-025-0242,high,1.008,0.73,9.39,1.35,0.3342,372611.32,22300.0,350311.32,synthetic spatial flood-hazard scenario; not observed flood data,synthetic vulnerability/depth-damage function,True
NZA-0243,0.311782,34.453673,informal_iron_sheet,22,7900,1740000.0,25,0.04,NZ-025-0243,high,1.284,0.937,11.66,1.35,0.4485,780430.63,34800.0,745630.63,synthetic spatial flood-hazard scenario; not observed flood data,synthetic vulnerability/depth-damage function,True
NZA-0244,0.405315,33.820881,informal_iron_sheet,20,9100,1820000.0,25,0.04,NZ-025-0244,high,1.356,0.991,10.66,1.35,0.472,858964.83,36400.0,822564.83,synthetic spatial flood-hazard scenario; not observed flood data,synthetic vulnerability/depth-damage function,True
NZA-0245,0.470147,34.610429,informal_iron_sheet,8,6300,505000.0,25,0.04,NZ-025-0245,high,1.403,0.965,10.7,1.35,0.4867,245801.91,10100.0,235701.91,synthetic spatial flood-hazard scenario; not observed flood data,synthetic vulnerability/depth-damage function,True
NZA-0246,0.786112,35.372968,semi_permanent,31,14800,4590000.0,25,0.04,NZ-025-0246,high,1.097,0.664,9.14,1.0,0.2838,1302838.76,91800.0,1211038.76,synthetic spatial flood-hazard scenario; not observed flood data,synthetic vulnerability/depth-damage function,True
NZA-0247,1.02771,34.603808,permanent_masonry,89,42900,38180000.0,25,0.04,NZ-025-0247,high,1.452,0.905,11.65,0.9,0.3728,14232381.82,250000.0,13982381.82,synthetic spatial flood-hazard scenario; not observed flood data,synthetic vulnerability/depth-damage function,True
NZA-0248,1.278619,35.180017,semi_permanent,38,15300,5815000.0,25,0.04,NZ-025-0248,high,1.212,0.956,11.15,1.0,0.3343,1943797.97,116300.0,1827497.97,synthetic spatial flood-hazard scenario; not observed flood data,synthetic vulnerability/depth-damage function,True
NZA-0249,0.784923,35.201385,semi_permanent,34,9100,3095000.0,25,0.04,NZ-025-0249,high,0.954,0.856,10.36,1.0,0.2503,774660.87,61900.0,712760.87,synthetic spatial flood-hazard scenario; not observed flood data,synthetic vulnerability/depth-damage function,True
NZA-0250,0.30244,34.881249,semi_permanent,37,8300,3070000.0,25,0.04,NZ-025-0250,high,1.159,0.824,10.75,1.0,0.3122,958439.87,61400.0,897039.87,synthetic spatial flood-hazard scenario; not observed flood data,synthetic vulnerability/depth-damage function,True
NZA-0251,1.03318,34.046947,informal_iron_sheet,11,5400,595000.0,25,0.04,NZ-025-0251,high,1.466,0.868,11.61,1.35,0.5058,300955.77,11900.0,289055.77,synthetic spatial flood-hazard scenario; not observed flood data,synthetic vulnerability/depth-damage function,True
NZA-0252,1.194176,35.293823,informal_iron_sheet,11,8700,955000.0,25,0.04,NZ-025-0252,high,1.064,0.806,10.62,1.35,0.3615,345249.04,19100.0,326149.04,synthetic spatial flood-hazard scenario; not observed flood data,synthetic vulnerability/depth-damage function,True
NZA-0253,0.529755,35.078419,permanent_masonry,178,41500,73870000.0,25,0.04,NZ-025-0253,high,1.094,0.784,10.66,0.9,0.2662,19663623.09,250000.0,19413623.09,synthetic spatial flood-hazard scenario; not observed flood data,synthetic vulnerability/depth-damage function,True
NZA-0254,0.343724,35.047128,concrete_rcc,697,61100,425865000.0,25,0.04,NZ-025-0254,high,1.248,0.971,9.81,0.7,0.2537,108026915.28,250000.0,107776915.28,synthetic spatial flood-hazard scenario; not observed flood data,synthetic vulnerability/depth-damage function,True
NZA-0255,0.70253,33.825102,informal_iron_sheet,8,7400,590000.0,25,0.04,NZ-025-0255,high,1.292,0.824,9.77,1.35,0.4396,259372.0,11800.0,247572.0,synthetic spatial flood-hazard scenario; not observed flood data,synthetic vulnerability/depth-damage function,True
NZA-0256,-0.006645,35.185234,semi_permanent,37,14200,5255000.0,25,0.04,NZ-025-0256,high,1.222,0.808,9.47,1.0,0.3269,1717627.16,105100.0,1612527.16,synthetic spatial flood-hazard scenario; not observed flood data,synthetic vulnerability/depth-damage function,True
NZA-0257,0.631845,34.774512,informal_iron_sheet,12,5400,650000.0,25,0.04,NZ-025-0257,high,1.347,0.956,11.87,1.35,0.4716,306521.44,13000.0,293521.44,synthetic spatial flood-hazard scenario; not observed flood data,synthetic vulnerability/depth-damage function,True
NZA-0258,0.574405,34.730911,semi_permanent,45,9500,4275000.0,25,0.04,NZ-025-0258,high,1.367,1.022,12.94,1.0,0.3885,1660900.81,85500.0,1575400.81,synthetic spatial flood-hazard scenario; not observed flood data,synthetic vulnerability/depth-damage function,True
NZA-0259,0.980305,33.863152,informal_iron_sheet,14,8300,1160000.0,25,0.04,NZ-025-0259,high,1.158,0.752,10.07,1.35,0.3909,453428.76,23200.0,430228.76,synthetic spatial flood-hazard scenario; not observed flood data,synthetic vulnerability/depth-damage function,True
NZA-0260,-0.141532,35.034344,permanent_masonry,103,44900,46245000.0,25,0.04,NZ-025-0260,high,1.052,0.94,9.57,0.9,0.2567,11869086.86,250000.0,11619086.86,synthetic spatial flood-hazard scenario; not observed flood data,synthetic vulnerability/depth-damage function,True
NZA-0261,-0.204841,34.978545,informal_iron_sheet,17,6300,1070000.0,25,0.04,NZ-025-0261,high,1.183,0.887,10.0,1.35,0.4053,433681.75,21400.0,412281.75,synthetic spatial flood-hazard scenario; not observed flood data,synthetic vulnerability/depth-damage function,True
NZA-0262,0.336428,34.151892,semi_permanent,36,15500,5580000.0,25,0.04,NZ-025-0262,high,1.396,1.033,12.31,1.0,0.3955,2207093.7,111600.0,2095493.7,synthetic spatial flood-hazard scenario; not observed flood data,synthetic vulnerability/depth-damage function,True
NZA-0263,0.441061,33.936723,permanent_masonry,127,49700,63120000.0,25,0.04,NZ-025-0263,high,1.219,0.907,11.78,0.9,0.3086,19479313.11,250000.0,19229313.11,synthetic spatial flood-hazard scenario; not observed flood data,synthetic vulnerability/depth-damage function,True
NZA-0264,0.582415,34.863063,semi_permanent,69,11000,7590000.0,25,0.04,NZ-025-0264,high,1.53,0.955,13.61,1.0,0.4352,3303259.85,151800.0,3151459.85,synthetic spatial flood-hazard scenario; not observed flood data,synthetic vulnerability/depth-damage function,True
NZA-0265,1.103404,34.031378,permanent_masonry,141,61800,87140000.0,25,0.04,NZ-025-0265,high,1.244,0.922,9.68,0.9,0.3104,27049435.45,250000.0,26799435.45,synthetic spatial flood-hazard scenario; not observed flood data,synthetic vulnerability/depth-damage function,True
NZA-0266,-0.289731,34.413022,permanent_masonry,121,54300,65705000.0,25,0.04,NZ-025-0266,high,1.327,0.988,11.15,0.9,0.3399,22333490.66,250000.0,22083490.66,synthetic spatial flood-hazard scenario; not observed flood data,synthetic vulnerability/depth-damage function,True
NZA-0267,1.20618,34.952274,semi_permanent,34,15500,5270000.0,25,0.04,NZ-025-0267,high,1.167,0.803,9.61,1.0,0.3108,1638125.32,105400.0,1532725.32,synthetic spatial flood-hazard scenario; not observed flood data,synthetic vulnerability/depth-damage function,True
NZA-0268,1.080481,34.541392,permanent_masonry,149,48800,72710000.0,25,0.04,NZ-025-0268,high,1.43,1.062,12.05,0.9,0.3743,27217349.79,250000.0,26967349.79,synthetic spatial flood-hazard scenario; not observed flood data,synthetic vulnerability/depth-damage function,True
NZA-0269,1.265353,35.013313,semi_permanent,52,15800,8215000.0,25,0.04,NZ-025-0269,high,0.753,0.656,9.49,1.0,0.1824,1498612.48,164300.0,1334312.48,synthetic spatial flood-hazard scenario; not observed flood data,synthetic vulnerability/depth-damage function,True
NZA-0270,0.162901,33.9899,concrete_rcc,372,55000,204600000.0,25,0.04,NZ-025-0270,high,1.565,1.097,12.06,0.7,0.339,69357796.36,250000.0,69107796.36,synthetic spatial flood-hazard scenario; not observed flood data,synthetic vulnerability/depth-damage function,True
NZA-0271,0.91255,35.150675,informal_iron_sheet,11,6300,695000.0,25,0.04,NZ-025-0271,high,1.086,0.805,10.88,1.35,0.3702,257296.74,13900.0,243396.74,synthetic spatial flood-hazard scenario; not observed flood data,synthetic vulnerability/depth-damage function,True
NZA-0272,0.846355,34.649884,informal_iron_sheet,15,7500,1125000.0,25,0.04,NZ-025-0272,high,1.527,1.046,12.95,1.35,0.5388,606173.09,22500.0,583673.09,synthetic spatial flood-hazard scenario; not observed flood data,synthetic vulnerability/depth-damage function,True
NZA-0273,0.661502,34.61257,informal_iron_sheet,13,9800,1275000.0,25,0.04,NZ-025-0273,high,1.526,1.048,14.68,1.35,0.5448,694647.21,25500.0,669147.21,synthetic spatial flood-hazard scenario; not observed flood data,synthetic vulnerability/depth-damage function,True
NZA-0274,0.054072,33.889111,permanent_masonry,99,63600,62965000.0,25,0.04,NZ-025-0274,high,1.351,0.831,11.85,0.9,0.3427,21576053.64,250000.0,21326053.64,synthetic spatial flood-hazard scenario; not observed flood data,synthetic vulnerability/depth-damage function,True
NZA-0275,0.627349,34.64853,informal_iron_sheet,28,5900,1650000.0,25,0.04,NZ-025-0275,high,1.162,0.948,10.56,1.35,0.4025,664194.21,33000.0,631194.21,synthetic spatial flood-hazard scenario; not observed flood data,synthetic vulnerability/depth-damage function,True
NZA-0276,0.777207,34.376214,permanent_masonry,125,44600,55750000.0,25,0.04,NZ-025-0276,high,1.211,0.848,10.98,0.9,0.3021,16842443.01,250000.0,16592443.01,synthetic spatial flood-hazard scenario; not observed flood data,synthetic vulnerability/depth-damage function,True
NZA-0277,1.02503,35.248999,informal_iron_sheet,14,9500,1330000.0,25,0.04,NZ-025-0277,high,1.173,0.682,8.91,1.35,0.3893,517826.27,26600.0,491226.27,synthetic spatial flood-hazard scenario; not observed flood data,synthetic vulnerability/depth-damage function,True
NZA-0278,0.628028,33.945231,permanent_masonry,85,58800,49980000.0,25,0.04,NZ-025-0278,high,1.373,1.141,11.2,0.9,0.3589,17936477.47,250000.0,17686477.47,synthetic spatial flood-hazard scenario; not observed flood data,synthetic vulnerability/depth-damage function,True
NZA-0279,0.517021,34.628905,semi_permanent,34,9400,3195000.0,25,0.04,NZ-025-0279,high,1.46,1.086,13.05,1.0,0.4191,1339026.83,63900.0,1275126.83,synthetic spatial flood-hazard scenario; not observed flood data,synthetic vulnerability/depth-damage function,True
NZA-0280,1.185841,34.483516,semi_permanent,41,10500,4305000.0,25,0.04,NZ-025-0280,high,1.37,1.089,13.07,1.0,0.3927,1690663.81,86100.0,1604563.81,synthetic spatial flood-hazard scenario; not observed flood data,synthetic vulnerability/depth-damage function,True
NZA-0281,0.439745,35.312734,concrete_rcc,706,66200,467370000.0,25,0.04,NZ-025-0281,high,1.146,0.73,10.16,0.7,0.2234,104424057.01,250000.0,104174057.01,synthetic spatial flood-hazard scenario; not observed flood data,synthetic vulnerability/depth-damage function,True
NZA-0282,0.791292,35.169288,semi_permanent,51,9300,4745000.0,25,0.04,NZ-025-0282,high,1.135,0.767,11.75,1.0,0.3056,1450152.3,94900.0,1355252.3,synthetic spatial flood-hazard scenario; not observed flood data,synthetic vulnerability/depth-damage function,True
NZA-0283,0.923322,34.530605,semi_permanent,27,13400,3620000.0,25,0.04,NZ-025-0283,high,1.178,0.955,10.54,1.0,0.3222,1166274.58,72400.0,1093874.58,synthetic spatial flood-hazard scenario; not observed flood data,synthetic vulnerability/depth-damage function,True
NZA-0284,0.769539,35.168805,informal_iron_sheet,12,8400,1010000.0,25,0.04,NZ-025-0284,high,1.153,0.945,11.03,1.35,0.4005,404551.25,20200.0,384351.25,synthetic spatial flood-hazard scenario; not observed flood data,synthetic vulnerability/depth-damage function,True
NZA-0285,0.574865,34.657637,permanent_masonry,103,35400,36460000.0,25,0.04,NZ-025-0285,high,1.154,1.039,10.82,0.9,0.292,10645582.87,250000.0,10395582.87,synthetic spatial flood-hazard scenario; not observed flood data,synthetic vulnerability/depth-damage function,True
NZA-0286,0.178493,33.901017,permanent_masonry,59,54900,32390000.0,25,0.04,NZ-025-0286,high,1.21,0.928,10.91,0.9,0.3044,9860413.47,250000.0,9610413.47,synthetic spatial flood-hazard scenario; not observed flood data,synthetic vulnerability/depth-damage function,True
NZA-0287,-0.032237,33.866162,semi_permanent,39,12600,4915000.0,25,0.04,NZ-025-0287,high,1.131,0.759,10.16,1.0,0.3,1474439.42,98300.0,1376139.42,synthetic spatial flood-hazard scenario; not observed flood data,synthetic vulnerability/depth-damage function,True
NZA-0288,1.019005,34.386734,permanent_masonry,166,51200,84990000.0,25,0.04,NZ-025-0288,high,1.307,0.943,11.77,0.9,0.3344,28423703.68,250000.0,28173703.68,synthetic spatial flood-hazard scenario; not observed flood data,synthetic vulnerability/depth-damage function,True
NZA-0289,0.87648,35.270379,semi_permanent,45,11400,5130000.0,25,0.04,NZ-025-0289,high,1.17,0.951,9.98,1.0,0.3179,1630893.53,102600.0,1528293.53,synthetic spatial flood-hazard scenario; not observed flood data,synthetic vulnerability/depth-damage function,True
NZA-0290,0.727901,34.986233,informal_iron_sheet,14,6400,895000.0,25,0.04,NZ-025-0290,high,1.374,0.876,11.93,1.35,0.4772,427102.79,17900.0,409202.79,synthetic spatial flood-hazard scenario; not observed flood data,synthetic vulnerability/depth-damage function,True
NZA-0291,1.182063,35.231795,concrete_rcc,329,67200,221090000.0,25,0.04,NZ-025-0291,high,1.139,0.788,9.89,0.7,0.223,49294428.18,250000.0,49044428.18,synthetic spatial flood-hazard scenario; not observed flood data,synthetic vulnerability/depth-damage function,True
NZA-0292,0.95596,35.318004,informal_iron_sheet,14,9400,1315000.0,25,0.04,NZ-025-0292,moderate,0.968,0.629,9.33,1.35,0.3157,415086.88,26300.0,388786.88,synthetic spatial flood-hazard scenario; not observed flood data,synthetic vulnerability/depth-damage function,True
NZA-0293,1.153901,34.966821,permanent_masonry,58,36800,21345000.0,25,0.04,NZ-025-0293,high,1.002,0.867,10.42,0.9,0.2424,5173328.85,250000.0,4923328.85,synthetic spatial flood-hazard scenario; not observed flood data,synthetic vulnerability/depth-damage function,True
NZA-0294,0.965489,34.374677,concrete_rcc,274,51700,141660000.0,25,0.04,NZ-025-0294,high,1.275,0.955,11.22,0.7,0.2629,37239782.63,250000.0,36989782.63,synthetic spatial flood-hazard scenario; not observed flood data,synthetic vulnerability/depth-damage function,True
NZA-0295,0.368369,34.148271,concrete_rcc,576,67000,385920000.0,25,0.04,NZ-025-0295,high,1.381,0.95,10.01,0.7,0.2848,109900156.84,250000.0,109650156.84,synthetic spatial flood-hazard scenario; not observed flood data,synthetic vulnerability/depth-damage function,True
NZA-0296,0.834715,35.024396,semi_permanent,46,9400,4325000.0,25,0.04,NZ-025-0296,high,1.227,0.817,12.37,1.0,0.3368,1456659.49,86500.0,1370159.49,synthetic spatial flood-hazard scenario; not observed flood data,synthetic vulnerability/depth-damage function,True
NZA-0297,0.910832,35.060717,informal_iron_sheet,17,5100,865000.0,25,0.04,NZ-025-0297,high,0.902,0.742,9.61,1.35,0.2966,256551.07,17300.0,239251.07,synthetic spatial flood-hazard scenario; not observed flood data,synthetic vulnerability/depth-damage function,True
NZA-0298,0.35965,35.324168,informal_iron_sheet,23,5300,1220000.0,25,0.04,NZ-025-0298,high,1.03,0.818,11.0,1.35,0.3504,427478.02,24400.0,403078.02,synthetic spatial flood-hazard scenario; not observed flood data,synthetic vulnerability/depth-damage function,True
NZA-0299,0.153178,34.779217,semi_permanent,27,8800,2375000.0,25,0.04,NZ-025-0299,high,1.37,1.083,13.09,1.0,0.3925,932111.86,47500.0,884611.86,synthetic spatial flood-hazard scenario; not observed flood data,synthetic vulnerability/depth-damage function,True
NZA-0300,0.458554,35.18356,semi_permanent,24,15000,3600000.0,25,0.04,NZ-025-0300,high,1.25,0.772,12.2,1.0,0.3416,1229887.71,72000.0,1157887.71,synthetic spatial flood-hazard scenario; not observed flood data,synthetic vulnerability/depth-damage function,True
NZA-0301,-0.162183,34.160557,permanent_masonry,128,62300,79745000.0,25,0.04,NZ-025-0301,high,1.234,0.911,9.51,0.9,0.3067,24456339.51,250000.0,24206339.51,synthetic spatial flood-hazard scenario; not observed flood data,synthetic vulnerability/depth-damage function,True
NZA-0302,0.308398,34.177234,semi_permanent,51,15100,7700000.0,25,0.04,NZ-025-0302,high,1.322,0.911,11.15,1.0,0.3651,2811371.52,154000.0,2657371.52,synthetic spatial flood-hazard scenario; not observed flood data,synthetic vulnerability/depth-damage function,True
NZA-0303,0.949621,34.475347,informal_iron_sheet,14,6400,895000.0,25,0.04,NZ-025-0303,high,1.18,0.955,11.08,1.35,0.411,367817.09,17900.0,349917.09,synthetic spatial flood-hazard scenario; not observed flood data,synthetic vulnerability/depth-damage function,True
NZA-0304,0.668158,33.957035,concrete_rcc,403,63900,257515000.0,25,0.04,NZ-025-0304,high,1.34,0.852,12.5,0.7,0.2781,71606230.64,250000.0,71356230.64,synthetic spatial flood-hazard scenario; not observed flood data,synthetic vulnerability/depth-damage function,True
NZA-0305,0.980948,35.148597,informal_iron_sheet,13,5600,730000.0,25,0.04,NZ-025-0305,moderate,1.067,0.818,8.96,1.35,0.3578,261166.94,14600.0,246566.94,synthetic spatial flood-hazard scenario; not observed flood data,synthetic vulnerability/depth-damage function,True
NZA-0306,0.332437,35.079992,permanent_masonry,92,37300,34315000.0,25,0.04,NZ-025-0306,high,1.417,0.961,12.4,0.9,0.3676,12615148.36,250000.0,12365148.36,synthetic spatial flood-hazard scenario; not observed flood data,synthetic vulnerability/depth-damage function,True
NZA-0307,1.250294,35.241248,concrete_rcc,389,79400,308865000.0,25,0.04,NZ-025-0307,high,1.23,0.904,8.26,0.7,0.2439,75343626.15,250000.0,75093626.15,synthetic spatial flood-hazard scenario; not observed flood data,synthetic vulnerability/depth-damage function,True
NZA-0308,0.694308,33.996537,permanent_masonry,198,62200,123155000.0,25,0.04,NZ-025-0308,high,1.287,0.891,11.11,0.9,0.3251,40032738.09,250000.0,39782738.09,synthetic spatial flood-hazard scenario; not observed flood data,synthetic vulnerability/depth-damage function,True
NZA-0309,1.00907,34.814645,semi_permanent,65,11300,7345000.0,25,0.04,NZ-025-0309,high,1.035,0.853,10.93,1.0,0.2761,2027829.09,146900.0,1880929.09,synthetic spatial flood-hazard scenario; not observed flood data,synthetic vulnerability/depth-damage function,True
NZA-0310,-0.138074,33.746357,informal_iron_sheet,16,7700,1230000.0,25,0.04,NZ-025-0310,high,1.147,0.929,10.84,1.35,0.3972,488501.41,24600.0,463901.41,synthetic spatial flood-hazard scenario; not observed flood data,synthetic vulnerability/depth-damage function,True
NZA-0311,0.156966,33.874016,semi_permanent,44,8600,3785000.0,25,0.04,NZ-025-0311,moderate,1.259,0.672,9.28,1.0,0.3318,1256023.91,75700.0,1180323.91,synthetic spatial flood-hazard scenario; not observed flood data,synthetic vulnerability/depth-damage function,True
NZA-0312,-0.216944,34.610915,informal_iron_sheet,15,6000,900000.0,25,0.04,NZ-025-0312,high,1.271,1.076,10.62,1.35,0.4466,401927.27,18000.0,383927.27,synthetic spatial flood-hazard scenario; not observed flood data,synthetic vulnerability/depth-damage function,True
NZA-0313,-0.264664,34.910856,permanent_masonry,101,52500,53025000.0,25,0.04,NZ-025-0313,high,1.267,0.717,11.77,0.9,0.315,16700316.59,250000.0,16450316.59,synthetic spatial flood-hazard scenario; not observed flood data,synthetic vulnerability/depth-damage function,True
NZA-0314,0.039246,34.809932,permanent_masonry,93,51900,48265000.0,25,0.04,NZ-025-0314,high,1.284,0.964,10.27,0.9,0.3247,15670986.55,250000.0,15420986.55,synthetic spatial flood-hazard scenario; not observed flood data,synthetic vulnerability/depth-damage function,True
NZA-0315,1.124506,33.892295,permanent_masonry,59,63800,37640000.0,25,0.04,NZ-025-0315,high,1.259,0.817,9.55,0.9,0.3104,11682472.38,250000.0,11432472.38,synthetic spatial flood-hazard scenario; not observed flood data,synthetic vulnerability/depth-damage function,True
NZA-0316,0.345467,34.256804,informal_iron_sheet,16,5800,930000.0,25,0.04,NZ-025-0316,high,1.408,0.892,11.25,1.35,0.4868,452691.98,18600.0,434091.98,synthetic spatial flood-hazard scenario; not observed flood data,synthetic vulnerability/depth-damage function,True
NZA-0317,-0.19775,34.547148,semi_permanent,41,13200,5410000.0,25,0.04,NZ-025-0317,high,1.43,0.962,13.32,1.0,0.4057,2194805.5,108200.0,2086605.5,synthetic spatial flood-hazard scenario; not observed flood data,synthetic vulnerability/depth-damage function,True
NZA-0318,-0.180077,33.715615,informal_iron_sheet,15,6400,960000.0,25,0.04,NZ-025-0318,high,1.082,0.818,9.24,1.35,0.364,349409.91,19200.0,330209.91,synthetic spatial flood-hazard scenario; not observed flood data,synthetic vulnerability/depth-damage function,True
NZA-0319,0.742574,34.693275,informal_iron_sheet,12,6800,815000.0,25,0.04,NZ-025-0319,high,1.471,0.916,11.83,1.35,0.5104,415995.55,16300.0,399695.55,synthetic spatial flood-hazard scenario; not observed flood data,synthetic vulnerability/depth-damage function,True
NZA-0320,0.767671,34.547825,semi_permanent,25,14800,3700000.0,25,0.04,NZ-025-0320,high,1.384,1.019,11.96,1.0,0.3905,1444852.23,74000.0,1370852.23,synthetic spatial flood-hazard scenario; not observed flood data,synthetic vulnerability/depth-damage function,True
NZA-0321,0.276305,34.64447,concrete_rcc,186,66900,124435000.0,25,0.04,NZ-025-0321,high,1.374,1.096,11.86,0.7,0.2929,36440893.48,250000.0,36190893.48,synthetic spatial flood-hazard scenario; not observed flood data,synthetic vulnerability/depth-damage function,True
NZA-0322,1.25903,35.393372,permanent_masonry,47,39100,18375000.0,25,0.04,NZ-025-0322,moderate,0.948,0.705,10.06,0.9,0.2217,4073798.12,250000.0,3823798.12,synthetic spatial flood-hazard scenario; not observed flood data,synthetic vulnerability/depth-damage function,True
NZA-0323,-0.296545,34.470554,informal_iron_sheet,23,8500,1955000.0,25,0.04,NZ-025-0323,high,1.129,0.899,9.45,1.35,0.3849,752398.01,39100.0,713298.01,synthetic spatial flood-hazard scenario; not observed flood data,synthetic vulnerability/depth-damage function,True
NZA-0324,0.033137,35.342208,semi_permanent,45,9800,4410000.0,25,0.04,NZ-025-0324,high,1.122,0.779,9.31,1.0,0.2958,1304582.84,88200.0,1216382.84,synthetic spatial flood-hazard scenario; not observed flood data,synthetic vulnerability/depth-damage function,True
NZA-0325,0.594286,34.69312,semi_permanent,35,10100,3535000.0,25,0.04,NZ-025-0325,high,1.2,1.036,10.69,1.0,0.3322,1174393.64,70700.0,1103693.64,synthetic spatial flood-hazard scenario; not observed flood data,synthetic vulnerability/depth-damage function,True
NZA-0326,0.115034,34.472817,permanent_masonry,68,44300,30125000.0,25,0.04,NZ-025-0326,high,1.448,1.03,12.26,0.9,0.3786,11405938.71,250000.0,11155938.71,synthetic spatial flood-hazard scenario; not observed flood data,synthetic vulnerability/depth-damage function,True
NZA-0327,1.001417,34.038693,concrete_rcc,995,72800,724360000.0,25,0.04,NZ-025-0327,high,1.21,0.777,10.06,0.7,0.2395,173517178.24,250000.0,173267178.24,synthetic spatial flood-hazard scenario; not observed flood data,synthetic vulnerability/depth-damage function,True
NZA-0328,-0.104347,35.09238,semi_permanent,45,10900,4905000.0,25,0.04,NZ-025-0328,high,1.138,0.852,8.86,1.0,0.3017,1479657.57,98100.0,1381557.57,synthetic spatial flood-hazard scenario; not observed flood data,synthetic vulnerability/depth-damage function,True
NZA-0329,0.295155,34.238132,concrete_rcc,288,64000,184320000.0,25,0.04,NZ-025-0329,high,1.296,1.059,12.82,0.7,0.2752,50720171.4,250000.0,50470171.4,synthetic spatial flood-hazard scenario; not observed flood data,synthetic vulnerability/depth-damage function,True
NZA-0330,0.78048,34.173979,semi_permanent,47,15700,7380000.0,25,0.04,NZ-025-0330,high,1.361,0.884,11.08,1.0,0.3754,2770539.99,147600.0,2622939.99,synthetic spatial flood-hazard scenario; not observed flood data,synthetic vulnerability/depth-damage function,True
NZA-0331,-0.109391,34.341276,concrete_rcc,910,60100,546910000.0,25,0.04,NZ-025-0331,high,1.176,0.817,11.54,0.7,0.236,129091060.54,250000.0,128841060.54,synthetic spatial flood-hazard scenario; not observed flood data,synthetic vulnerability/depth-damage function,True
NZA-0332,0.048393,34.565011,informal_iron_sheet,24,9700,2330000.0,25,0.04,NZ-025-0332,high,1.278,0.889,11.12,1.35,0.4424,1030724.93,46600.0,984124.93,synthetic spatial flood-hazard scenario; not observed flood data,synthetic vulnerability/depth-damage function,True
NZA-0333,0.25734,34.321241,informal_iron_sheet,16,5500,880000.0,25,0.04,NZ-025-0333,high,1.376,1.102,10.11,1.35,0.4819,424029.67,17600.0,406429.67,synthetic spatial flood-hazard scenario; not observed flood data,synthetic vulnerability/depth-damage function,True
NZA-0334,0.69927,35.031547,permanent_masonry,106,58300,61800000.0,25,0.04,NZ-025-0334,high,1.339,0.861,10.77,0.9,0.3374,20852492.99,250000.0,20602492.99,synthetic spatial flood-hazard scenario; not observed flood data,synthetic vulnerability/depth-damage function,True
NZA-0335,0.481944,34.066823,concrete_rcc,585,78200,457470000.0,25,0.04,NZ-025-0335,high,1.254,0.936,11.3,0.7,0.2574,117764872.09,250000.0,117514872.09,synthetic spatial flood-hazard scenario; not observed flood data,synthetic vulnerability/depth-damage function,True
NZA-0336,1.241742,34.091352,permanent_masonry,64,56000,35840000.0,25,0.04,NZ-025-0336,high,1.236,0.924,10.78,0.9,0.3111,11149581.48,250000.0,10899581.48,synthetic spatial flood-hazard scenario; not observed flood data,synthetic vulnerability/depth-damage function,True
NZA-0337,1.198726,34.755269,informal_iron_sheet,19,5900,1120000.0,25,0.04,NZ-025-0337,high,1.39,1.025,10.51,1.35,0.4843,542462.12,22400.0,520062.12,synthetic spatial flood-hazard scenario; not observed flood data,synthetic vulnerability/depth-damage function,True
NZA-0338,0.446663,33.736635,semi_permanent,63,8900,5605000.0,25,0.04,NZ-025-0338,high,1.523,1.053,11.76,1.0,0.4314,2417795.38,112100.0,2305695.38,synthetic spatial flood-hazard scenario; not observed flood data,synthetic vulnerability/depth-damage function,True
NZA-0339,0.024772,34.30548,permanent_masonry,106,47000,49820000.0,25,0.04,NZ-025-0339,high,1.408,1.05,13.18,0.9,0.3712,18493550.85,250000.0,18243550.85,synthetic spatial flood-hazard scenario; not observed flood data,synthetic vulnerability/depth-damage function,True
NZA-0340,0.171572,35.11162,permanent_masonry,106,43500,46110000.0,25,0.04,NZ-025-0340,high,1.086,0.829,9.57,0.9,0.2627,12111790.54,250000.0,11861790.54,synthetic spatial flood-hazard scenario; not observed flood data,synthetic vulnerability/depth-damage function,True
NZA-0341,0.795236,35.292739,semi_permanent,70,9600,6720000.0,25,0.04,NZ-025-0341,high,1.036,0.911,11.09,1.0,0.2787,1872536.13,134400.0,1738136.13,synthetic spatial flood-hazard scenario; not observed flood data,synthetic vulnerability/depth-damage function,True
NZA-0342,-0.126004,34.84036,informal_iron_sheet,13,8000,1040000.0,25,0.04,NZ-025-0342,high,1.313,0.996,10.78,1.35,0.458,476301.7,20800.0,455501.7,synthetic spatial flood-hazard scenario; not observed flood data,synthetic vulnerability/depth-damage function,True
NZA-0343,-0.199741,34.026399,concrete_rcc,343,71500,245245000.0,25,0.04,NZ-025-0343,high,1.304,0.804,12.65,0.7,0.2684,65835714.82,250000.0,65585714.82,synthetic spatial flood-hazard scenario; not observed flood data,synthetic vulnerability/depth-damage function,True
NZA-0344,0.111087,34.308282,concrete_rcc,492,69000,339480000.0,25,0.04,NZ-025-0344,high,1.379,0.965,10.63,0.7,0.2864,97214376.22,250000.0,96964376.22,synthetic spatial flood-hazard scenario; not observed flood data,synthetic vulnerability/depth-damage function,True
NZA-0345,0.624731,34.421918,semi_permanent,43,15700,6750000.0,25,0.04,NZ-025-0345,high,1.318,0.977,11.72,1.0,0.3685,2487174.36,135000.0,2352174.36,synthetic spatial flood-hazard scenario; not observed flood data,synthetic vulnerability/depth-damage function,True
NZA-0346,1.240717,35.148812,semi_permanent,35,12100,4235000.0,25,0.04,NZ-025-0346,high,0.979,0.681,9.66,1.0,0.2506,1061370.99,84700.0,976670.99,synthetic spatial flood-hazard scenario; not observed flood data,synthetic vulnerability/depth-damage function,True
NZA-0347,0.230103,34.12453,informal_iron_sheet,10,5600,560000.0,25,0.04,NZ-025-0347,high,1.208,0.934,11.49,1.35,0.4214,236006.13,11200.0,224806.13,synthetic spatial flood-hazard scenario; not observed flood data,synthetic vulnerability/depth-damage function,True
NZA-0348,-0.158487,34.968485,semi_permanent,41,12100,4960000.0,25,0.04,NZ-025-0348,high,1.058,0.725,9.57,1.0,0.2754,1365925.84,99200.0,1266725.84,synthetic spatial flood-hazard scenario; not observed flood data,synthetic vulnerability/depth-damage function,True
NZA-0349,0.964796,34.438534,permanent_masonry,148,40200,59495000.0,25,0.04,NZ-025-0349,high,1.296,0.937,10.7,0.9,0.3282,19529141.66,250000.0,19279141.66,synthetic spatial flood-hazard scenario; not observed flood data,synthetic vulnerability/depth-damage function,True
NZA-0350,1.0998,34.915436,permanent_masonry,143,43800,62635000.0,25,0.04,NZ-025-0350,high,1.221,0.953,9.96,0.9,0.3057,19147872.55,250000.0,18897872.55,synthetic spatial flood-hazard scenario; not observed flood data,synthetic vulnerability/depth-damage function,True
NZA-0351,0.273103,34.838045,concrete_rcc,364,66900,243515000.0,25,0.04,NZ-025-0351,high,1.479,0.858,12.84,0.7,0.312,75978238.08,250000.0,75728238.08,synthetic spatial flood-hazard scenario; not observed flood data,synthetic vulnerability/depth-damage function,True
NZA-0352,0.508895,35.217335,informal_iron_sheet,8,9200,735000.0,25,0.04,NZ-025-0352,high,1.069,0.641,8.68,1.35,0.3505,257604.65,14700.0,242904.65,synthetic spatial flood-hazard scenario; not observed flood data,synthetic vulnerability/depth-damage function,True
NZA-0353,0.796888,34.850966,semi_permanent,49,15800,7740000.0,25,0.04,NZ-025-0353,high,1.089,0.832,10.75,1.0,0.2915,2256020.17,154800.0,2101220.17,synthetic spatial flood-hazard scenario; not observed flood data,synthetic vulnerability/depth-damage function,True
NZA-0354,0.787981,34.126489,semi_permanent,57,13100,7465000.0,25,0.04,NZ-025-0354,high,1.341,1.029,12.24,1.0,0.3791,2829965.64,149300.0,2680665.64,synthetic spatial flood-hazard scenario; not observed flood data,synthetic vulnerability/depth-damage function,True
NZA-0355,0.864138,34.433399,informal_iron_sheet,16,9700,1550000.0,25,0.04,NZ-025-0355,high,1.231,0.928,11.1,1.35,0.4277,662887.61,31000.0,631887.61,synthetic spatial flood-hazard scenario; not observed flood data,synthetic vulnerability/depth-damage function,True
NZA-0356,0.75526,34.406184,informal_iron_sheet,15,7400,1110000.0,25,0.04,NZ-025-0356,high,1.12,0.767,10.04,1.35,0.3781,419712.95,22200.0,397512.95,synthetic spatial flood-hazard scenario; not observed flood data,synthetic vulnerability/depth-damage function,True
NZA-0357,-0.274891,34.000098,semi_permanent,22,14100,3100000.0,25,0.04,NZ-025-0357,high,1.211,0.894,9.47,1.0,0.3268,1013023.74,62000.0,951023.74,synthetic spatial flood-hazard scenario; not observed flood data,synthetic vulnerability/depth-damage function,True
NZA-0358,0.257418,35.240719,informal_iron_sheet,13,8600,1120000.0,25,0.04,NZ-025-0358,high,1.221,0.958,9.08,1.35,0.4187,468967.42,22400.0,446567.42,synthetic spatial flood-hazard scenario; not observed flood data,synthetic vulnerability/depth-damage function,True
NZA-0359,-0.179782,34.04073,informal_iron_sheet,19,7900,1500000.0,25,0.04,NZ-025-0359,high,0.96,0.732,9.52,1.35,0.3173,475960.45,30000.0,445960.45,synthetic spatial flood-hazard scenario; not observed flood data,synthetic vulnerability/depth-damage function,True
NZA-0360,-0.211896,34.215362,semi_permanent,46,14700,6760000.0,25,0.04,NZ-025-0360,high,1.113,0.865,10.82,1.0,0.3,2028079.25,135200.0,1892879.25,synthetic spatial flood-hazard scenario; not observed flood data,synthetic vulnerability/depth-damage function,True
NZA-0361,0.136668,35.356317,semi_permanent,33,8900,2935000.0,25,0.04,NZ-025-0361,high,1.126,0.825,11.25,1.0,0.3038,891539.4,58700.0,832839.4,synthetic spatial flood-hazard scenario; not observed flood data,synthetic vulnerability/depth-damage function,True
NZA-0362,0.993362,34.81099,semi_permanent,32,10900,3490000.0,25,0.04,NZ-025-0362,high,1.255,0.878,11.94,1.0,0.3465,1209408.41,69800.0,1139608.41,synthetic spatial flood-hazard scenario; not observed flood data,synthetic vulnerability/depth-damage function,True
NZA-0363,0.093722,35.125256,informal_iron_sheet,17,7400,1260000.0,25,0.04,NZ-025-0363,high,1.053,0.758,8.71,1.35,0.3496,440465.48,25200.0,415265.48,synthetic spatial flood-hazard scenario; not observed flood data,synthetic vulnerability/depth-damage function,True
NZA-0364,0.481802,33.718245,semi_permanent,38,14000,5320000.0,25,0.04,NZ-025-0364,high,1.223,0.843,11.54,1.0,0.3342,1778027.88,106400.0,1671627.88,synthetic spatial flood-hazard scenario; not observed flood data,synthetic vulnerability/depth-damage function,True
NZA-0365,0.803341,34.813402,semi_permanent,48,14800,7105000.0,25,0.04,NZ-025-0365,high,1.324,0.999,10.51,1.0,0.3673,2609655.89,142100.0,2467555.89,synthetic spatial flood-hazard scenario; not observed flood data,synthetic vulnerability/depth-damage function,True
NZA-0366,0.435186,34.383184,permanent_masonry,67,36500,24455000.0,25,0.04,NZ-025-0366,high,1.455,1.024,11.31,0.9,0.3773,9226344.16,250000.0,8976344.16,synthetic spatial flood-hazard scenario; not observed flood data,synthetic vulnerability/depth-damage function,True
NZA-0367,0.79895,35.329582,informal_iron_sheet,14,7900,1105000.0,25,0.04,NZ-025-0367,high,1.104,0.793,10.97,1.35,0.3765,416086.79,22100.0,393986.79,synthetic spatial flood-hazard scenario; not observed flood data,synthetic vulnerability/depth-damage function,True
NZA-0368,1.140014,35.187459,concrete_rcc,505,56000,282800000.0,25,0.04,NZ-025-0368,high,1.236,0.934,9.8,0.7,0.2496,70596946.81,250000.0,70346946.81,synthetic spatial flood-hazard scenario; not observed flood data,synthetic vulnerability/depth-damage function,True
NZA-0369,1.153627,34.759466,semi_permanent,39,13300,5185000.0,25,0.04,NZ-025-0369,high,0.99,0.625,11.85,1.0,0.2575,1334978.99,103700.0,1231278.99,synthetic spatial flood-hazard scenario; not observed flood data,synthetic vulnerability/depth-damage function,True
NZA-0370,0.134927,35.299035,permanent_masonry,115,47500,54625000.0,25,0.04,NZ-025-0370,high,1.183,0.843,10.74,0.9,0.2934,16024276.47,250000.0,15774276.47,synthetic spatial flood-hazard scenario; not observed flood data,synthetic vulnerability/depth-damage function,True
NZA-0371,0.41675,34.966914,permanent_masonry,63,52400,33010000.0,25,0.04,NZ-025-0371,high,1.236,0.936,10.8,0.9,0.3115,10283684.69,250000.0,10033684.69,synthetic spatial flood-hazard scenario; not observed flood data,synthetic vulnerability/depth-damage function,True
NZA-0372,0.188227,33.875189,informal_iron_sheet,15,6200,930000.0,25,0.04,NZ-025-0372,high,1.166,0.795,9.43,1.35,0.3936,366016.79,18600.0,347416.79,synthetic spatial flood-hazard scenario; not observed flood data,synthetic vulnerability/depth-damage function,True
NZA-0373,1.002419,34.710645,concrete_rcc,282,54300,153125000.0,25,0.04,NZ-025-0373,high,1.372,0.959,12.73,0.7,0.2899,44395750.5,250000.0,44145750.5,synthetic spatial flood-hazard scenario; not observed flood data,synthetic vulnerability/depth-damage function,True
NZA-0374,0.148013,35.314808,semi_permanent,30,13100,3930000.0,25,0.04,NZ-025-0374,high,1.04,0.982,9.19,1.0,0.2777,1091237.97,78600.0,1012637.97,synthetic spatial flood-hazard scenario; not observed flood data,synthetic vulnerability/depth-damage function,True
NZA-0375,0.328548,33.936989,informal_iron_sheet,20,5500,1100000.0,25,0.04,NZ-025-0375,high,1.059,0.877,10.93,1.35,0.3633,399651.22,22000.0,377651.22,synthetic spatial flood-hazard scenario; not observed flood data,synthetic vulnerability/depth-damage function,True
NZA-0376,-0.061283,34.733168,informal_iron_sheet,11,8100,890000.0,25,0.04,NZ-025-0376,high,1.04,0.769,8.89,1.35,0.3459,307826.01,17800.0,290026.01,synthetic spatial flood-hazard scenario; not observed flood data,synthetic vulnerability/depth-damage function,True
NZA-0377,0.008762,33.820651,concrete_rcc,578,73700,425985000.0,25,0.04,NZ-025-0377,high,1.06,0.913,8.82,0.7,0.2057,87623215.63,250000.0,87373215.63,synthetic spatial flood-hazard scenario; not observed flood data,synthetic vulnerability/depth-damage function,True
NZA-0378,0.616033,34.419873,semi_permanent,38,10300,3915000.0,25,0.04,NZ-025-0378,high,1.518,0.873,12.68,1.0,0.425,1663997.59,78300.0,1585697.59,synthetic spatial flood-hazard scenario; not observed flood data,synthetic vulnerability/depth-damage function,True
NZA-0379,-0.247038,34.960714,semi_permanent,61,9400,5735000.0,25,0.04,NZ-025-0379,high,1.326,0.769,10.48,1.0,0.3587,2056863.17,114700.0,1942163.17,synthetic spatial flood-hazard scenario; not observed flood data,synthetic vulnerability/depth-damage function,True
NZA-0380,1.028664,34.440164,permanent_masonry,140,59300,83020000.0,25,0.04,NZ-025-0380,high,1.219,0.972,12.76,0.9,0.3134,26017818.41,250000.0,25767818.41,synthetic spatial flood-hazard scenario; not observed flood data,synthetic vulnerability/depth-damage function,True
NZA-0381,0.03298,35.311184,informal_iron_sheet,23,5000,1150000.0,25,0.04,NZ-025-0381,high,1.061,0.887,8.45,1.35,0.3568,410362.71,23000.0,387362.71,synthetic spatial flood-hazard scenario; not observed flood data,synthetic vulnerability/depth-damage function,True
NZA-0382,0.134439,34.249404,permanent_masonry,89,39800,35420000.0,25,0.04,NZ-025-0382,high,1.28,0.912,12.03,0.9,0.3264,11560208.68,250000.0,11310208.68,synthetic spatial flood-hazard scenario; not observed flood data,synthetic vulnerability/depth-damage function,True
NZA-0383,-0.276326,35.077981,concrete_rcc,468,79500,372060000.0,25,0.04,NZ-025-0383,moderate,0.976,0.698,9.71,0.7,0.1828,68003789.68,250000.0,67753789.68,synthetic spatial flood-hazard scenario; not observed flood data,synthetic vulnerability/depth-damage function,True
NZA-0384,1.276649,33.751257,permanent_masonry,102,57600,58750000.0,25,0.04,NZ-025-0384,moderate,0.887,0.753,10.34,0.9,0.2064,12128763.92,250000.0,11878763.92,synthetic spatial flood-hazard scenario; not observed flood data,synthetic vulnerability/depth-damage function,True
NZA-0385,1.255817,34.341503,informal_iron_sheet,18,8400,1510000.0,25,0.04,NZ-025-0385,high,1.351,0.837,12.36,1.35,0.4692,708557.98,30200.0,678357.98,synthetic spatial flood-hazard scenario; not observed flood data,synthetic vulnerability/depth-damage function,True
NZA-0386,0.877986,35.214762,semi_permanent,42,15600,6550000.0,25,0.04,NZ-025-0386,high,1.101,0.909,11.44,1.0,0.2995,1961706.61,131000.0,1830706.61,synthetic spatial flood-hazard scenario; not observed flood data,synthetic vulnerability/depth-damage function,True
NZA-0387,0.846554,34.91434,informal_iron_sheet,14,8300,1160000.0,25,0.04,NZ-025-0387,high,1.454,0.97,13.33,1.35,0.513,595114.62,23200.0,571914.62,synthetic spatial flood-hazard scenario; not observed flood data,synthetic vulnerability/depth-damage function,True
NZA-0388,-0.293337,35.001587,informal_iron_sheet,18,5700,1025000.0,25,0.04,NZ-025-0388,high,1.064,0.879,10.99,1.35,0.3654,374568.06,20500.0,354068.06,synthetic spatial flood-hazard scenario; not observed flood data,synthetic vulnerability/depth-damage function,True
NZA-0389,0.404294,34.409473,semi_permanent,52,14400,7490000.0,25,0.04,NZ-025-0389,high,1.176,0.912,10.57,1.0,0.3201,2397440.19,149800.0,2247640.19,synthetic spatial flood-hazard scenario; not observed flood data,synthetic vulnerability/depth-damage function,True
NZA-0390,0.033382,34.710524,informal_iron_sheet,18,5400,970000.0,25,0.04,NZ-025-0390,high,1.388,0.938,13.04,1.35,0.4889,474228.06,19400.0,454828.06,synthetic spatial flood-hazard scenario; not observed flood data,synthetic vulnerability/depth-damage function,True
NZA-0391,0.780842,34.847427,semi_permanent,30,13700,4110000.0,25,0.04,NZ-025-0391,high,1.257,1.09,11.77,1.0,0.3546,1457350.91,82200.0,1375150.91,synthetic spatial flood-hazard scenario; not observed flood data,synthetic vulnerability/depth-damage function,True
NZA-0392,0.945937,34.461041,informal_iron_sheet,13,8400,1090000.0,25,0.04,NZ-025-0392,high,1.502,1.061,12.89,1.35,0.5313,579155.13,21800.0,557355.13,synthetic spatial flood-hazard scenario; not observed flood data,synthetic vulnerability/depth-damage function,True
NZA-0393,0.42372,34.738458,permanent_masonry,96,40100,38495000.0,25,0.04,NZ-025-0393,high,1.338,0.991,10.52,0.9,0.3414,13142651.88,250000.0,12892651.88,synthetic spatial flood-hazard scenario; not observed flood data,synthetic vulnerability/depth-damage function,True
NZA-0394,0.348756,34.631277,semi_permanent,39,14100,5500000.0,25,0.04,NZ-025-0394,high,1.363,0.911,11.74,1.0,0.379,2084396.18,110000.0,1974396.18,synthetic spatial flood-hazard scenario; not observed flood data,synthetic vulnerability/depth-damage function,True
NZA-0395,0.585248,34.36428,permanent_masonry,143,49800,71215000.0,25,0.04,NZ-025-0395,high,1.455,1.142,11.44,0.9,0.3824,27233170.59,250000.0,26983170.59,synthetic spatial flood-hazard scenario; not observed flood data,synthetic vulnerability/depth-damage function,True
NZA-0396,-0.074978,34.587112,informal_iron_sheet,9,9100,820000.0,25,0.04,NZ-025-0396,high,1.346,1.057,11.07,1.35,0.4732,388040.9,16400.0,371640.9,synthetic spatial flood-hazard scenario; not observed flood data,synthetic vulnerability/depth-damage function,True
NZA-0397,-0.22939,34.641788,informal_iron_sheet,18,9900,1780000.0,25,0.04,NZ-025-0397,high,1.228,0.911,10.39,1.35,0.4236,753936.16,35600.0,718336.16,synthetic spatial flood-hazard scenario; not observed flood data,synthetic vulnerability/depth-damage function,True
NZA-0398,0.650527,34.741207,informal_iron_sheet,16,9900,1585000.0,25,0.04,NZ-025-0398,high,1.456,0.995,13.21,1.35,0.5143,815209.54,31700.0,783509.54,synthetic spatial flood-hazard scenario; not observed flood data,synthetic vulnerability/depth-damage function,True
NZA-0399,0.885129,34.939104,semi_permanent,63,15100,9515000.0,25,0.04,NZ-025-0399,high,1.039,0.762,10.31,1.0,0.273,2597125.62,190300.0,2406825.62,synthetic spatial flood-hazard scenario; not observed flood data,synthetic vulnerability/depth-damage function,True
NZA-0400,0.569339,34.882715,permanent_masonry,123,45800,56335000.0,25,0.04,NZ-025-0400,high,1.269,0.87,10.58,0.9,0.3179,17911399.95,250000.0,17661399.95,synthetic spatial flood-hazard scenario; not observed flood data,synthetic vulnerability/depth-damage function,True
NZA-0401,0.692191,35.232247,informal_iron_sheet,12,5600,670000.0,25,0.04,NZ-025-0401,high,1.137,0.794,9.32,1.35,0.3828,256490.13,13400.0,243090.13,synthetic spatial flood-hazard scenario; not observed flood data,synthetic vulnerability/depth-damage function,True
NZA-0402,0.084278,35.342177,permanent_masonry,135,58200,78570000.0,25,0.04,NZ-025-0402,high,1.164,0.882,11.36,0.9,0.291,22862708.49,250000.0,22612708.49,synthetic spatial flood-hazard scenario; not observed flood data,synthetic vulnerability/depth-damage function,True
NZA-0403,0.719236,33.715352,concrete_rcc,338,63900,215980000.0,25,0.04,NZ-025-0403,high,1.316,0.919,10.7,0.7,0.2703,58380459.1,250000.0,58130459.1,synthetic spatial flood-hazard scenario; not observed flood data,synthetic vulnerability/depth-damage function,True
NZA-0404,-0.068859,34.897573,semi_permanent,21,13500,2835000.0,25,0.04,NZ-025-0404,high,1.381,1.007,10.43,1.0,0.3841,1088847.4,56700.0,1032147.4,synthetic spatial flood-hazard scenario; not observed flood data,synthetic vulnerability/depth-damage function,True
NZA-0405,-0.249223,35.147287,permanent_masonry,121,52100,63040000.0,25,0.04,NZ-025-0405,high,1.098,0.739,10.24,0.9,0.2649,16701237.77,250000.0,16451237.77,synthetic spatial flood-hazard scenario; not observed flood data,synthetic vulnerability/depth-damage function,True
NZA-0406,0.144545,34.672172,informal_iron_sheet,14,9700,1360000.0,25,0.04,NZ-025-0406,high,1.465,0.926,10.14,1.35,0.5029,683950.6,27200.0,656750.6,synthetic spatial flood-hazard scenario; not observed flood data,synthetic vulnerability/depth-damage function,True
NZA-0407,-0.09259,33.945155,informal_iron_sheet,12,7500,900000.0,25,0.04,NZ-025-0407,high,0.942,0.768,9.36,1.35,0.3115,280305.79,18000.0,262305.79,synthetic spatial flood-hazard scenario; not observed flood data,synthetic vulnerability/depth-damage function,True
NZA-0408,0.606909,35.344483,permanent_masonry,88,58400,51390000.0,25,0.04,NZ-025-0408,high,1.174,0.787,12.24,0.9,0.2929,15049755.71,250000.0,14799755.71,synthetic spatial flood-hazard scenario; not observed flood data,synthetic vulnerability/depth-damage function,True
NZA-0409,1.10873,35.000699,semi_permanent,33,12000,3960000.0,25,0.04,NZ-025-0409,high,1.155,0.831,8.64,1.0,0.3055,1209910.87,79200.0,1130710.87,synthetic spatial flood-hazard scenario; not observed flood data,synthetic vulnerability/depth-damage function,True
NZA-0410,0.063538,34.230758,semi_permanent,55,14300,7865000.0,25,0.04,NZ-025-0410,high,1.398,1.014,11.54,1.0,0.393,3090657.07,157300.0,2933357.07,synthetic spatial flood-hazard scenario; not observed flood data,synthetic vulnerability/depth-damage function,True
NZA-0411,0.864845,34.215677,informal_iron_sheet,11,8400,925000.0,25,0.04,NZ-025-0411,high,1.132,0.844,12.16,1.35,0.3925,363044.33,18500.0,344544.33,synthetic spatial flood-hazard scenario; not observed flood data,synthetic vulnerability/depth-damage function,True
NZA-0412,0.538159,33.83332,permanent_masonry,129,61800,79720000.0,25,0.04,NZ-025-0412,high,1.195,1.009,11.79,0.9,0.3052,24332020.4,250000.0,24082020.4,synthetic spatial flood-hazard scenario; not observed flood data,synthetic vulnerability/depth-damage function,True
NZA-0413,0.428455,34.240755,permanent_masonry,129,63200,81530000.0,25,0.04,NZ-025-0413,high,1.494,0.906,12.67,0.9,0.3872,31564633.87,250000.0,31314633.87,synthetic spatial flood-hazard scenario; not observed flood data,synthetic vulnerability/depth-damage function,True
NZA-0414,0.647717,34.484053,concrete_rcc,840,57800,485520000.0,25,0.04,NZ-025-0414,high,1.354,0.939,12.93,0.7,0.2854,138554167.16,250000.0,138304167.16,synthetic spatial flood-hazard scenario; not observed flood data,synthetic vulnerability/depth-damage function,True
NZA-0415,0.413499,34.160793,informal_iron_sheet,20,7500,1500000.0,25,0.04,NZ-025-0415,high,1.338,0.974,12.7,1.35,0.4723,708395.67,30000.0,678395.67,synthetic spatial flood-hazard scenario; not observed flood data,synthetic vulnerability/depth-damage function,True
NZA-0416,0.549676,33.843996,permanent_masonry,152,50500,76760000.0,25,0.04,NZ-025-0416,high,1.286,1.029,10.24,0.9,0.3274,25131523.41,250000.0,24881523.41,synthetic spatial flood-hazard scenario; not observed flood data,synthetic vulnerability/depth-damage function,True
NZA-0417,0.08007,34.055394,informal_iron_sheet,9,5200,470000.0,25,0.04,NZ-025-0417,high,1.125,0.762,10.41,1.35,0.3809,179037.56,9400.0,169637.56,synthetic spatial flood-hazard scenario; not observed flood data,synthetic vulnerability/depth-damage function,True
NZA-0418,1.070937,33.783992,concrete_rcc,540,53100,286740000.0,25,0.04,NZ-025-0418,high,1.187,0.876,10.47,0.7,0.238,68258147.51,250000.0,68008147.51,synthetic spatial flood-hazard scenario; not observed flood data,synthetic vulnerability/depth-damage function,True
NZA-0419,0.51704,34.371814,informal_iron_sheet,13,7300,950000.0,25,0.04,NZ-025-0419,high,1.359,0.946,12.18,1.35,0.4763,452475.86,19000.0,433475.86,synthetic spatial flood-hazard scenario; not observed flood data,synthetic vulnerability/depth-damage function,True
NZA-0420,0.773617,34.734959,permanent_masonry,68,60100,40870000.0,25,0.04,NZ-025-0420,high,1.507,0.965,12.81,0.9,0.3937,16088951.37,250000.0,15838951.37,synthetic spatial flood-hazard scenario; not observed flood data,synthetic vulnerability/depth-damage function,True
NZA-0421,0.010114,35.137946,permanent_masonry,70,36200,25340000.0,25,0.04,NZ-025-0421,high,1.143,0.724,11.23,0.9,0.2794,7079486.29,250000.0,6829486.29,synthetic spatial flood-hazard scenario; not observed flood data,synthetic vulnerability/depth-damage function,True
NZA-0422,0.435472,35.134517,informal_iron_sheet,10,6400,640000.0,25,0.04,NZ-025-0422,high,1.164,0.8,12.55,1.35,0.4034,258154.35,12800.0,245354.35,synthetic spatial flood-hazard scenario; not observed flood data,synthetic vulnerability/depth-damage function,True
NZA-0423,-0.198967,34.281169,permanent_masonry,159,61000,96990000.0,25,0.04,NZ-025-0423,high,1.291,0.917,11.97,0.9,0.3295,31961457.62,250000.0,31711457.62,synthetic spatial flood-hazard scenario; not observed flood data,synthetic vulnerability/depth-damage function,True
NZA-0424,-0.243639,34.696023,informal_iron_sheet,11,8200,900000.0,25,0.04,NZ-025-0424,high,1.163,0.801,11.16,1.35,0.3984,358599.04,18000.0,340599.04,synthetic spatial flood-hazard scenario; not observed flood data,synthetic vulnerability/depth-damage function,True
NZA-0425,0.445653,34.787098,semi_permanent,37,13800,5105000.0,25,0.04,NZ-025-0425,high,1.43,1.092,12.8,1.0,0.4096,2090949.87,102100.0,1988849.87,synthetic spatial flood-hazard scenario; not observed flood data,synthetic vulnerability/depth-damage function,True
NZA-0426,1.108655,33.954177,permanent_masonry,128,54600,69890000.0,25,0.04,NZ-025-0426,high,1.055,0.82,9.82,0.9,0.2545,17783857.88,250000.0,17533857.88,synthetic spatial flood-hazard scenario; not observed flood data,synthetic vulnerability/depth-damage function,True
NZA-0427,0.603417,34.781679,concrete_rcc,552,59700,329545000.0,25,0.04,NZ-025-0427,high,1.267,1.081,12.82,0.7,0.2687,88532979.94,250000.0,88282979.94,synthetic spatial flood-hazard scenario; not observed flood data,synthetic vulnerability/depth-damage function,True
NZA-0428,-0.27813,34.468108,informal_iron_sheet,12,9600,1150000.0,25,0.04,NZ-025-0428,high,1.345,0.921,10.13,1.35,0.4631,532515.8,23000.0,509515.8,synthetic spatial flood-hazard scenario; not observed flood data,synthetic vulnerability/depth-damage function,True
NZA-0429,0.283537,34.654823,semi_permanent,60,15900,9540000.0,25,0.04,NZ-025-0429,high,1.345,1.035,12.92,1.0,0.3826,3649808.2,190800.0,3459008.2,synthetic spatial flood-hazard scenario; not observed flood data,synthetic vulnerability/depth-damage function,True
NZA-0430,0.137854,35.21501,informal_iron_sheet,16,6000,960000.0,25,0.04,NZ-025-0430,high,1.215,0.912,9.11,1.35,0.4147,398137.97,19200.0,378937.97,synthetic spatial flood-hazard scenario; not observed flood data,synthetic vulnerability/depth-damage function,True
NZA-0431,0.735051,34.152995,informal_iron_sheet,15,6400,960000.0,25,0.04,NZ-025-0431,high,1.262,0.95,11.74,1.35,0.4417,424079.47,19200.0,404879.47,synthetic spatial flood-hazard scenario; not observed flood data,synthetic vulnerability/depth-damage function,True
NZA-0432,0.13921,33.85235,informal_iron_sheet,22,9900,2180000.0,25,0.04,NZ-025-0432,high,1.108,0.748,10.26,1.35,0.3737,814761.61,43600.0,771161.61,synthetic spatial flood-hazard scenario; not observed flood data,synthetic vulnerability/depth-damage function,True
NZA-0433,0.741471,34.512865,semi_permanent,28,8100,2270000.0,25,0.04,NZ-025-0433,high,1.334,0.932,10.07,1.0,0.3663,831559.0,45400.0,786159.0,synthetic spatial flood-hazard scenario; not observed flood data,synthetic vulnerability/depth-damage function,True
NZA-0434,0.86609,33.79795,semi_permanent,61,11600,7075000.0,25,0.04,NZ-025-0434,high,1.119,0.756,10.91,1.0,0.2981,2109267.94,141500.0,1967767.94,synthetic spatial flood-hazard scenario; not observed flood data,synthetic vulnerability/depth-damage function,True
NZA-0435,0.316628,35.329571,semi_permanent,33,11600,3830000.0,25,0.04,NZ-025-0435,high,1.078,0.698,10.06,1.0,0.2817,1078990.32,76600.0,1002390.32,synthetic spatial flood-hazard scenario; not observed flood data,synthetic vulnerability/depth-damage function,True
NZA-0436,0.343231,35.12082,semi_permanent,26,12000,3120000.0,25,0.04,NZ-025-0436,high,1.195,0.877,10.65,1.0,0.3246,1012798.92,62400.0,950398.92,synthetic spatial flood-hazard scenario; not observed flood data,synthetic vulnerability/depth-damage function,True
NZA-0437,1.067907,34.033015,informal_iron_sheet,21,9800,2060000.0,25,0.04,NZ-025-0437,high,1.042,0.882,9.24,1.35,0.3521,725389.56,41200.0,684189.56,synthetic spatial flood-hazard scenario; not observed flood data,synthetic vulnerability/depth-damage function,True
NZA-0438,0.072169,34.488333,informal_iron_sheet,14,7900,1105000.0,25,0.04,NZ-025-0438,high,1.325,1.026,10.73,1.35,0.4634,512105.28,22100.0,490005.28,synthetic spatial flood-hazard scenario; not observed flood data,synthetic vulnerability/depth-damage function,True
NZA-0439,1.140787,35.278208,permanent_masonry,166,43300,71880000.0,25,0.04,NZ-025-0439,high,1.004,0.74,10.02,0.9,0.2383,17129290.13,250000.0,16879290.13,synthetic spatial flood-hazard scenario; not observed flood data,synthetic vulnerability/depth-damage function,True
NZA-0440,0.166063,33.736171,informal_iron_sheet,13,8600,1120000.0,25,0.04,NZ-025-0440,high,0.946,0.786,9.6,1.35,0.3142,351938.37,22400.0,329538.37,synthetic spatial flood-hazard scenario; not observed flood data,synthetic vulnerability/depth-damage function,True
NZA-0441,0.782204,34.975995,informal_iron_sheet,15,6800,1020000.0,25,0.04,NZ-025-0441,high,1.225,0.929,10.95,1.35,0.4252,433687.14,20400.0,413287.14,synthetic spatial flood-hazard scenario; not observed flood data,synthetic vulnerability/depth-damage function,True
NZA-0442,0.24136,34.408653,informal_iron_sheet,11,5300,585000.0,25,0.04,NZ-025-0442,high,1.337,0.911,10.59,1.35,0.4617,270079.15,11700.0,258379.15,synthetic spatial flood-hazard scenario; not observed flood data,synthetic vulnerability/depth-damage function,True
NZA-0443,1.241818,33.924614,semi_permanent,41,13300,5455000.0,25,0.04,NZ-025-0443,high,1.084,0.845,8.61,1.0,0.2847,1552959.95,109100.0,1443859.95,synthetic spatial flood-hazard scenario; not observed flood data,synthetic vulnerability/depth-damage function,True
NZA-0444,-0.033222,35.197986,permanent_masonry,138,40800,56305000.0,25,0.04,NZ-025-0444,high,1.086,0.832,9.56,0.9,0.2629,14804376.42,250000.0,14554376.42,synthetic spatial flood-hazard scenario; not observed flood data,synthetic vulnerability/depth-damage function,True
NZA-0445,0.738215,34.834251,informal_iron_sheet,12,9700,1165000.0,25,0.04,NZ-025-0445,high,1.198,0.934,11.04,1.35,0.4162,484857.63,23300.0,461557.63,synthetic spatial flood-hazard scenario; not observed flood data,synthetic vulnerability/depth-damage function,True
NZA-0446,0.360261,34.386075,permanent_masonry,110,41000,45100000.0,25,0.04,NZ-025-0446,high,1.308,0.914,11.51,0.9,0.3329,15015661.62,250000.0,14765661.62,synthetic spatial flood-hazard scenario; not observed flood data,synthetic vulnerability/depth-damage function,True
NZA-0447,-0.010498,34.050865,semi_permanent,38,8100,3080000.0,25,0.04,NZ-025-0447,high,1.209,0.938,9.22,1.0,0.3271,1007416.88,61600.0,945816.88,synthetic spatial flood-hazard scenario; not observed flood data,synthetic vulnerability/depth-damage function,True
NZA-0448,0.634956,35.208905,informal_iron_sheet,12,8400,1010000.0,25,0.04,NZ-025-0448,high,1.113,0.716,9.55,1.35,0.3718,375529.04,20200.0,355329.04,synthetic spatial flood-hazard scenario; not observed flood data,synthetic vulnerability/depth-damage function,True
NZA-0449,1.138511,33.956467,informal_iron_sheet,16,8200,1310000.0,25,0.04,NZ-025-0449,high,1.266,0.691,9.46,1.35,0.4236,554979.17,26200.0,528779.17,synthetic spatial flood-hazard scenario; not observed flood data,synthetic vulnerability/depth-damage function,True
NZA-0450,0.025876,34.752617,semi_permanent,34,15800,5370000.0,25,0.04,NZ-025-0450,high,1.265,0.777,10.69,1.0,0.3418,1835630.43,107400.0,1728230.43,synthetic spatial flood-hazard scenario; not observed flood data,synthetic vulnerability/depth-damage function,True
NZA-0451,-0.239392,34.774853,semi_permanent,40,10900,4360000.0,25,0.04,NZ-025-0451,high,1.125,0.886,10.97,1.0,0.3049,1329152.7,87200.0,1241952.7,synthetic spatial flood-hazard scenario; not observed flood data,synthetic vulnerability/depth-damage function,True
NZA-0452,0.986012,34.255889,permanent_masonry,76,36300,27590000.0,25,0.04,NZ-025-0452,high,1.326,0.931,10.17,0.9,0.3347,9233824.98,250000.0,8983824.98,synthetic spatial flood-hazard scenario; not observed flood data,synthetic vulnerability/depth-damage function,True
NZA-0453,0.381342,35.343772,informal_iron_sheet,15,7300,1095000.0,25,0.04,NZ-025-0453,high,1.03,0.653,9.67,1.35,0.34,372246.31,21900.0,350346.31,synthetic spatial flood-hazard scenario; not observed flood data,synthetic vulnerability/depth-damage function,True
NZA-0454,0.987785,35.351112,semi_permanent,52,15300,7955000.0,25,0.04,NZ-025-0454,high,1.147,0.873,10.87,1.0,0.3106,2471095.56,159100.0,2311995.56,synthetic spatial flood-hazard scenario; not observed flood data,synthetic vulnerability/depth-damage function,True
NZA-0455,0.384702,35.084554,semi_permanent,44,12100,5325000.0,25,0.04,NZ-025-0455,high,1.228,0.958,11.92,1.0,0.3413,1817165.73,106500.0,1710665.73,synthetic spatial flood-hazard scenario; not observed flood data,synthetic vulnerability/depth-damage function,True
NZA-0456,-0.273825,34.047396,semi_permanent,41,12500,5125000.0,25,0.04,NZ-025-0456,high,1.016,0.617,7.21,1.0,0.2539,1301142.34,102500.0,1198642.34,synthetic spatial flood-hazard scenario; not observed flood data,synthetic vulnerability/depth-damage function,True
NZA-0457,0.867148,35.390504,informal_iron_sheet,14,9700,1360000.0,25,0.04,NZ-025-0457,high,0.989,0.754,9.59,1.35,0.3289,447321.55,27200.0,420121.55,synthetic spatial flood-hazard scenario; not observed flood data,synthetic vulnerability/depth-damage function,True
NZA-0458,1.153097,35.246726,informal_iron_sheet,14,6200,870000.0,25,0.04,NZ-025-0458,high,1.176,0.787,11.1,1.35,0.4022,349946.26,17400.0,332546.26,synthetic spatial flood-hazard scenario; not observed flood data,synthetic vulnerability/depth-damage function,True
NZA-0459,0.889218,35.3286,permanent_masonry,74,51700,38260000.0,25,0.04,NZ-025-0459,high,1.186,0.767,10.2,0.9,0.2901,11100716.25,250000.0,10850716.25,synthetic spatial flood-hazard scenario; not observed flood data,synthetic vulnerability/depth-damage function,True
NZA-0460,0.957244,35.19988,informal_iron_sheet,16,8000,1280000.0,25,0.04,NZ-025-0460,high,1.258,1.032,10.24,1.35,0.439,561975.73,25600.0,536375.73,synthetic spatial flood-hazard scenario; not observed flood data,synthetic vulnerability/depth-damage function,True
NZA-0461,1.072874,34.637427,permanent_masonry,66,56400,37225000.0,25,0.04,NZ-025-0461,high,1.341,0.796,11.39,0.9,0.3373,12555936.59,250000.0,12305936.59,synthetic spatial flood-hazard scenario; not observed flood data,synthetic vulnerability/depth-damage function,True
NZA-0462,1.100764,33.876284,semi_permanent,39,13400,5225000.0,25,0.04,NZ-025-0462,high,1.1,0.805,9.59,1.0,0.2908,1519580.48,104500.0,1415080.48,synthetic spatial flood-hazard scenario; not observed flood data,synthetic vulnerability/depth-damage function,True
NZA-0463,0.654545,34.374969,informal_iron_sheet,14,7100,995000.0,25,0.04,NZ-025-0463,high,1.421,1.067,13.08,1.35,0.506,503495.56,19900.0,483595.56,synthetic spatial flood-hazard scenario; not observed flood data,synthetic vulnerability/depth-damage function,True
NZA-0464,0.146798,34.443591,informal_iron_sheet,12,7800,935000.0,25,0.04,NZ-025-0464,high,1.4,1.15,11.79,1.35,0.4982,465828.18,18700.0,447128.18,synthetic spatial flood-hazard scenario; not observed flood data,synthetic vulnerability/depth-damage function,True
NZA-0465,0.907775,34.652904,permanent_masonry,53,55800,29575000.0,25,0.04,NZ-025-0465,high,1.631,0.968,13.89,0.9,0.4307,12736600.65,250000.0,12486600.65,synthetic spatial flood-hazard scenario; not observed flood data,synthetic vulnerability/depth-damage function,True
NZA-0466,1.181054,35.009734,informal_iron_sheet,13,7300,950000.0,25,0.04,NZ-025-0466,high,1.155,0.861,10.27,1.35,0.3953,375491.06,19000.0,356491.06,synthetic spatial flood-hazard scenario; not observed flood data,synthetic vulnerability/depth-damage function,True
NZA-0467,0.337107,34.999095,semi_permanent,38,14500,5510000.0,25,0.04,NZ-025-0467,high,1.253,0.89,11.2,1.0,0.3441,1896144.74,110200.0,1785944.74,synthetic spatial flood-hazard scenario; not observed flood data,synthetic vulnerability/depth-damage function,True
NZA-0468,1.242735,34.291571,semi_permanent,66,12300,8120000.0,25,0.04,NZ-025-0468,high,1.103,0.93,11.2,1.0,0.3004,2439006.47,162400.0,2276606.47,synthetic spatial flood-hazard scenario; not observed flood data,synthetic vulnerability/depth-damage function,True
NZA-0469,0.536934,35.013341,concrete_rcc,566,77400,438085000.0,25,0.04,NZ-025-0469,high,1.081,0.844,11.7,0.7,0.2147,94059629.52,250000.0,93809629.52,synthetic spatial flood-hazard scenario; not observed flood data,synthetic vulnerability/depth-damage function,True
NZA-0470,-0.082401,34.039054,permanent_masonry,226,60300,136280000.0,25,0.04,NZ-025-0470,high,1.061,0.947,8.99,0.9,0.2581,35171981.09,250000.0,34921981.09,synthetic spatial flood-hazard scenario; not observed flood data,synthetic vulnerability/depth-damage function,True
NZA-0471,0.735218,34.460097,concrete_rcc,704,56800,399870000.0,25,0.04,NZ-025-0471,high,1.102,0.964,10.65,0.7,0.2208,88292537.56,250000.0,88042537.56,synthetic spatial flood-hazard scenario; not observed flood data,synthetic vulnerability/depth-damage function,True
NZA-0472,0.594956,35.099327,informal_iron_sheet,14,5900,825000.0,25,0.04,NZ-025-0472,high,1.243,0.917,11.24,1.35,0.432,356388.21,16500.0,339888.21,synthetic spatial flood-hazard scenario; not observed flood data,synthetic vulnerability/depth-damage function,True
NZA-0473,0.770908,34.817441,semi_permanent,24,14500,3480000.0,25,0.04,NZ-025-0473,high,1.264,1.095,13.4,1.0,0.3619,1259485.07,69600.0,1189885.07,synthetic spatial flood-hazard scenario; not observed flood data,synthetic vulnerability/depth-damage function,True
NZA-0474,0.909586,33.756294,semi_permanent,24,12300,2950000.0,25,0.04,NZ-025-0474,high,1.121,0.751,10.71,1.0,0.298,879055.94,59000.0,820055.94,synthetic spatial flood-hazard scenario; not observed flood data,synthetic vulnerability/depth-damage function,True
NZA-0475,1.132647,35.260655,permanent_masonry,110,51100,56210000.0,25,0.04,NZ-025-0475,high,1.188,0.8,8.46,0.9,0.2873,16151000.81,250000.0,15901000.81,synthetic spatial flood-hazard scenario; not observed flood data,synthetic vulnerability/depth-damage function,True
NZA-0476,0.140861,35.060387,concrete_rcc,576,55900,321985000.0,25,0.04,NZ-025-0476,high,1.202,0.837,11.46,0.7,0.2426,78128797.68,250000.0,77878797.68,synthetic spatial flood-hazard scenario; not observed flood data,synthetic vulnerability/depth-damage function,True
NZA-0477,-0.268106,34.530761,semi_permanent,34,15700,5340000.0,25,0.04,NZ-025-0477,high,1.41,1.192,14.03,1.0,0.4121,2200456.77,106800.0,2093656.77,synthetic spatial flood-hazard scenario; not observed flood data,synthetic vulnerability/depth-damage function,True
NZA-0478,-0.157211,34.444361,informal_iron_sheet,13,9300,1210000.0,25,0.04,NZ-025-0478,high,1.177,0.994,11.63,1.35,0.4133,500091.27,24200.0,475891.27,synthetic spatial flood-hazard scenario; not observed flood data,synthetic vulnerability/depth-damage function,True
NZA-0479,-0.173352,34.922677,permanent_masonry,140,58900,82460000.0,25,0.04,NZ-025-0479,high,1.348,0.837,11.79,0.9,0.3419,28189516.25,250000.0,27939516.25,synthetic spatial flood-hazard scenario; not observed flood data,synthetic vulnerability/depth-damage function,True
NZA-0480,0.651788,33.788847,semi_permanent,34,14300,4860000.0,25,0.04,NZ-025-0480,high,1.413,1.033,12.65,1.0,0.4017,1952403.34,97200.0,1855203.34,synthetic spatial flood-hazard scenario; not observed flood data,synthetic vulnerability/depth-damage function,True
NZA-0481,0.29228,34.356186,semi_permanent,59,10800,6370000.0,25,0.04,NZ-025-0481,high,1.403,0.874,12.69,1.0,0.3923,2498693.28,127400.0,2371293.28,synthetic spatial flood-hazard scenario; not observed flood data,synthetic vulnerability/depth-damage function,True
NZA-0482,0.130915,34.351599,semi_permanent,43,15100,6495000.0,25,0.04,NZ-025-0482,high,1.395,1.018,11.98,1.0,0.3937,2556836.46,129900.0,2426936.46,synthetic spatial flood-hazard scenario; not observed flood data,synthetic vulnerability/depth-damage function,True
NZA-0483,0.491714,35.224141,semi_permanent,51,9600,4895000.0,25,0.04,NZ-025-0483,high,1.167,0.75,12.02,1.0,0.3153,1543355.61,97900.0,1445455.61,synthetic spatial flood-hazard scenario; not observed flood data,synthetic vulnerability/depth-damage function,True
NZA-0484,0.419117,34.11669,semi_permanent,52,8500,4420000.0,25,0.04,NZ-025-0484,high,0.997,0.832,10.92,1.0,0.2639,1166419.22,88400.0,1078019.22,synthetic spatial flood-hazard scenario; not observed flood data,synthetic vulnerability/depth-damage function,True
NZA-0485,0.14098,33.90515,concrete_rcc,330,65000,214500000.0,25,0.04,NZ-025-0485,high,0.984,0.808,10.19,0.7,0.1881,40338354.8,250000.0,40088354.8,synthetic spatial flood-hazard scenario; not observed flood data,synthetic vulnerability/depth-damage function,True
NZA-0486,-0.279435,34.688574,informal_iron_sheet,8,9700,775000.0,25,0.04,NZ-025-0486,high,1.317,0.936,12.25,1.35,0.462,358086.87,15500.0,342586.87,synthetic spatial flood-hazard scenario; not observed flood data,synthetic vulnerability/depth-damage function,True
NZA-0487,0.32714,34.295446,semi_permanent,40,15600,6240000.0,25,0.04,NZ-025-0487,high,1.282,0.935,12.2,1.0,0.3576,2231125.27,124800.0,2106325.27,synthetic spatial flood-hazard scenario; not observed flood data,synthetic vulnerability/depth-damage function,True
NZA-0488,1.281058,33.899735,permanent_masonry,96,44200,42430000.0,25,0.04,NZ-025-0488,high,1.235,0.802,11.17,0.9,0.3076,13051134.19,250000.0,12801134.19,synthetic spatial flood-hazard scenario; not observed flood data,synthetic vulnerability/depth-damage function,True
NZA-0489,-0.252949,34.675029,permanent_masonry,96,43600,41855000.0,25,0.04,NZ-025-0489,high,1.329,0.912,10.02,0.9,0.3343,13994138.96,250000.0,13744138.96,synthetic spatial flood-hazard scenario; not observed flood data,synthetic vulnerability/depth-damage function,True
NZA-0490,0.891063,34.590685,informal_iron_sheet,12,7600,910000.0,25,0.04,NZ-025-0490,high,1.413,1.003,12.12,1.35,0.4968,452104.73,18200.0,433904.73,synthetic spatial flood-hazard scenario; not observed flood data,synthetic vulnerability/depth-damage function,True
NZA-0491,0.427999,34.721662,semi_permanent,26,14500,3770000.0,25,0.04,NZ-025-0491,high,1.556,1.002,11.38,1.0,0.4374,1648899.43,75400.0,1573499.43,synthetic spatial flood-hazard scenario; not observed flood data,synthetic vulnerability/depth-damage function,True
NZA-0492,0.227071,34.89631,informal_iron_sheet,14,7300,1020000.0,25,0.04,NZ-025-0492,high,1.379,0.9,12.23,1.35,0.481,490663.18,20400.0,470263.18,synthetic spatial flood-hazard scenario; not observed flood data,synthetic vulnerability/depth-damage function,True
NZA-0493,1.242441,34.867189,informal_iron_sheet,12,5100,610000.0,25,0.04,NZ-025-0493,high,1.154,0.822,11.14,1.35,0.3962,241666.45,12200.0,229466.45,synthetic spatial flood-hazard scenario; not observed flood data,synthetic vulnerability/depth-damage function,True
NZA-0494,1.119788,35.14177,informal_iron_sheet,15,9200,1380000.0,25,0.04,NZ-025-0494,high,1.331,0.86,11.9,1.35,0.462,637512.81,27600.0,609912.81,synthetic spatial flood-hazard scenario; not observed flood data,synthetic vulnerability/depth-damage function,True
NZA-0495,0.688268,34.158344,permanent_masonry,121,45000,54450000.0,25,0.04,NZ-025-0495,high,1.224,0.997,10.57,0.9,0.3097,16865154.59,250000.0,16615154.59,synthetic spatial flood-hazard scenario; not observed flood data,synthetic vulnerability/depth-damage function,True
NZA-0496,0.872427,33.962715,concrete_rcc,270,72600,196020000.0,25,0.04,NZ-025-0496,high,1.046,0.88,9.49,0.7,0.2029,39766479.51,250000.0,39516479.51,synthetic spatial flood-hazard scenario; not observed flood data,synthetic vulnerability/depth-damage function,True
NZA-0497,0.394684,34.492669,permanent_masonry,55,39200,21560000.0,25,0.04,NZ-025-0497,high,1.157,0.874,10.58,0.9,0.2867,6180520.8,250000.0,5930520.8,synthetic spatial flood-hazard scenario; not observed flood data,synthetic vulnerability/depth-damage function,True
NZA-0498,1.137023,34.069527,permanent_masonry,45,44700,20115000.0,25,0.04,NZ-025-0498,high,1.223,0.917,11.15,0.9,0.3083,6201281.16,250000.0,5951281.16,synthetic spatial flood-hazard scenario; not observed flood data,synthetic vulnerability/depth-damage function,True
NZA-0499,0.198281,34.118395,permanent_masonry,145,40200,58290000.0,25,0.04,NZ-025-0499,high,1.397,0.965,12.89,0.9,0.3638,21203710.19,250000.0,20953710.19,synthetic spatial flood-hazard scenario; not observed flood data,synthetic vulnerability/depth-damage function,True
NZA-0000,0.756568,33.971985,concrete_rcc,489,56000,273840000.0,50,0.02,NZ-050-0000,high,1.406,0.956,9.53,0.7,0.2895,79281025.14,250000.0,79031025.14,synthetic spatial flood-hazard scenario; not observed flood data,synthetic vulnerability/depth-damage function,True
NZA-0001,0.029978,34.696104,informal_iron_sheet,8,9600,770000.0,50,0.02,NZ-050-0001,high,1.388,0.935,11.5,1.35,0.4832,372029.36,15400.0,356629.36,synthetic spatial flood-hazard scenario; not observed flood data,synthetic vulnerability/depth-damage function,True
NZA-0002,1.077706,35.100523,concrete_rcc,385,72000,277200000.0,50,0.02,NZ-050-0002,high,1.641,0.938,11.34,0.7,0.3486,96622080.06,250000.0,96372080.06,synthetic spatial flood-hazard scenario; not observed flood data,synthetic vulnerability/depth-damage function,True
NZA-0003,0.59297,34.205342,concrete_rcc,519,51200,265730000.0,50,0.02,NZ-050-0003,high,1.44,1.015,11.68,0.7,0.3052,81105489.57,250000.0,80855489.57,synthetic spatial flood-hazard scenario; not observed flood data,synthetic vulnerability/depth-damage function,True
NZA-0004,0.853177,34.864329,permanent_masonry,97,52500,50925000.0,50,0.02,NZ-050-0004,high,1.476,0.813,10.87,0.9,0.373,18997213.65,250000.0,18747213.65,synthetic spatial flood-hazard scenario; not observed flood data,synthetic vulnerability/depth-damage function,True
NZA-0005,0.51001,34.488603,informal_iron_sheet,13,7700,1000000.0,50,0.02,NZ-050-0005,high,1.744,0.959,12.02,1.35,0.5959,595867.15,20000.0,575867.15,synthetic spatial flood-hazard scenario; not observed flood data,synthetic vulnerability/depth-damage function,True
NZA-0006,1.251868,35.215308,informal_iron_sheet,8,8300,665000.0,50,0.02,NZ-050-0006,high,1.315,0.897,8.55,1.35,0.4464,296851.21,13300.0,283551.21,synthetic spatial flood-hazard scenario; not observed flood data,synthetic vulnerability/depth-damage function,True
NZA-0007,0.642984,34.660285,permanent_masonry,102,40400,41210000.0,50,0.02,NZ-050-0007,high,1.635,0.914,12.16,0.9,0.4236,17455542.96,250000.0,17205542.96,synthetic spatial flood-hazard scenario; not observed flood data,synthetic vulnerability/depth-damage function,True
NZA-0008,1.005254,35.388426,informal_iron_sheet,23,7200,1655000.0,50,0.02,NZ-050-0008,moderate,1.144,0.729,9.3,1.35,0.3826,633187.39,33100.0,600087.39,synthetic spatial flood-hazard scenario; not observed flood data,synthetic vulnerability/depth-damage function,True
NZA-0009,0.997211,34.112287,semi_permanent,50,9400,4700000.0,50,0.02,NZ-050-0009,high,1.531,0.731,11.87,1.0,0.4198,1972910.89,94000.0,1878910.89,synthetic spatial flood-hazard scenario; not observed flood data,synthetic vulnerability/depth-damage function,True
NZA-0010,0.236424,33.885804,semi_permanent,47,9000,4230000.0,50,0.02,NZ-050-0010,high,1.535,0.844,11.26,1.0,0.424,1793329.23,84600.0,1708729.23,synthetic spatial flood-hazard scenario; not observed flood data,synthetic vulnerability/depth-damage function,True
NZA-0011,-0.010214,34.287435,permanent_masonry,81,55400,44875000.0,50,0.02,NZ-050-0011,high,1.693,1.103,10.78,0.9,0.4426,19860060.93,250000.0,19610060.93,synthetic spatial flood-hazard scenario; not observed flood data,synthetic vulnerability/depth-damage function,True
NZA-0012,0.531805,35.024665,permanent_masonry,97,42300,41030000.0,50,0.02,NZ-050-0012,high,1.785,0.887,12.99,0.9,0.4638,19028874.99,250000.0,18778874.99,synthetic spatial flood-hazard scenario; not observed flood data,synthetic vulnerability/depth-damage function,True
NZA-0013,0.444915,34.617409,semi_permanent,37,13200,4885000.0,50,0.02,NZ-050-0013,high,1.587,0.894,12.02,1.0,0.4433,2165390.54,97700.0,2067690.54,synthetic spatial flood-hazard scenario; not observed flood data,synthetic vulnerability/depth-damage function,True
NZA-0014,0.955461,35.271234,semi_permanent,54,13900,7505000.0,50,0.02,NZ-050-0014,high,1.572,0.743,9.74,1.0,0.4244,3184788.33,150100.0,3034688.33,synthetic spatial flood-hazard scenario; not observed flood data,synthetic vulnerability/depth-damage function,True
NZA-0015,0.282611,35.390422,semi_permanent,25,15300,3825000.0,50,0.02,NZ-050-0015,high,1.616,1.007,12.97,1.0,0.4597,1758510.96,76500.0,1682010.96,synthetic spatial flood-hazard scenario; not observed flood data,synthetic vulnerability/depth-damage function,True
NZA-0016,0.527984,35.267816,semi_permanent,20,10200,2040000.0,50,0.02,NZ-050-0016,high,1.489,1.021,10.94,1.0,0.4176,851878.81,40800.0,811078.81,synthetic spatial flood-hazard scenario; not observed flood data,synthetic vulnerability/depth-damage function,True
NZA-0017,-0.117852,33.975926,permanent_masonry,137,39100,53565000.0,50,0.02,NZ-050-0017,high,1.426,0.843,9.78,0.9,0.3574,19144973.72,250000.0,18894973.72,synthetic spatial flood-hazard scenario; not observed flood data,synthetic vulnerability/depth-damage function,True
NZA-0018,0.279472,34.703121,concrete_rcc,165,56200,92730000.0,50,0.02,NZ-050-0018,high,1.633,1.053,11.24,0.7,0.3507,32520711.55,250000.0,32270711.55,synthetic spatial flood-hazard scenario; not observed flood data,synthetic vulnerability/depth-damage function,True
NZA-0019,0.147643,34.933593,permanent_masonry,95,61600,58520000.0,50,0.02,NZ-050-0019,high,1.515,1.024,9.8,0.9,0.3888,22754901.79,250000.0,22504901.79,synthetic spatial flood-hazard scenario; not observed flood data,synthetic vulnerability/depth-damage function,True
NZA-0020,0.265343,35.262243,informal_iron_sheet,16,5300,850000.0,50,0.02,NZ-050-0020,high,1.66,1.054,13.25,1.35,0.5809,493787.03,17000.0,476787.03,synthetic spatial flood-hazard scenario; not observed flood data,synthetic vulnerability/depth-damage function,True
NZA-0021,1.220344,33.948898,semi_permanent,36,10800,3890000.0,50,0.02,NZ-050-0021,high,1.268,0.822,9.84,1.0,0.3418,1329529.88,77800.0,1251729.88,synthetic spatial flood-hazard scenario; not observed flood data,synthetic vulnerability/depth-damage function,True
NZA-0022,1.004731,34.741446,informal_iron_sheet,11,6300,695000.0,50,0.02,NZ-050-0022,high,1.487,0.993,12.03,1.35,0.5202,361562.2,13900.0,347662.2,synthetic spatial flood-hazard scenario; not observed flood data,synthetic vulnerability/depth-damage function,True
NZA-0023,0.451159,33.791979,concrete_rcc,421,54700,230285000.0,50,0.02,NZ-050-0023,high,1.451,0.936,10.82,0.7,0.3029,69754233.79,250000.0,69504233.79,synthetic spatial flood-hazard scenario; not observed flood data,synthetic vulnerability/depth-damage function,True
NZA-0024,0.336526,34.963292,concrete_rcc,449,74800,335850000.0,50,0.02,NZ-050-0024,high,1.501,0.896,10.59,0.7,0.3125,104950465.01,250000.0,104700465.01,synthetic spatial flood-hazard scenario; not observed flood data,synthetic vulnerability/depth-damage function,True
NZA-0025,0.115454,34.674031,permanent_masonry,155,36800,57040000.0,50,0.02,NZ-050-0025,high,1.634,0.907,9.95,0.9,0.4156,23703379.33,250000.0,23453379.33,synthetic spatial flood-hazard scenario; not observed flood data,synthetic vulnerability/depth-damage function,True
NZA-0026,0.369143,33.915251,permanent_masonry,64,56300,36030000.0,50,0.02,NZ-050-0026,high,1.633,1.0,10.33,0.9,0.4208,15162293.19,250000.0,14912293.19,synthetic spatial flood-hazard scenario; not observed flood data,synthetic vulnerability/depth-damage function,True
NZA-0027,1.249494,33.893252,informal_iron_sheet,16,8200,1310000.0,50,0.02,NZ-050-0027,high,1.454,1.007,10.52,1.35,0.5044,660738.74,26200.0,634538.74,synthetic spatial flood-hazard scenario; not observed flood data,synthetic vulnerability/depth-damage function,True
NZA-0028,0.023866,34.591599,informal_iron_sheet,20,8100,1620000.0,50,0.02,NZ-050-0028,high,1.818,0.92,13.75,1.35,0.621,1006003.0,32400.0,973603.0,synthetic spatial flood-hazard scenario; not observed flood data,synthetic vulnerability/depth-damage function,True
NZA-0029,1.034526,34.539818,informal_iron_sheet,14,9200,1290000.0,50,0.02,NZ-050-0029,high,1.545,1.03,11.05,1.35,0.5365,692036.63,25800.0,666236.63,synthetic spatial flood-hazard scenario; not observed flood data,synthetic vulnerability/depth-damage function,True
NZA-0030,0.664276,34.615193,informal_iron_sheet,16,6700,1070000.0,50,0.02,NZ-050-0030,high,1.796,1.132,12.49,1.35,0.6211,664537.81,21400.0,643137.81,synthetic spatial flood-hazard scenario; not observed flood data,synthetic vulnerability/depth-damage function,True
NZA-0031,1.178456,35.361044,informal_iron_sheet,17,6100,1035000.0,50,0.02,NZ-050-0031,high,1.254,0.757,9.8,1.35,0.4235,438329.38,20700.0,417629.38,synthetic spatial flood-hazard scenario; not observed flood data,synthetic vulnerability/depth-damage function,True
NZA-0032,0.882083,35.363684,semi_permanent,34,12800,4350000.0,50,0.02,NZ-050-0032,high,1.535,0.844,11.69,1.0,0.4253,1850018.02,87000.0,1763018.02,synthetic spatial flood-hazard scenario; not observed flood data,synthetic vulnerability/depth-damage function,True
NZA-0033,0.024413,34.202607,informal_iron_sheet,19,5600,1065000.0,50,0.02,NZ-050-0033,high,1.559,0.959,10.75,1.35,0.5363,571115.42,21300.0,549815.42,synthetic spatial flood-hazard scenario; not observed flood data,synthetic vulnerability/depth-damage function,True
NZA-0034,1.23903,33.827218,permanent_masonry,47,62800,29515000.0,50,0.02,NZ-050-0034,high,1.351,0.864,9.74,0.9,0.3377,9966782.64,250000.0,9716782.64,synthetic spatial flood-hazard scenario; not observed flood data,synthetic vulnerability/depth-damage function,True
NZA-0035,1.211209,34.196232,concrete_rcc,350,68700,240450000.0,50,0.02,NZ-050-0035,high,1.556,0.982,10.05,0.7,0.3267,78562427.14,250000.0,78312427.14,synthetic spatial flood-hazard scenario; not observed flood data,synthetic vulnerability/depth-damage function,True
NZA-0036,-0.112918,35.082959,semi_permanent,32,10000,3200000.0,50,0.02,NZ-050-0036,high,1.673,1.02,11.51,1.0,0.4707,1506357.32,64000.0,1442357.32,synthetic spatial flood-hazard scenario; not observed flood data,synthetic vulnerability/depth-damage function,True
NZA-0037,0.265233,34.14853,semi_permanent,31,8400,2605000.0,50,0.02,NZ-050-0037,high,1.543,0.922,10.92,1.0,0.4285,1116117.36,52100.0,1064017.36,synthetic spatial flood-hazard scenario; not observed flood data,synthetic vulnerability/depth-damage function,True
NZA-0038,-0.143883,33.941858,informal_iron_sheet,14,7700,1080000.0,50,0.02,NZ-050-0038,high,1.593,0.77,9.87,1.35,0.5339,576575.36,21600.0,554975.36,synthetic spatial flood-hazard scenario; not observed flood data,synthetic vulnerability/depth-damage function,True
NZA-0039,0.501551,34.726637,semi_permanent,44,9300,4090000.0,50,0.02,NZ-050-0039,high,1.88,1.12,13.84,1.0,0.5387,2203427.4,81800.0,2121627.4,synthetic spatial flood-hazard scenario; not observed flood data,synthetic vulnerability/depth-damage function,True
NZA-0040,1.140541,34.874385,informal_iron_sheet,17,9000,1530000.0,50,0.02,NZ-050-0040,high,1.376,0.977,10.2,1.35,0.4763,728743.27,30600.0,698143.27,synthetic spatial flood-hazard scenario; not observed flood data,synthetic vulnerability/depth-damage function,True
NZA-0041,0.918409,33.99557,permanent_masonry,92,47400,43610000.0,50,0.02,NZ-050-0041,high,1.704,0.856,11.24,0.9,0.4357,19002819.7,250000.0,18752819.7,synthetic spatial flood-hazard scenario; not observed flood data,synthetic vulnerability/depth-damage function,True
NZA-0042,0.766295,33.798706,permanent_masonry,115,58100,66815000.0,50,0.02,NZ-050-0042,high,1.237,0.752,9.5,0.9,0.3017,20159671.92,250000.0,19909671.92,synthetic spatial flood-hazard scenario; not observed flood data,synthetic vulnerability/depth-damage function,True
NZA-0043,0.426875,33.978446,informal_iron_sheet,8,6700,535000.0,50,0.02,NZ-050-0043,high,1.66,0.919,13.09,1.35,0.5735,306802.91,10700.0,296102.91,synthetic spatial flood-hazard scenario; not observed flood data,synthetic vulnerability/depth-damage function,True
NZA-0044,-0.049257,34.101783,semi_permanent,30,15000,4500000.0,50,0.02,NZ-050-0044,high,1.407,0.851,8.74,1.0,0.3799,1709635.28,90000.0,1619635.28,synthetic spatial flood-hazard scenario; not observed flood data,synthetic vulnerability/depth-damage function,True
NZA-0045,-0.088865,34.314237,informal_iron_sheet,18,6000,1080000.0,50,0.02,NZ-050-0045,high,1.753,1.083,11.21,1.35,0.6015,649570.19,21600.0,627970.19,synthetic spatial flood-hazard scenario; not observed flood data,synthetic vulnerability/depth-damage function,True
NZA-0046,0.545365,34.656193,informal_iron_sheet,14,9900,1385000.0,50,0.02,NZ-050-0046,high,1.765,1.038,13.87,1.35,0.6127,848593.2,27700.0,820893.2,synthetic spatial flood-hazard scenario; not observed flood data,synthetic vulnerability/depth-damage function,True
NZA-0047,0.253929,35.252561,permanent_masonry,106,53000,56180000.0,50,0.02,NZ-050-0047,high,1.608,1.149,10.13,0.9,0.4198,23584772.79,250000.0,23334772.79,synthetic spatial flood-hazard scenario; not observed flood data,synthetic vulnerability/depth-damage function,True
NZA-0048,0.987038,34.293721,semi_permanent,64,13300,8510000.0,50,0.02,NZ-050-0048,high,1.475,1.008,10.98,1.0,0.4133,3517156.15,170200.0,3346956.15,synthetic spatial flood-hazard scenario; not observed flood data,synthetic vulnerability/depth-damage function,True
NZA-0049,0.89248,34.7781,semi_permanent,52,12100,6290000.0,50,0.02,NZ-050-0049,high,1.689,0.923,12.84,1.0,0.4755,2990809.14,125800.0,2865009.14,synthetic spatial flood-hazard scenario; not observed flood data,synthetic vulnerability/depth-damage function,True
NZA-0050,0.887903,34.82692,permanent_masonry,65,54100,35165000.0,50,0.02,NZ-050-0050,high,1.561,0.884,12.66,0.9,0.4043,14216453.69,250000.0,13966453.69,synthetic spatial flood-hazard scenario; not observed flood data,synthetic vulnerability/depth-damage function,True
NZA-0051,0.002433,34.180603,permanent_masonry,94,52200,49070000.0,50,0.02,NZ-050-0051,high,1.603,0.956,9.76,0.9,0.4089,20066517.35,250000.0,19816517.35,synthetic spatial flood-hazard scenario; not observed flood data,synthetic vulnerability/depth-damage function,True
NZA-0052,0.721631,34.642,informal_iron_sheet,19,8100,1540000.0,50,0.02,NZ-050-0052,high,1.66,1.047,11.88,1.35,0.5753,886016.59,30800.0,855216.59,synthetic spatial flood-hazard scenario; not observed flood data,synthetic vulnerability/depth-damage function,True
NZA-0053,0.753149,35.370674,informal_iron_sheet,14,8300,1160000.0,50,0.02,NZ-050-0053,high,1.562,0.761,11.62,1.35,0.5305,615361.3,23200.0,592161.3,synthetic spatial flood-hazard scenario; not observed flood data,synthetic vulnerability/depth-damage function,True
NZA-0054,0.770123,35.394553,permanent_masonry,94,58000,54520000.0,50,0.02,NZ-050-0054,high,1.288,0.82,9.33,0.9,0.3179,17330381.5,250000.0,17080381.5,synthetic spatial flood-hazard scenario; not observed flood data,synthetic vulnerability/depth-damage function,True
NZA-0055,0.536436,34.421914,informal_iron_sheet,22,6900,1520000.0,50,0.02,NZ-050-0055,high,1.896,1.031,12.64,1.35,0.6433,977856.04,30400.0,947456.04,synthetic spatial flood-hazard scenario; not observed flood data,synthetic vulnerability/depth-damage function,True
NZA-0056,0.62561,35.101229,semi_permanent,30,8200,2460000.0,50,0.02,NZ-050-0056,high,1.664,1.035,11.46,1.0,0.4688,1153354.05,49200.0,1104154.05,synthetic spatial flood-hazard scenario; not observed flood data,synthetic vulnerability/depth-damage function,True
NZA-0057,0.845981,34.268036,permanent_masonry,231,52400,121045000.0,50,0.02,NZ-050-0057,high,1.854,1.029,11.26,0.9,0.4816,58290976.56,250000.0,58040976.56,synthetic spatial flood-hazard scenario; not observed flood data,synthetic vulnerability/depth-damage function,True
NZA-0058,1.263461,35.065468,concrete_rcc,175,70700,123725000.0,50,0.02,NZ-050-0058,high,1.413,0.922,9.89,0.7,0.2911,36017738.53,250000.0,35767738.53,synthetic spatial flood-hazard scenario; not observed flood data,synthetic vulnerability/depth-damage function,True
NZA-0059,-0.258789,34.342286,permanent_masonry,85,46000,39100000.0,50,0.02,NZ-050-0059,high,1.405,1.001,12.4,0.9,0.366,14311208.88,250000.0,14061208.88,synthetic spatial flood-hazard scenario; not observed flood data,synthetic vulnerability/depth-damage function,True
NZA-0060,0.093027,35.024111,informal_iron_sheet,21,8600,1805000.0,50,0.02,NZ-050-0060,high,1.458,0.969,10.88,1.35,0.5053,912020.33,36100.0,875920.33,synthetic spatial flood-hazard scenario; not observed flood data,synthetic vulnerability/depth-damage function,True
NZA-0061,0.971682,33.832945,semi_permanent,56,10700,5990000.0,50,0.02,NZ-050-0061,high,1.24,0.786,10.4,1.0,0.3338,1999288.03,119800.0,1879488.03,synthetic spatial flood-hazard scenario; not observed flood data,synthetic vulnerability/depth-damage function,True
NZA-0062,0.625062,34.040311,semi_permanent,34,12500,4250000.0,50,0.02,NZ-050-0062,high,1.639,0.999,11.84,1.0,0.4617,1962123.46,85000.0,1877123.46,synthetic spatial flood-hazard scenario; not observed flood data,synthetic vulnerability/depth-damage function,True
NZA-0063,-0.02037,34.768432,concrete_rcc,397,65400,259640000.0,50,0.02,NZ-050-0063,high,1.557,1.046,10.72,0.7,0.3312,85997448.33,250000.0,85747448.33,synthetic spatial flood-hazard scenario; not observed flood data,synthetic vulnerability/depth-damage function,True
NZA-0064,0.076172,34.070264,permanent_masonry,66,36600,24155000.0,50,0.02,NZ-050-0064,high,1.534,0.93,11.55,0.9,0.3956,9556370.57,250000.0,9306370.57,synthetic spatial flood-hazard scenario; not observed flood data,synthetic vulnerability/depth-damage function,True
NZA-0065,0.828844,34.207395,concrete_rcc,251,79100,198540000.0,50,0.02,NZ-050-0065,high,1.774,0.905,11.84,0.7,0.3788,75215789.2,250000.0,74965789.2,synthetic spatial flood-hazard scenario; not observed flood data,synthetic vulnerability/depth-damage function,True
NZA-0066,0.363097,34.848581,permanent_masonry,158,57000,90060000.0,50,0.02,NZ-050-0066,high,1.681,1.089,11.22,0.9,0.4401,39635080.72,250000.0,39385080.72,synthetic spatial flood-hazard scenario; not observed flood data,synthetic vulnerability/depth-damage function,True
NZA-0067,0.939907,34.201686,permanent_masonry,75,38900,29175000.0,50,0.02,NZ-050-0067,high,1.508,0.85,11.28,0.9,0.3845,11216610.88,250000.0,10966610.88,synthetic spatial flood-hazard scenario; not observed flood data,synthetic vulnerability/depth-damage function,True
NZA-0068,1.227044,34.241811,permanent_masonry,61,52800,32210000.0,50,0.02,NZ-050-0068,high,1.351,0.818,9.6,0.9,0.3355,10806962.51,250000.0,10556962.51,synthetic spatial flood-hazard scenario; not observed flood data,synthetic vulnerability/depth-damage function,True
NZA-0069,0.317002,35.094154,concrete_rcc,241,58600,141225000.0,50,0.02,NZ-050-0069,high,1.599,0.961,10.09,0.7,0.336,47447371.18,250000.0,47197371.18,synthetic spatial flood-hazard scenario; not observed flood data,synthetic vulnerability/depth-damage function,True
NZA-0070,1.025978,33.900142,informal_iron_sheet,13,6600,860000.0,50,0.02,NZ-050-0070,high,1.239,0.611,8.3,1.35,0.4069,349932.64,17200.0,332732.64,synthetic spatial flood-hazard scenario; not observed flood data,synthetic vulnerability/depth-damage function,True
NZA-0071,0.423824,33.766319,informal_iron_sheet,19,5700,1085000.0,50,0.02,NZ-050-0071,high,1.596,0.867,11.17,1.35,0.5447,590996.77,21700.0,569296.77,synthetic spatial flood-hazard scenario; not observed flood data,synthetic vulnerability/depth-damage function,True
NZA-0072,0.937466,35.111781,permanent_masonry,80,63100,50480000.0,50,0.02,NZ-050-0072,high,1.641,1.075,12.48,0.9,0.4334,21878485.49,250000.0,21628485.49,synthetic spatial flood-hazard scenario; not observed flood data,synthetic vulnerability/depth-damage function,True
NZA-0073,0.328458,35.232416,informal_iron_sheet,21,7000,1470000.0,50,0.02,NZ-050-0073,high,1.543,0.911,10.77,1.35,0.529,777580.12,29400.0,748180.12,synthetic spatial flood-hazard scenario; not observed flood data,synthetic vulnerability/depth-damage function,True
NZA-0074,-0.090471,34.850549,informal_iron_sheet,17,8200,1395000.0,50,0.02,NZ-050-0074,high,1.548,0.985,11.77,1.35,0.5379,750311.46,27900.0,722411.46,synthetic spatial flood-hazard scenario; not observed flood data,synthetic vulnerability/depth-damage function,True
NZA-0075,0.198354,34.765535,informal_iron_sheet,10,8200,820000.0,50,0.02,NZ-050-0075,high,1.662,1.028,9.38,1.35,0.5655,463700.42,16400.0,447300.42,synthetic spatial flood-hazard scenario; not observed flood data,synthetic vulnerability/depth-damage function,True
NZA-0076,0.739884,35.214994,permanent_masonry,107,53800,57565000.0,50,0.02,NZ-050-0076,high,1.381,0.768,9.9,0.9,0.3427,19729673.76,250000.0,19479673.76,synthetic spatial flood-hazard scenario; not observed flood data,synthetic vulnerability/depth-damage function,True
NZA-0077,1.228589,34.60225,concrete_rcc,221,79500,175695000.0,50,0.02,NZ-050-0077,high,1.683,0.956,12.96,0.7,0.3636,63883091.44,250000.0,63633091.44,synthetic spatial flood-hazard scenario; not observed flood data,synthetic vulnerability/depth-damage function,True
NZA-0078,0.217614,33.894971,permanent_masonry,60,48100,28860000.0,50,0.02,NZ-050-0078,high,1.563,0.945,11.34,0.9,0.4033,11639005.88,250000.0,11389005.88,synthetic spatial flood-hazard scenario; not observed flood data,synthetic vulnerability/depth-damage function,True
NZA-0079,0.524414,34.338563,informal_iron_sheet,13,5900,765000.0,50,0.02,NZ-050-0079,high,1.723,1.0,14.53,1.35,0.6015,460161.05,15300.0,444861.05,synthetic spatial flood-hazard scenario; not observed flood data,synthetic vulnerability/depth-damage function,True
NZA-0080,1.176979,34.44922,permanent_masonry,122,40000,48800000.0,50,0.02,NZ-050-0080,high,1.713,0.956,13.18,0.9,0.4493,21928092.09,250000.0,21678092.09,synthetic spatial flood-hazard scenario; not observed flood data,synthetic vulnerability/depth-damage function,True
NZA-0081,0.828157,35.14608,semi_permanent,72,13100,9430000.0,50,0.02,NZ-050-0081,high,1.472,0.838,9.45,1.0,0.3999,3771033.42,188600.0,3582433.42,synthetic spatial flood-hazard scenario; not observed flood data,synthetic vulnerability/depth-damage function,True
NZA-0082,0.12854,34.738688,semi_permanent,54,12000,6480000.0,50,0.02,NZ-050-0082,high,1.552,1.024,13.35,1.0,0.4439,2876670.35,129600.0,2747070.35,synthetic spatial flood-hazard scenario; not observed flood data,synthetic vulnerability/depth-damage function,True
NZA-0083,0.685219,33.810696,semi_permanent,32,10500,3360000.0,50,0.02,NZ-050-0083,high,1.286,0.801,10.03,1.0,0.3468,1165339.52,67200.0,1098139.52,synthetic spatial flood-hazard scenario; not observed flood data,synthetic vulnerability/depth-damage function,True
NZA-0084,0.333454,34.820253,semi_permanent,26,13800,3590000.0,50,0.02,NZ-050-0084,high,1.515,0.873,10.68,1.0,0.4178,1499822.27,71800.0,1428022.27,synthetic spatial flood-hazard scenario; not observed flood data,synthetic vulnerability/depth-damage function,True
NZA-0085,-0.170039,35.130264,concrete_rcc,516,50800,262130000.0,50,0.02,NZ-050-0085,high,1.55,0.943,9.58,0.7,0.3226,84551671.05,250000.0,84301671.05,synthetic spatial flood-hazard scenario; not observed flood data,synthetic vulnerability/depth-damage function,True
NZA-0086,0.410034,33.841346,informal_iron_sheet,17,5200,885000.0,50,0.02,NZ-050-0086,high,1.544,0.769,10.37,1.35,0.5205,460674.1,17700.0,442974.1,synthetic spatial flood-hazard scenario; not observed flood data,synthetic vulnerability/depth-damage function,True
NZA-0087,1.270221,35.260435,permanent_masonry,88,49100,43210000.0,50,0.02,NZ-050-0087,high,1.639,0.919,9.87,0.9,0.4173,18032855.04,250000.0,17782855.04,synthetic spatial flood-hazard scenario; not observed flood data,synthetic vulnerability/depth-damage function,True
NZA-0088,0.765436,33.808763,informal_iron_sheet,18,5400,970000.0,50,0.02,NZ-050-0088,high,1.274,0.859,10.87,1.35,0.4387,425501.77,19400.0,406101.77,synthetic spatial flood-hazard scenario; not observed flood data,synthetic vulnerability/depth-damage function,True
NZA-0089,0.701375,34.877199,informal_iron_sheet,11,7600,835000.0,50,0.02,NZ-050-0089,high,1.417,0.98,11.85,1.35,0.496,414186.66,16700.0,397486.66,synthetic spatial flood-hazard scenario; not observed flood data,synthetic vulnerability/depth-damage function,True
NZA-0090,0.648595,34.32347,concrete_rcc,363,56200,204005000.0,50,0.02,NZ-050-0090,high,1.703,1.239,12.14,0.7,0.3769,76893561.51,250000.0,76643561.51,synthetic spatial flood-hazard scenario; not observed flood data,synthetic vulnerability/depth-damage function,True
NZA-0091,1.116301,34.555812,semi_permanent,23,11900,2735000.0,50,0.02,NZ-050-0091,high,1.688,0.971,12.12,1.0,0.4747,1298207.34,54700.0,1243507.34,synthetic spatial flood-hazard scenario; not observed flood data,synthetic vulnerability/depth-damage function,True
NZA-0092,0.367428,33.998338,semi_permanent,58,8100,4700000.0,50,0.02,NZ-050-0092,high,1.429,0.871,10.61,1.0,0.3929,1846523.38,94000.0,1752523.38,synthetic spatial flood-hazard scenario; not observed flood data,synthetic vulnerability/depth-damage function,True
NZA-0093,-0.233324,33.994118,permanent_masonry,81,53900,43660000.0,50,0.02,NZ-050-0093,high,1.478,0.838,10.47,0.9,0.3733,16299917.67,250000.0,16049917.67,synthetic spatial flood-hazard scenario; not observed flood data,synthetic vulnerability/depth-damage function,True
NZA-0094,0.30929,34.182535,semi_permanent,41,8900,3650000.0,50,0.02,NZ-050-0094,high,1.612,1.018,11.11,1.0,0.4525,1651694.43,73000.0,1578694.43,synthetic spatial flood-hazard scenario; not observed flood data,synthetic vulnerability/depth-damage function,True
NZA-0095,-0.274253,35.056461,permanent_masonry,76,58000,44080000.0,50,0.02,NZ-050-0095,high,1.338,0.883,11.66,0.9,0.3406,15015131.15,250000.0,14765131.15,synthetic spatial flood-hazard scenario; not observed flood data,synthetic vulnerability/depth-damage function,True
NZA-0096,0.55448,35.121635,semi_permanent,31,12600,3905000.0,50,0.02,NZ-050-0096,high,1.456,0.944,10.96,1.0,0.4048,1580804.35,78100.0,1502704.35,synthetic spatial flood-hazard scenario; not observed flood data,synthetic vulnerability/depth-damage function,True
NZA-0097,1.13978,35.045193,semi_permanent,36,9800,3530000.0,50,0.02,NZ-050-0097,high,1.302,0.733,8.94,1.0,0.3454,1219425.79,70600.0,1148825.79,synthetic spatial flood-hazard scenario; not observed flood data,synthetic vulnerability/depth-damage function,True
NZA-0098,0.287208,34.272346,semi_permanent,34,9300,3160000.0,50,0.02,NZ-050-0098,high,1.79,0.971,10.84,1.0,0.4972,1571243.36,63200.0,1508043.36,synthetic spatial flood-hazard scenario; not observed flood data,synthetic vulnerability/depth-damage function,True
NZA-0099,0.466166,34.278975,semi_permanent,36,13600,4895000.0,50,0.02,NZ-050-0099,high,1.752,1.116,14.01,1.0,0.5056,2475058.29,97900.0,2377158.29,synthetic spatial flood-hazard scenario; not observed flood data,synthetic vulnerability/depth-damage function,True
NZA-0100,1.005207,34.458564,semi_permanent,20,10600,2120000.0,50,0.02,NZ-050-0100,high,1.729,1.088,12.53,1.0,0.4928,1044763.89,42400.0,1002363.89,synthetic spatial flood-hazard scenario; not observed flood data,synthetic vulnerability/depth-damage function,True
NZA-0101,0.937372,33.9658,permanent_masonry,47,50700,23830000.0,50,0.02,NZ-050-0101,high,1.387,0.917,11.16,0.9,0.3539,8432399.14,250000.0,8182399.14,synthetic spatial flood-hazard scenario; not observed flood data,synthetic vulnerability/depth-damage function,True
NZA-0102,0.108665,34.357779,informal_iron_sheet,13,7200,935000.0,50,0.02,NZ-050-0102,high,1.624,0.972,10.86,1.35,0.557,520756.0,18700.0,502056.0,synthetic spatial flood-hazard scenario; not observed flood data,synthetic vulnerability/depth-damage function,True
NZA-0103,1.268372,34.631029,concrete_rcc,270,53000,143100000.0,50,0.02,NZ-050-0103,high,1.764,1.085,13.22,0.7,0.3882,55552715.0,250000.0,55302715.0,synthetic spatial flood-hazard scenario; not observed flood data,synthetic vulnerability/depth-damage function,True
NZA-0104,0.841549,34.199113,semi_permanent,34,10700,3640000.0,50,0.02,NZ-050-0104,high,1.482,1.052,10.88,1.0,0.4168,1517098.44,72800.0,1444298.44,synthetic spatial flood-hazard scenario; not observed flood data,synthetic vulnerability/depth-damage function,True
NZA-0105,-0.085248,33.982683,permanent_masonry,75,42600,31950000.0,50,0.02,NZ-050-0105,high,1.484,0.802,9.67,0.9,0.3709,11849667.04,250000.0,11599667.04,synthetic spatial flood-hazard scenario; not observed flood data,synthetic vulnerability/depth-damage function,True
NZA-0106,-0.032723,33.849705,informal_iron_sheet,27,9200,2485000.0,50,0.02,NZ-050-0106,high,1.62,0.961,11.3,1.35,0.5572,1384583.73,49700.0,1334883.73,synthetic spatial flood-hazard scenario; not observed flood data,synthetic vulnerability/depth-damage function,True
NZA-0107,0.025416,34.471492,informal_iron_sheet,13,6700,870000.0,50,0.02,NZ-050-0107,high,1.604,1.074,12.33,1.35,0.5617,488707.1,17400.0,471307.1,synthetic spatial flood-hazard scenario; not observed flood data,synthetic vulnerability/depth-damage function,True
NZA-0108,1.232718,34.600323,semi_permanent,45,8600,3870000.0,50,0.02,NZ-050-0108,high,1.523,0.899,12.16,1.0,0.4259,1648207.93,77400.0,1570807.93,synthetic spatial flood-hazard scenario; not observed flood data,synthetic vulnerability/depth-damage function,True
NZA-0109,0.915031,34.220677,semi_permanent,23,13800,3175000.0,50,0.02,NZ-050-0109,high,1.641,0.938,11.47,1.0,0.4583,1454979.0,63500.0,1391479.0,synthetic spatial flood-hazard scenario; not observed flood data,synthetic vulnerability/depth-damage function,True
NZA-0110,1.251304,33.71429,informal_iron_sheet,15,5100,765000.0,50,0.02,NZ-050-0110,high,1.24,0.844,10.5,1.35,0.425,325151.95,15300.0,309851.95,synthetic spatial flood-hazard scenario; not observed flood data,synthetic vulnerability/depth-damage function,True
NZA-0111,1.054713,34.501981,informal_iron_sheet,12,5400,650000.0,50,0.02,NZ-050-0111,high,1.434,0.937,9.82,1.35,0.4922,319922.12,13000.0,306922.12,synthetic spatial flood-hazard scenario; not observed flood data,synthetic vulnerability/depth-damage function,True
NZA-0112,0.534791,35.321616,informal_iron_sheet,13,9300,1210000.0,50,0.02,NZ-050-0112,high,1.498,0.92,10.19,1.35,0.513,620788.97,24200.0,596588.97,synthetic spatial flood-hazard scenario; not observed flood data,synthetic vulnerability/depth-damage function,True
NZA-0113,1.073646,34.684736,permanent_masonry,218,51700,112705000.0,50,0.02,NZ-050-0113,high,1.731,0.93,11.76,0.9,0.4478,50472809.7,250000.0,50222809.7,synthetic spatial flood-hazard scenario; not observed flood data,synthetic vulnerability/depth-damage function,True
NZA-0114,0.148965,34.514328,semi_permanent,30,12800,3840000.0,50,0.02,NZ-050-0114,high,1.683,0.93,12.53,1.0,0.473,1816414.78,76800.0,1739614.78,synthetic spatial flood-hazard scenario; not observed flood data,synthetic vulnerability/depth-damage function,True
NZA-0115,0.740535,34.471813,permanent_masonry,80,42900,34320000.0,50,0.02,NZ-050-0115,high,1.515,0.935,10.23,0.9,0.3864,13261372.5,250000.0,13011372.5,synthetic spatial flood-hazard scenario; not observed flood data,synthetic vulnerability/depth-damage function,True
NZA-0116,0.780175,34.262123,semi_permanent,37,15900,5885000.0,50,0.02,NZ-050-0116,high,1.479,0.8,10.9,1.0,0.4051,2383915.61,117700.0,2266215.61,synthetic spatial flood-hazard scenario; not observed flood data,synthetic vulnerability/depth-damage function,True
NZA-0117,0.95021,34.707419,concrete_rcc,860,51800,445480000.0,50,0.02,NZ-050-0117,high,1.473,0.908,11.2,0.7,0.308,137195266.76,250000.0,136945266.76,synthetic spatial flood-hazard scenario; not observed flood data,synthetic vulnerability/depth-damage function,True
NZA-0118,1.064374,34.026167,semi_permanent,27,13600,3670000.0,50,0.02,NZ-050-0118,high,1.48,0.932,9.83,1.0,0.4075,1495499.68,73400.0,1422099.68,synthetic spatial flood-hazard scenario; not observed flood data,synthetic vulnerability/depth-damage function,True
NZA-0119,1.166562,35.217196,informal_iron_sheet,28,9800,2745000.0,50,0.02,NZ-050-0119,moderate,1.21,0.656,8.65,1.35,0.4001,1098394.56,54900.0,1043494.56,synthetic spatial flood-hazard scenario; not observed flood data,synthetic vulnerability/depth-damage function,True
NZA-0120,-0.116746,34.471442,concrete_rcc,214,52800,112990000.0,50,0.02,NZ-050-0120,high,1.697,0.943,11.92,0.7,0.3633,41046523.58,250000.0,40796523.58,synthetic spatial flood-hazard scenario; not observed flood data,synthetic vulnerability/depth-damage function,True
NZA-0121,-0.273176,34.832228,informal_iron_sheet,15,8900,1335000.0,50,0.02,NZ-050-0121,high,1.565,1.026,10.18,1.35,0.5394,720048.43,26700.0,693348.43,synthetic spatial flood-hazard scenario; not observed flood data,synthetic vulnerability/depth-damage function,True
NZA-0122,0.393685,33.808057,permanent_masonry,83,39400,32700000.0,50,0.02,NZ-050-0122,high,1.474,0.981,11.23,0.9,0.3804,12439683.07,250000.0,12189683.07,synthetic spatial flood-hazard scenario; not observed flood data,synthetic vulnerability/depth-damage function,True
NZA-0123,0.905739,34.322729,semi_permanent,46,14700,6760000.0,50,0.02,NZ-050-0123,high,1.519,1.026,11.35,1.0,0.4279,2892330.75,135200.0,2757130.75,synthetic spatial flood-hazard scenario; not observed flood data,synthetic vulnerability/depth-damage function,True
NZA-0124,0.280358,33.956709,semi_permanent,46,14900,6855000.0,50,0.02,NZ-050-0124,high,1.372,0.833,10.66,1.0,0.3751,2571419.65,137100.0,2434319.65,synthetic spatial flood-hazard scenario; not observed flood data,synthetic vulnerability/depth-damage function,True
NZA-0125,1.258103,34.015952,informal_iron_sheet,8,7900,630000.0,50,0.02,NZ-050-0125,high,1.38,0.935,11.11,1.35,0.479,301760.23,12600.0,289160.23,synthetic spatial flood-hazard scenario; not observed flood data,synthetic vulnerability/depth-damage function,True
NZA-0126,1.233615,34.788823,permanent_masonry,184,58300,107270000.0,50,0.02,NZ-050-0126,high,1.516,1.07,11.43,0.9,0.396,42483211.87,250000.0,42233211.87,synthetic spatial flood-hazard scenario; not observed flood data,synthetic vulnerability/depth-damage function,True
NZA-0127,0.657424,34.819639,permanent_masonry,92,64900,59710000.0,50,0.02,NZ-050-0127,high,1.542,1.083,10.86,0.9,0.4018,23992620.66,250000.0,23742620.66,synthetic spatial flood-hazard scenario; not observed flood data,synthetic vulnerability/depth-damage function,True
NZA-0128,1.090665,34.7761,permanent_masonry,138,55300,76315000.0,50,0.02,NZ-050-0128,high,1.45,1.0,11.2,0.9,0.3747,28592638.42,250000.0,28342638.42,synthetic spatial flood-hazard scenario; not observed flood data,synthetic vulnerability/depth-damage function,True
NZA-0129,0.845693,34.25638,informal_iron_sheet,9,9100,820000.0,50,0.02,NZ-050-0129,high,1.852,1.019,13.48,1.35,0.6343,520163.51,16400.0,503763.51,synthetic spatial flood-hazard scenario; not observed flood data,synthetic vulnerability/depth-damage function,True
NZA-0130,0.184154,35.153252,permanent_masonry,45,43100,19395000.0,50,0.02,NZ-050-0130,high,1.643,0.986,10.13,0.9,0.4222,8187848.79,250000.0,7937848.79,synthetic spatial flood-hazard scenario; not observed flood data,synthetic vulnerability/depth-damage function,True
NZA-0131,0.978099,35.02468,concrete_rcc,260,53800,139880000.0,50,0.02,NZ-050-0131,high,1.596,0.795,11.89,0.7,0.3342,46753831.9,250000.0,46503831.9,synthetic spatial flood-hazard scenario; not observed flood data,synthetic vulnerability/depth-damage function,True
NZA-0132,0.858911,34.714492,informal_iron_sheet,8,6400,510000.0,50,0.02,NZ-050-0132,high,1.702,0.903,11.69,1.35,0.5798,295705.65,10200.0,285505.65,synthetic spatial flood-hazard scenario; not observed flood data,synthetic vulnerability/depth-damage function,True
NZA-0133,1.033917,34.337831,concrete_rcc,180,68300,122940000.0,50,0.02,NZ-050-0133,high,1.691,0.908,11.72,0.7,0.3597,44225336.46,250000.0,43975336.46,synthetic spatial flood-hazard scenario; not observed flood data,synthetic vulnerability/depth-damage function,True
NZA-0134,-0.164067,34.954761,informal_iron_sheet,12,8900,1070000.0,50,0.02,NZ-050-0134,high,1.488,0.906,9.29,1.35,0.5058,541235.33,21400.0,519835.33,synthetic spatial flood-hazard scenario; not observed flood data,synthetic vulnerability/depth-damage function,True
NZA-0135,0.153592,34.152529,semi_permanent,44,14800,6510000.0,50,0.02,NZ-050-0135,high,1.557,1.056,11.8,1.0,0.4414,2873786.89,130200.0,2743586.89,synthetic spatial flood-hazard scenario; not observed flood data,synthetic vulnerability/depth-damage function,True
NZA-0136,0.492036,34.098308,semi_permanent,39,13000,5070000.0,50,0.02,NZ-050-0136,high,1.645,0.924,11.65,1.0,0.4592,2328151.32,101400.0,2226751.32,synthetic spatial flood-hazard scenario; not observed flood data,synthetic vulnerability/depth-damage function,True
NZA-0137,0.917142,33.749836,permanent_masonry,105,62400,65520000.0,50,0.02,NZ-050-0137,high,1.373,0.837,10.86,0.9,0.346,22668146.56,250000.0,22418146.56,synthetic spatial flood-hazard scenario; not observed flood data,synthetic vulnerability/depth-damage function,True
NZA-0138,1.224768,34.962286,permanent_masonry,102,55500,56610000.0,50,0.02,NZ-050-0138,high,1.53,0.77,10.79,0.9,0.3853,21813320.27,250000.0,21563320.27,synthetic spatial flood-hazard scenario; not observed flood data,synthetic vulnerability/depth-damage function,True
NZA-0139,-0.266738,33.973491,informal_iron_sheet,16,8200,1310000.0,50,0.02,NZ-050-0139,high,1.395,0.802,9.74,1.35,0.4727,619219.72,26200.0,593019.72,synthetic spatial flood-hazard scenario; not observed flood data,synthetic vulnerability/depth-damage function,True
NZA-0140,-0.016867,34.265159,informal_iron_sheet,9,9500,855000.0,50,0.02,NZ-050-0140,high,1.7,0.878,12.28,1.35,0.5801,495998.31,17100.0,478898.31,synthetic spatial flood-hazard scenario; not observed flood data,synthetic vulnerability/depth-damage function,True
NZA-0141,0.486875,34.517157,informal_iron_sheet,20,5800,1160000.0,50,0.02,NZ-050-0141,high,1.75,1.067,12.67,1.35,0.6054,702291.64,23200.0,679091.64,synthetic spatial flood-hazard scenario; not observed flood data,synthetic vulnerability/depth-damage function,True
NZA-0142,0.284666,34.510305,informal_iron_sheet,21,9200,1930000.0,50,0.02,NZ-050-0142,high,1.796,0.961,11.32,1.35,0.6078,1173132.31,38600.0,1134532.31,synthetic spatial flood-hazard scenario; not observed flood data,synthetic vulnerability/depth-damage function,True
NZA-0143,0.174623,35.060375,informal_iron_sheet,23,6800,1565000.0,50,0.02,NZ-050-0143,high,1.912,0.866,11.84,1.35,0.6361,995508.8,31300.0,964208.8,synthetic spatial flood-hazard scenario; not observed flood data,synthetic vulnerability/depth-damage function,True
NZA-0144,0.425533,33.925462,semi_permanent,49,9700,4755000.0,50,0.02,NZ-050-0144,high,1.56,1.045,11.62,1.0,0.441,2097092.67,95100.0,2001992.67,synthetic spatial flood-hazard scenario; not observed flood data,synthetic vulnerability/depth-damage function,True
NZA-0145,0.538147,34.75978,informal_iron_sheet,17,5000,850000.0,50,0.02,NZ-050-0145,high,1.683,1.003,13.16,1.35,0.585,497250.86,17000.0,480250.86,synthetic spatial flood-hazard scenario; not observed flood data,synthetic vulnerability/depth-damage function,True
NZA-0146,0.985414,34.587465,semi_permanent,33,12100,3995000.0,50,0.02,NZ-050-0146,high,1.478,1.045,10.86,1.0,0.4153,1659217.5,79900.0,1579317.5,synthetic spatial flood-hazard scenario; not observed flood data,synthetic vulnerability/depth-damage function,True
NZA-0147,0.900762,34.081402,permanent_masonry,86,47100,40505000.0,50,0.02,NZ-050-0147,high,1.368,0.845,9.95,0.9,0.3422,13860299.28,250000.0,13610299.28,synthetic spatial flood-hazard scenario; not observed flood data,synthetic vulnerability/depth-damage function,True
NZA-0148,0.478766,34.228147,semi_permanent,40,8900,3560000.0,50,0.02,NZ-050-0148,high,1.56,0.989,9.67,1.0,0.432,1538089.96,71200.0,1466889.96,synthetic spatial flood-hazard scenario; not observed flood data,synthetic vulnerability/depth-damage function,True
NZA-0149,0.209102,34.367164,semi_permanent,58,14000,8120000.0,50,0.02,NZ-050-0149,high,1.904,0.984,13.43,1.0,0.5368,4358419.46,162400.0,4196019.46,synthetic spatial flood-hazard scenario; not observed flood data,synthetic vulnerability/depth-damage function,True
NZA-0150,0.475855,33.904578,semi_permanent,27,11000,2970000.0,50,0.02,NZ-050-0150,high,1.5,0.904,11.13,1.0,0.4163,1236559.45,59400.0,1177159.45,synthetic spatial flood-hazard scenario; not observed flood data,synthetic vulnerability/depth-damage function,True
NZA-0151,0.811132,33.785321,permanent_masonry,93,61200,56915000.0,50,0.02,NZ-050-0151,high,1.389,0.801,12.23,0.9,0.353,20090209.3,250000.0,19840209.3,synthetic spatial flood-hazard scenario; not observed flood data,synthetic vulnerability/depth-damage function,True
NZA-0152,1.091808,33.963898,informal_iron_sheet,11,6200,680000.0,50,0.02,NZ-050-0152,high,1.351,0.888,9.46,1.35,0.4612,313606.09,13600.0,300006.09,synthetic spatial flood-hazard scenario; not observed flood data,synthetic vulnerability/depth-damage function,True
NZA-0153,0.22262,34.382704,informal_iron_sheet,24,7000,1680000.0,50,0.02,NZ-050-0153,high,1.826,1.133,11.91,1.35,0.627,1053442.33,33600.0,1019842.33,synthetic spatial flood-hazard scenario; not observed flood data,synthetic vulnerability/depth-damage function,True
NZA-0154,0.108316,35.154712,informal_iron_sheet,10,8700,870000.0,50,0.02,NZ-050-0154,high,1.417,0.914,11.63,1.35,0.4922,428228.69,17400.0,410828.69,synthetic spatial flood-hazard scenario; not observed flood data,synthetic vulnerability/depth-damage function,True
NZA-0155,-0.146898,34.202851,semi_permanent,42,14600,6130000.0,50,0.02,NZ-050-0155,high,1.236,0.762,9.67,1.0,0.3296,2020595.84,122600.0,1897995.84,synthetic spatial flood-hazard scenario; not observed flood data,synthetic vulnerability/depth-damage function,True
NZA-0156,-0.178586,35.094475,permanent_masonry,108,58100,62750000.0,50,0.02,NZ-050-0156,high,1.509,1.072,9.78,0.9,0.389,24411338.01,250000.0,24161338.01,synthetic spatial flood-hazard scenario; not observed flood data,synthetic vulnerability/depth-damage function,True
NZA-0157,0.549955,35.195553,informal_iron_sheet,14,5200,730000.0,50,0.02,NZ-050-0157,high,1.652,1.165,10.73,1.35,0.5746,419433.64,14600.0,404833.64,synthetic spatial flood-hazard scenario; not observed flood data,synthetic vulnerability/depth-damage function,True
NZA-0158,0.032916,34.083035,permanent_masonry,109,52900,57660000.0,50,0.02,NZ-050-0158,high,1.533,0.996,10.7,0.9,0.3953,22793156.03,250000.0,22543156.03,synthetic spatial flood-hazard scenario; not observed flood data,synthetic vulnerability/depth-damage function,True
NZA-0159,1.255492,35.098112,concrete_rcc,185,71300,131905000.0,50,0.02,NZ-050-0159,high,1.208,0.736,8.99,0.7,0.2354,31049039.58,250000.0,30799039.58,synthetic spatial flood-hazard scenario; not observed flood data,synthetic vulnerability/depth-damage function,True
NZA-0160,0.512475,34.494717,semi_permanent,40,9200,3680000.0,50,0.02,NZ-050-0160,high,1.787,1.192,13.7,1.0,0.5175,1904500.82,73600.0,1830900.82,synthetic spatial flood-hazard scenario; not observed flood data,synthetic vulnerability/depth-damage function,True
NZA-0161,0.887231,34.583379,permanent_masonry,123,37500,46125000.0,50,0.02,NZ-050-0161,high,1.522,1.053,13.08,0.9,0.4025,18564075.49,250000.0,18314075.49,synthetic spatial flood-hazard scenario; not observed flood data,synthetic vulnerability/depth-damage function,True
NZA-0162,1.042057,35.022524,semi_permanent,31,14500,4495000.0,50,0.02,NZ-050-0162,high,1.795,0.925,12.83,1.0,0.5037,2264036.55,89900.0,2174136.55,synthetic spatial flood-hazard scenario; not observed flood data,synthetic vulnerability/depth-damage function,True
NZA-0163,-0.135662,34.531432,semi_permanent,32,13100,4190000.0,50,0.02,NZ-050-0163,high,1.645,0.833,11.98,1.0,0.4562,1911481.37,83800.0,1827681.37,synthetic spatial flood-hazard scenario; not observed flood data,synthetic vulnerability/depth-damage function,True
NZA-0164,0.377008,34.788419,semi_permanent,30,12700,3810000.0,50,0.02,NZ-050-0164,high,1.641,0.858,11.5,1.0,0.4546,1732005.46,76200.0,1655805.46,synthetic spatial flood-hazard scenario; not observed flood data,synthetic vulnerability/depth-damage function,True
NZA-0165,1.295562,33.94838,informal_iron_sheet,8,8800,705000.0,50,0.02,NZ-050-0165,high,1.223,0.853,9.08,1.35,0.4149,292533.74,14100.0,278433.74,synthetic spatial flood-hazard scenario; not observed flood data,synthetic vulnerability/depth-damage function,True
NZA-0166,-0.004246,33.806293,permanent_masonry,81,59600,48275000.0,50,0.02,NZ-050-0166,high,1.336,0.858,10.52,0.9,0.3356,16202531.47,250000.0,15952531.47,synthetic spatial flood-hazard scenario; not observed flood data,synthetic vulnerability/depth-damage function,True
NZA-0167,-0.174577,35.134691,informal_iron_sheet,20,9300,1860000.0,50,0.02,NZ-050-0167,high,1.322,0.828,10.48,1.35,0.4524,841391.16,37200.0,804191.16,synthetic spatial flood-hazard scenario; not observed flood data,synthetic vulnerability/depth-damage function,True
NZA-0168,0.084656,34.599648,informal_iron_sheet,13,5700,740000.0,50,0.02,NZ-050-0168,high,1.824,1.031,11.38,1.35,0.6194,458330.59,14800.0,443530.59,synthetic spatial flood-hazard scenario; not observed flood data,synthetic vulnerability/depth-damage function,True
NZA-0169,0.330014,33.785135,informal_iron_sheet,19,5700,1085000.0,50,0.02,NZ-050-0169,high,1.542,0.95,10.48,1.35,0.5294,574419.0,21700.0,552719.0,synthetic spatial flood-hazard scenario; not observed flood data,synthetic vulnerability/depth-damage function,True
NZA-0170,1.164046,34.99134,permanent_masonry,128,53500,68480000.0,50,0.02,NZ-050-0170,high,1.813,0.995,11.82,0.9,0.4717,32304064.61,250000.0,32054064.61,synthetic spatial flood-hazard scenario; not observed flood data,synthetic vulnerability/depth-damage function,True
NZA-0171,1.193402,34.990573,semi_permanent,23,15100,3475000.0,50,0.02,NZ-050-0171,high,1.355,0.91,11.54,1.0,0.376,1306729.23,69500.0,1237229.23,synthetic spatial flood-hazard scenario; not observed flood data,synthetic vulnerability/depth-damage function,True
NZA-0172,0.347723,34.131278,semi_permanent,44,12700,5590000.0,50,0.02,NZ-050-0172,high,1.448,0.888,10.51,1.0,0.3987,2228825.77,111800.0,2117025.77,synthetic spatial flood-hazard scenario; not observed flood data,synthetic vulnerability/depth-damage function,True
NZA-0173,0.629879,34.896,semi_permanent,50,14700,7350000.0,50,0.02,NZ-050-0173,high,1.472,0.859,11.19,1.0,0.4065,2987829.91,147000.0,2840829.91,synthetic spatial flood-hazard scenario; not observed flood data,synthetic vulnerability/depth-damage function,True
NZA-0174,0.330706,35.332061,semi_permanent,32,12100,3870000.0,50,0.02,NZ-050-0174,high,1.505,0.859,10.55,1.0,0.4139,1601811.16,77400.0,1524411.16,synthetic spatial flood-hazard scenario; not observed flood data,synthetic vulnerability/depth-damage function,True
NZA-0175,0.98325,34.695033,semi_permanent,43,14800,6365000.0,50,0.02,NZ-050-0175,high,1.42,0.989,11.22,1.0,0.3974,2529350.99,127300.0,2402050.99,synthetic spatial flood-hazard scenario; not observed flood data,synthetic vulnerability/depth-damage function,True
NZA-0176,0.574189,35.188998,informal_iron_sheet,20,9500,1900000.0,50,0.02,NZ-050-0176,high,1.736,1.015,11.75,1.35,0.5954,1131269.71,38000.0,1093269.71,synthetic spatial flood-hazard scenario; not observed flood data,synthetic vulnerability/depth-damage function,True
NZA-0177,0.506191,33.885311,semi_permanent,48,11900,5710000.0,50,0.02,NZ-050-0177,high,1.621,1.014,11.58,1.0,0.4565,2606733.81,114200.0,2492533.81,synthetic spatial flood-hazard scenario; not observed flood data,synthetic vulnerability/depth-damage function,True
NZA-0178,0.976733,33.853665,semi_permanent,31,8100,2510000.0,50,0.02,NZ-050-0178,high,1.414,0.987,11.38,1.0,0.3959,993634.4,50200.0,943434.4,synthetic spatial flood-hazard scenario; not observed flood data,synthetic vulnerability/depth-damage function,True
NZA-0179,0.613792,34.321792,permanent_masonry,101,64600,65245000.0,50,0.02,NZ-050-0179,high,1.533,0.83,10.11,0.9,0.3864,25210075.75,250000.0,24960075.75,synthetic spatial flood-hazard scenario; not observed flood data,synthetic vulnerability/depth-damage function,True
NZA-0180,0.718625,33.923511,permanent_masonry,55,48500,26675000.0,50,0.02,NZ-050-0180,high,1.537,0.856,10.11,0.9,0.3885,10364477.74,250000.0,10114477.74,synthetic spatial flood-hazard scenario; not observed flood data,synthetic vulnerability/depth-damage function,True
NZA-0181,0.153304,35.389068,informal_iron_sheet,11,5200,570000.0,50,0.02,NZ-050-0181,high,1.317,0.854,9.37,1.35,0.4481,255391.24,11400.0,243991.24,synthetic spatial flood-hazard scenario; not observed flood data,synthetic vulnerability/depth-damage function,True
NZA-0182,0.227874,33.987182,permanent_masonry,111,41200,45730000.0,50,0.02,NZ-050-0182,high,1.618,0.955,11.02,0.9,0.4171,19073071.0,250000.0,18823071.0,synthetic spatial flood-hazard scenario; not observed flood data,synthetic vulnerability/depth-damage function,True
NZA-0183,0.765659,34.543054,informal_iron_sheet,13,8900,1155000.0,50,0.02,NZ-050-0183,high,1.653,0.806,11.91,1.35,0.5612,648195.98,23100.0,625095.98,synthetic spatial flood-hazard scenario; not observed flood data,synthetic vulnerability/depth-damage function,True
NZA-0184,-0.160013,33.827759,semi_permanent,52,14400,7490000.0,50,0.02,NZ-050-0184,high,1.66,1.012,10.88,1.0,0.4646,3479855.78,149800.0,3330055.78,synthetic spatial flood-hazard scenario; not observed flood data,synthetic vulnerability/depth-damage function,True
NZA-0185,1.059973,33.772395,permanent_masonry,124,39300,48730000.0,50,0.02,NZ-050-0185,high,1.216,0.793,9.68,0.9,0.2979,14514525.12,250000.0,14264525.12,synthetic spatial flood-hazard scenario; not observed flood data,synthetic vulnerability/depth-damage function,True
NZA-0186,0.682634,34.983255,informal_iron_sheet,11,5800,640000.0,50,0.02,NZ-050-0186,high,1.503,0.925,12.94,1.35,0.5251,336095.22,12800.0,323295.22,synthetic spatial flood-hazard scenario; not observed flood data,synthetic vulnerability/depth-damage function,True
NZA-0187,0.113213,34.833715,semi_permanent,26,12100,3145000.0,50,0.02,NZ-050-0187,high,1.481,1.004,11.04,1.0,0.4148,1304638.9,62900.0,1241738.9,synthetic spatial flood-hazard scenario; not observed flood data,synthetic vulnerability/depth-damage function,True
NZA-0188,0.978559,34.363694,informal_iron_sheet,14,8300,1160000.0,50,0.02,NZ-050-0188,high,1.632,0.938,12.07,1.35,0.5625,652515.18,23200.0,629315.18,synthetic spatial flood-hazard scenario; not observed flood data,synthetic vulnerability/depth-damage function,True
NZA-0189,0.350124,35.109995,semi_permanent,29,9800,2840000.0,50,0.02,NZ-050-0189,high,1.468,0.951,11.06,1.0,0.409,1161632.34,56800.0,1104832.34,synthetic spatial flood-hazard scenario; not observed flood data,synthetic vulnerability/depth-damage function,True
NZA-0190,0.066907,34.937693,permanent_masonry,185,49300,91205000.0,50,0.02,NZ-050-0190,high,1.139,0.803,9.23,0.9,0.2759,25167551.48,250000.0,24917551.48,synthetic spatial flood-hazard scenario; not observed flood data,synthetic vulnerability/depth-damage function,True
NZA-0191,0.900958,34.589677,permanent_masonry,110,36000,39600000.0,50,0.02,NZ-050-0191,high,1.497,0.853,11.21,0.9,0.3812,15094920.8,250000.0,14844920.8,synthetic spatial flood-hazard scenario; not observed flood data,synthetic vulnerability/depth-damage function,True
NZA-0192,1.038165,35.008153,permanent_masonry,81,57300,46415000.0,50,0.02,NZ-050-0192,high,1.563,0.883,10.34,0.9,0.3972,18435688.53,250000.0,18185688.53,synthetic spatial flood-hazard scenario; not observed flood data,synthetic vulnerability/depth-damage function,True
NZA-0193,-0.070194,34.756022,concrete_rcc,443,75200,333135000.0,50,0.02,NZ-050-0193,high,1.404,0.928,9.32,0.7,0.2877,95840790.8,250000.0,95590790.8,synthetic spatial flood-hazard scenario; not observed flood data,synthetic vulnerability/depth-damage function,True
NZA-0194,-0.078109,33.841378,permanent_masonry,290,40000,116000000.0,50,0.02,NZ-050-0194,high,1.418,0.959,10.9,0.9,0.3632,42132986.93,250000.0,41882986.93,synthetic spatial flood-hazard scenario; not observed flood data,synthetic vulnerability/depth-damage function,True
NZA-0195,0.913456,34.12594,semi_permanent,65,9200,5980000.0,50,0.02,NZ-050-0195,high,1.493,0.89,9.67,1.0,0.4089,2444968.4,119600.0,2325368.4,synthetic spatial flood-hazard scenario; not observed flood data,synthetic vulnerability/depth-damage function,True
NZA-0196,1.210137,34.610609,informal_iron_sheet,16,7100,1135000.0,50,0.02,NZ-050-0196,high,1.402,1.014,11.19,1.35,0.4904,556650.58,22700.0,533950.58,synthetic spatial flood-hazard scenario; not observed flood data,synthetic vulnerability/depth-damage function,True
NZA-0197,0.961132,34.216405,semi_permanent,73,11100,8105000.0,50,0.02,NZ-050-0197,high,1.461,0.92,11.16,1.0,0.4061,3291400.51,162100.0,3129300.51,synthetic spatial flood-hazard scenario; not observed flood data,synthetic vulnerability/depth-damage function,True
NZA-0198,0.792632,34.650565,semi_permanent,39,9800,3820000.0,50,0.02,NZ-050-0198,high,1.55,0.75,11.71,1.0,0.4254,1625160.49,76400.0,1548760.49,synthetic spatial flood-hazard scenario; not observed flood data,synthetic vulnerability/depth-damage function,True
NZA-0199,-0.072626,34.828982,permanent_masonry,136,53500,72760000.0,50,0.02,NZ-050-0199,high,1.459,0.943,10.35,0.9,0.3721,27073003.65,250000.0,26823003.65,synthetic spatial flood-hazard scenario; not observed flood data,synthetic vulnerability/depth-damage function,True
NZA-0200,-0.00027,34.220095,informal_iron_sheet,10,9200,920000.0,50,0.02,NZ-050-0200,high,1.602,0.954,10.72,1.35,0.5489,505015.3,18400.0,486615.3,synthetic spatial flood-hazard scenario; not observed flood data,synthetic vulnerability/depth-damage function,True
NZA-0201,0.002237,34.709034,permanent_masonry,45,44800,20160000.0,50,0.02,NZ-050-0201,high,1.863,1.154,11.75,0.9,0.4914,9907517.68,250000.0,9657517.68,synthetic spatial flood-hazard scenario; not observed flood data,synthetic vulnerability/depth-damage function,True
NZA-0202,1.055605,34.184847,informal_iron_sheet,14,6300,880000.0,50,0.02,NZ-050-0202,high,1.737,1.03,11.09,1.35,0.5938,522576.43,17600.0,504976.43,synthetic spatial flood-hazard scenario; not observed flood data,synthetic vulnerability/depth-damage function,True
NZA-0203,1.28914,34.853038,permanent_masonry,126,52500,66150000.0,50,0.02,NZ-050-0203,high,1.348,0.841,10.39,0.9,0.3379,22355180.67,250000.0,22105180.67,synthetic spatial flood-hazard scenario; not observed flood data,synthetic vulnerability/depth-damage function,True
NZA-0204,-0.055852,33.719756,informal_iron_sheet,14,9200,1290000.0,50,0.02,NZ-050-0204,high,1.286,0.726,9.18,1.35,0.4309,555829.26,25800.0,530029.26,synthetic spatial flood-hazard scenario; not observed flood data,synthetic vulnerability/depth-damage function,True
NZA-0205,0.376545,35.3465,informal_iron_sheet,13,6300,820000.0,50,0.02,NZ-050-0205,high,1.331,0.842,10.52,1.35,0.4563,374170.94,16400.0,357770.94,synthetic spatial flood-hazard scenario; not observed flood data,synthetic vulnerability/depth-damage function,True
NZA-0206,1.127888,34.607065,informal_iron_sheet,28,8800,2465000.0,50,0.02,NZ-050-0206,high,1.696,0.973,12.15,1.35,0.5834,1438100.87,49300.0,1388800.87,synthetic spatial flood-hazard scenario; not observed flood data,synthetic vulnerability/depth-damage function,True
NZA-0207,1.245841,34.340392,permanent_masonry,73,58100,42415000.0,50,0.02,NZ-050-0207,high,1.516,0.945,11.36,0.9,0.3907,16570464.3,250000.0,16320464.3,synthetic spatial flood-hazard scenario; not observed flood data,synthetic vulnerability/depth-damage function,True
NZA-0208,0.460521,34.445185,semi_permanent,25,14000,3500000.0,50,0.02,NZ-050-0208,high,1.772,1.136,11.4,1.0,0.5023,1758086.89,70000.0,1688086.89,synthetic spatial flood-hazard scenario; not observed flood data,synthetic vulnerability/depth-damage function,True
NZA-0209,-0.281133,33.981186,permanent_masonry,79,54100,42740000.0,50,0.02,NZ-050-0209,high,1.514,0.814,9.75,0.9,0.3795,16218744.23,250000.0,15968744.23,synthetic spatial flood-hazard scenario; not observed flood data,synthetic vulnerability/depth-damage function,True
NZA-0210,0.816474,35.262409,semi_permanent,53,14900,7895000.0,50,0.02,NZ-050-0210,high,1.399,0.758,11.75,1.0,0.3832,3025335.65,157900.0,2867435.65,synthetic spatial flood-hazard scenario; not observed flood data,synthetic vulnerability/depth-damage function,True
NZA-0211,0.961856,34.521307,semi_permanent,31,11300,3505000.0,50,0.02,NZ-050-0211,high,1.941,1.117,12.56,1.0,0.5492,1925030.4,70100.0,1854930.4,synthetic spatial flood-hazard scenario; not observed flood data,synthetic vulnerability/depth-damage function,True
NZA-0212,-0.065838,34.54263,concrete_rcc,404,70400,284415000.0,50,0.02,NZ-050-0212,high,1.447,0.966,12.6,0.7,0.3077,87522513.62,250000.0,87272513.62,synthetic spatial flood-hazard scenario; not observed flood data,synthetic vulnerability/depth-damage function,True
NZA-0213,0.91605,33.907819,permanent_masonry,176,64000,112640000.0,50,0.02,NZ-050-0213,high,1.299,0.767,9.81,0.9,0.3202,36070224.98,250000.0,35820224.98,synthetic spatial flood-hazard scenario; not observed flood data,synthetic vulnerability/depth-damage function,True
NZA-0214,0.07754,34.549123,informal_iron_sheet,11,7800,860000.0,50,0.02,NZ-050-0214,high,1.673,0.996,12.82,1.35,0.5802,498987.55,17200.0,481787.55,synthetic spatial flood-hazard scenario; not observed flood data,synthetic vulnerability/depth-damage function,True
NZA-0215,-0.202341,34.161636,informal_iron_sheet,10,9400,940000.0,50,0.02,NZ-050-0215,high,1.496,0.859,9.81,1.35,0.5081,477588.57,18800.0,458788.57,synthetic spatial flood-hazard scenario; not observed flood data,synthetic vulnerability/depth-damage function,True
NZA-0216,0.833242,34.463678,informal_iron_sheet,14,7500,1050000.0,50,0.02,NZ-050-0216,high,1.661,0.875,11.15,1.35,0.5644,592639.15,21000.0,571639.15,synthetic spatial flood-hazard scenario; not observed flood data,synthetic vulnerability/depth-damage function,True
NZA-0217,-0.098812,34.8947,informal_iron_sheet,21,9200,1930000.0,50,0.02,NZ-050-0217,high,1.497,0.98,9.42,1.35,0.5128,989722.68,38600.0,951122.68,synthetic spatial flood-hazard scenario; not observed flood data,synthetic vulnerability/depth-damage function,True
NZA-0218,0.507474,34.920729,semi_permanent,54,9200,4970000.0,50,0.02,NZ-050-0218,high,1.769,0.967,12.8,1.0,0.4988,2479109.14,99400.0,2379709.14,synthetic spatial flood-hazard scenario; not observed flood data,synthetic vulnerability/depth-damage function,True
NZA-0219,1.054706,34.124126,semi_permanent,43,12300,5290000.0,50,0.02,NZ-050-0219,high,1.4,1.0,11.26,1.0,0.3922,2074498.46,105800.0,1968698.46,synthetic spatial flood-hazard scenario; not observed flood data,synthetic vulnerability/depth-damage function,True
NZA-0220,0.729331,34.535484,semi_permanent,50,15600,7800000.0,50,0.02,NZ-050-0220,high,1.995,1.046,12.44,1.0,0.5586,4357243.17,156000.0,4201243.17,synthetic spatial flood-hazard scenario; not observed flood data,synthetic vulnerability/depth-damage function,True
NZA-0221,0.139703,35.199674,semi_permanent,49,14300,7005000.0,50,0.02,NZ-050-0221,high,1.453,0.846,11.61,1.0,0.402,2816222.57,140100.0,2676122.57,synthetic spatial flood-hazard scenario; not observed flood data,synthetic vulnerability/depth-damage function,True
NZA-0222,0.963084,34.705498,semi_permanent,36,15400,5545000.0,50,0.02,NZ-050-0222,high,1.765,0.956,11.7,1.0,0.493,2733743.31,110900.0,2622843.31,synthetic spatial flood-hazard scenario; not observed flood data,synthetic vulnerability/depth-damage function,True
NZA-0223,0.285659,34.150175,semi_permanent,30,11200,3360000.0,50,0.02,NZ-050-0223,high,1.708,0.847,10.2,1.0,0.4675,1570749.75,67200.0,1503549.75,synthetic spatial flood-hazard scenario; not observed flood data,synthetic vulnerability/depth-damage function,True
NZA-0224,0.166684,33.973535,permanent_masonry,100,49700,49700000.0,50,0.02,NZ-050-0224,high,1.353,0.948,10.07,0.9,0.3426,17025781.69,250000.0,16775781.69,synthetic spatial flood-hazard scenario; not observed flood data,synthetic vulnerability/depth-damage function,True
NZA-0225,0.981894,33.990876,informal_iron_sheet,15,8200,1230000.0,50,0.02,NZ-050-0225,high,1.257,0.89,8.83,1.35,0.4274,525688.24,24600.0,501088.24,synthetic spatial flood-hazard scenario; not observed flood data,synthetic vulnerability/depth-damage function,True
NZA-0226,0.129184,34.293588,informal_iron_sheet,23,6600,1520000.0,50,0.02,NZ-050-0226,high,1.77,1.201,12.45,1.35,0.6169,937731.87,30400.0,907331.87,synthetic spatial flood-hazard scenario; not observed flood data,synthetic vulnerability/depth-damage function,True
NZA-0227,0.173777,33.973324,informal_iron_sheet,21,9000,1890000.0,50,0.02,NZ-050-0227,high,1.348,0.819,9.17,1.35,0.4559,861715.7,37800.0,823915.7,synthetic spatial flood-hazard scenario; not observed flood data,synthetic vulnerability/depth-damage function,True
NZA-0228,0.337195,35.035908,informal_iron_sheet,19,7800,1480000.0,50,0.02,NZ-050-0228,high,1.477,1.008,11.52,1.35,0.5158,763398.65,29600.0,733798.65,synthetic spatial flood-hazard scenario; not observed flood data,synthetic vulnerability/depth-damage function,True
NZA-0229,-0.248699,35.31671,semi_permanent,27,12600,3400000.0,50,0.02,NZ-050-0229,high,1.31,0.741,10.08,1.0,0.3516,1195409.08,68000.0,1127409.08,synthetic spatial flood-hazard scenario; not observed flood data,synthetic vulnerability/depth-damage function,True
NZA-0230,0.728115,35.387876,semi_permanent,38,12000,4560000.0,50,0.02,NZ-050-0230,high,1.465,0.959,12.45,1.0,0.4129,1882935.56,91200.0,1791735.56,synthetic spatial flood-hazard scenario; not observed flood data,synthetic vulnerability/depth-damage function,True
NZA-0231,-0.080244,34.892939,semi_permanent,43,9100,3915000.0,50,0.02,NZ-050-0231,high,1.716,1.013,11.43,1.0,0.4819,1886676.95,78300.0,1808376.95,synthetic spatial flood-hazard scenario; not observed flood data,synthetic vulnerability/depth-damage function,True
NZA-0232,0.247534,34.558433,informal_iron_sheet,11,8200,900000.0,50,0.02,NZ-050-0232,high,1.84,1.021,12.08,1.35,0.6259,563294.76,18000.0,545294.76,synthetic spatial flood-hazard scenario; not observed flood data,synthetic vulnerability/depth-damage function,True
NZA-0233,0.922151,35.061651,concrete_rcc,363,76200,276605000.0,50,0.02,NZ-050-0233,high,1.629,0.968,10.47,0.7,0.3443,95237952.33,250000.0,94987952.33,synthetic spatial flood-hazard scenario; not observed flood data,synthetic vulnerability/depth-damage function,True
NZA-0234,-0.102681,34.4462,informal_iron_sheet,15,6200,930000.0,50,0.02,NZ-050-0234,high,1.694,1.195,12.64,1.35,0.5956,553898.78,18600.0,535298.78,synthetic spatial flood-hazard scenario; not observed flood data,synthetic vulnerability/depth-damage function,True
NZA-0235,0.277237,33.7611,concrete_rcc,540,66800,360720000.0,50,0.02,NZ-050-0235,high,1.385,0.907,12.26,0.7,0.29,104593379.36,250000.0,104343379.36,synthetic spatial flood-hazard scenario; not observed flood data,synthetic vulnerability/depth-damage function,True
NZA-0236,1.051056,35.348716,concrete_rcc,377,59100,222805000.0,50,0.02,NZ-050-0236,high,1.073,0.761,9.99,0.7,0.207,46130614.66,250000.0,45880614.66,synthetic spatial flood-hazard scenario; not observed flood data,synthetic vulnerability/depth-damage function,True
NZA-0237,0.664035,33.87008,semi_permanent,40,8700,3480000.0,50,0.02,NZ-050-0237,high,1.59,1.04,11.8,1.0,0.4499,1565638.14,69600.0,1496038.14,synthetic spatial flood-hazard scenario; not observed flood data,synthetic vulnerability/depth-damage function,True
NZA-0238,-0.203953,33.787429,informal_iron_sheet,14,9400,1315000.0,50,0.02,NZ-050-0238,high,1.476,0.814,10.04,1.35,0.5006,658244.78,26300.0,631944.78,synthetic spatial flood-hazard scenario; not observed flood data,synthetic vulnerability/depth-damage function,True
NZA-0239,0.094046,34.98894,informal_iron_sheet,12,8100,970000.0,50,0.02,NZ-050-0239,high,1.625,0.942,11.59,1.35,0.5588,542030.94,19400.0,522630.94,synthetic spatial flood-hazard scenario; not observed flood data,synthetic vulnerability/depth-damage function,True
NZA-0240,0.839308,34.623191,informal_iron_sheet,10,5400,540000.0,50,0.02,NZ-050-0240,high,1.602,0.989,11.89,1.35,0.5553,299844.12,10800.0,289044.12,synthetic spatial flood-hazard scenario; not observed flood data,synthetic vulnerability/depth-damage function,True
NZA-0241,0.903049,34.77593,informal_iron_sheet,10,7600,760000.0,50,0.02,NZ-050-0241,high,1.493,0.803,11.0,1.35,0.5088,386681.98,15200.0,371481.98,synthetic spatial flood-hazard scenario; not observed flood data,synthetic vulnerability/depth-damage function,True
NZA-0242,-0.27746,34.786991,informal_iron_sheet,12,9300,1115000.0,50,0.02,NZ-050-0242,high,1.301,0.935,10.18,1.35,0.4493,500953.24,22300.0,478653.24,synthetic spatial flood-hazard scenario; not observed flood data,synthetic vulnerability/depth-damage function,True
NZA-0243,0.311782,34.453673,informal_iron_sheet,22,7900,1740000.0,50,0.02,NZ-050-0243,high,1.608,1.003,11.58,1.35,0.5564,968161.58,34800.0,933361.58,synthetic spatial flood-hazard scenario; not observed flood data,synthetic vulnerability/depth-damage function,True
NZA-0244,0.405315,33.820881,informal_iron_sheet,20,9100,1820000.0,50,0.02,NZ-050-0244,high,1.634,0.886,10.78,1.35,0.5554,1010885.56,36400.0,974485.56,synthetic spatial flood-hazard scenario; not observed flood data,synthetic vulnerability/depth-damage function,True
NZA-0245,0.470147,34.610429,informal_iron_sheet,8,6300,505000.0,50,0.02,NZ-050-0245,high,1.682,1.066,11.91,1.35,0.583,294420.67,10100.0,284320.67,synthetic spatial flood-hazard scenario; not observed flood data,synthetic vulnerability/depth-damage function,True
NZA-0246,0.786112,35.372968,semi_permanent,31,14800,4590000.0,50,0.02,NZ-050-0246,high,1.297,0.802,9.99,1.0,0.35,1606390.62,91800.0,1514590.62,synthetic spatial flood-hazard scenario; not observed flood data,synthetic vulnerability/depth-damage function,True
NZA-0247,1.02771,34.603808,permanent_masonry,89,42900,38180000.0,50,0.02,NZ-050-0247,high,1.902,1.152,11.45,0.9,0.4999,19087648.52,250000.0,18837648.52,synthetic spatial flood-hazard scenario; not observed flood data,synthetic vulnerability/depth-damage function,True
NZA-0248,1.278619,35.180017,semi_permanent,38,15300,5815000.0,50,0.02,NZ-050-0248,high,1.537,0.792,11.28,1.0,0.4223,2455503.41,116300.0,2339203.41,synthetic spatial flood-hazard scenario; not observed flood data,synthetic vulnerability/depth-damage function,True
NZA-0249,0.784923,35.201385,semi_permanent,34,9100,3095000.0,50,0.02,NZ-050-0249,high,1.233,0.744,10.55,1.0,0.3307,1023427.62,61900.0,961527.62,synthetic spatial flood-hazard scenario; not observed flood data,synthetic vulnerability/depth-damage function,True
NZA-0250,0.30244,34.881249,semi_permanent,37,8300,3070000.0,50,0.02,NZ-050-0250,high,1.501,1.011,13.04,1.0,0.4276,1312709.99,61400.0,1251309.99,synthetic spatial flood-hazard scenario; not observed flood data,synthetic vulnerability/depth-damage function,True
NZA-0251,1.03318,34.046947,informal_iron_sheet,11,5400,595000.0,50,0.02,NZ-050-0251,high,1.751,0.921,12.0,1.35,0.5958,354485.36,11900.0,342585.36,synthetic spatial flood-hazard scenario; not observed flood data,synthetic vulnerability/depth-damage function,True
NZA-0252,1.194176,35.293823,informal_iron_sheet,11,8700,955000.0,50,0.02,NZ-050-0252,high,1.324,0.803,10.07,1.35,0.4506,430294.73,19100.0,411194.73,synthetic spatial flood-hazard scenario; not observed flood data,synthetic vulnerability/depth-damage function,True
NZA-0253,0.529755,35.078419,permanent_masonry,178,41500,73870000.0,50,0.02,NZ-050-0253,high,1.554,0.969,10.81,0.9,0.4002,29562786.65,250000.0,29312786.65,synthetic spatial flood-hazard scenario; not observed flood data,synthetic vulnerability/depth-damage function,True
NZA-0254,0.343724,35.047128,concrete_rcc,697,61100,425865000.0,50,0.02,NZ-050-0254,high,1.667,0.981,12.29,0.7,0.3589,152855305.55,250000.0,152605305.55,synthetic spatial flood-hazard scenario; not observed flood data,synthetic vulnerability/depth-damage function,True
NZA-0255,0.70253,33.825102,informal_iron_sheet,8,7400,590000.0,50,0.02,NZ-050-0255,high,1.537,0.819,9.86,1.35,0.5191,306269.64,11800.0,294469.64,synthetic spatial flood-hazard scenario; not observed flood data,synthetic vulnerability/depth-damage function,True
NZA-0256,-0.006645,35.185234,semi_permanent,37,14200,5255000.0,50,0.02,NZ-050-0256,high,1.416,0.72,10.19,1.0,0.3815,2005011.99,105100.0,1899911.99,synthetic spatial flood-hazard scenario; not observed flood data,synthetic vulnerability/depth-damage function,True
NZA-0257,0.631845,34.774512,informal_iron_sheet,12,5400,650000.0,50,0.02,NZ-050-0257,high,1.562,1.022,12.05,1.35,0.545,354269.41,13000.0,341269.41,synthetic spatial flood-hazard scenario; not observed flood data,synthetic vulnerability/depth-damage function,True
NZA-0258,0.574405,34.730911,semi_permanent,45,9500,4275000.0,50,0.02,NZ-050-0258,high,1.77,0.998,13.25,1.0,0.5021,2146489.38,85500.0,2060989.38,synthetic spatial flood-hazard scenario; not observed flood data,synthetic vulnerability/depth-damage function,True
NZA-0259,0.980305,33.863152,informal_iron_sheet,14,8300,1160000.0,50,0.02,NZ-050-0259,high,1.579,0.929,10.79,1.35,0.5411,627642.17,23200.0,604442.17,synthetic spatial flood-hazard scenario; not observed flood data,synthetic vulnerability/depth-damage function,True
NZA-0260,-0.141532,35.034344,permanent_masonry,103,44900,46245000.0,50,0.02,NZ-050-0260,high,1.467,0.854,10.88,0.9,0.3722,17212670.12,250000.0,16962670.12,synthetic spatial flood-hazard scenario; not observed flood data,synthetic vulnerability/depth-damage function,True
NZA-0261,-0.204841,34.978545,informal_iron_sheet,17,6300,1070000.0,50,0.02,NZ-050-0261,high,1.407,0.953,10.24,1.35,0.4857,519664.6,21400.0,498264.6,synthetic spatial flood-hazard scenario; not observed flood data,synthetic vulnerability/depth-damage function,True
NZA-0262,0.336428,34.151892,semi_permanent,36,15500,5580000.0,50,0.02,NZ-050-0262,high,1.814,1.011,12.59,1.0,0.512,2856931.37,111600.0,2745331.37,synthetic spatial flood-hazard scenario; not observed flood data,synthetic vulnerability/depth-damage function,True
NZA-0263,0.441061,33.936723,permanent_masonry,127,49700,63120000.0,50,0.02,NZ-050-0263,high,1.606,1.045,11.18,0.9,0.4185,26412977.89,250000.0,26162977.89,synthetic spatial flood-hazard scenario; not observed flood data,synthetic vulnerability/depth-damage function,True
NZA-0264,0.582415,34.863063,semi_permanent,69,11000,7590000.0,50,0.02,NZ-050-0264,high,1.794,1.107,11.61,1.0,0.5077,3853654.79,151800.0,3701854.79,synthetic spatial flood-hazard scenario; not observed flood data,synthetic vulnerability/depth-damage function,True
NZA-0265,1.103404,34.031378,permanent_masonry,141,61800,87140000.0,50,0.02,NZ-050-0265,high,1.558,0.822,11.84,0.9,0.3984,34712325.08,250000.0,34462325.08,synthetic spatial flood-hazard scenario; not observed flood data,synthetic vulnerability/depth-damage function,True
NZA-0266,-0.289731,34.413022,permanent_masonry,121,54300,65705000.0,50,0.02,NZ-050-0266,high,1.608,0.978,12.13,0.9,0.4192,27541005.34,250000.0,27291005.34,synthetic spatial flood-hazard scenario; not observed flood data,synthetic vulnerability/depth-damage function,True
NZA-0267,1.20618,34.952274,semi_permanent,34,15500,5270000.0,50,0.02,NZ-050-0267,high,1.336,0.856,11.41,1.0,0.3678,1938088.06,105400.0,1832688.06,synthetic spatial flood-hazard scenario; not observed flood data,synthetic vulnerability/depth-damage function,True
NZA-0268,1.080481,34.541392,permanent_masonry,149,48800,72710000.0,50,0.02,NZ-050-0268,high,1.539,0.993,11.65,0.9,0.3998,29070884.87,250000.0,28820884.87,synthetic spatial flood-hazard scenario; not observed flood data,synthetic vulnerability/depth-damage function,True
NZA-0269,1.265353,35.013313,semi_permanent,52,15800,8215000.0,50,0.02,NZ-050-0269,high,1.289,0.759,9.73,1.0,0.3451,2835003.24,164300.0,2670703.24,synthetic spatial flood-hazard scenario; not observed flood data,synthetic vulnerability/depth-damage function,True
NZA-0270,0.162901,33.9899,concrete_rcc,372,55000,204600000.0,50,0.02,NZ-050-0270,high,2.014,1.092,11.46,0.7,0.4389,89794288.71,250000.0,89544288.71,synthetic spatial flood-hazard scenario; not observed flood data,synthetic vulnerability/depth-damage function,True
NZA-0271,0.91255,35.150675,informal_iron_sheet,11,6300,695000.0,50,0.02,NZ-050-0271,high,1.592,0.938,11.65,1.35,0.5486,381309.05,13900.0,367409.05,synthetic spatial flood-hazard scenario; not observed flood data,synthetic vulnerability/depth-damage function,True
NZA-0272,0.846355,34.649884,informal_iron_sheet,15,7500,1125000.0,50,0.02,NZ-050-0272,high,1.963,0.972,12.97,1.35,0.6589,741260.81,22500.0,718760.81,synthetic spatial flood-hazard scenario; not observed flood data,synthetic vulnerability/depth-damage function,True
NZA-0273,0.661502,34.61257,informal_iron_sheet,13,9800,1275000.0,50,0.02,NZ-050-0273,high,1.929,1.12,13.81,1.35,0.6608,842499.7,25500.0,816999.7,synthetic spatial flood-hazard scenario; not observed flood data,synthetic vulnerability/depth-damage function,True
NZA-0274,0.054072,33.889111,permanent_masonry,99,63600,62965000.0,50,0.02,NZ-050-0274,high,1.757,0.953,11.04,0.9,0.453,28524456.34,250000.0,28274456.34,synthetic spatial flood-hazard scenario; not observed flood data,synthetic vulnerability/depth-damage function,True
NZA-0275,0.627349,34.64853,informal_iron_sheet,28,5900,1650000.0,50,0.02,NZ-050-0275,high,1.38,0.968,10.42,1.35,0.478,788719.26,33000.0,755719.26,synthetic spatial flood-hazard scenario; not observed flood data,synthetic vulnerability/depth-damage function,True
NZA-0276,0.777207,34.376214,permanent_masonry,125,44600,55750000.0,50,0.02,NZ-050-0276,high,1.495,1.09,12.4,0.9,0.3943,21982775.71,250000.0,21732775.71,synthetic spatial flood-hazard scenario; not observed flood data,synthetic vulnerability/depth-damage function,True
NZA-0277,1.02503,35.248999,informal_iron_sheet,14,9500,1330000.0,50,0.02,NZ-050-0277,high,1.45,0.856,10.42,1.35,0.4957,659278.46,26600.0,632678.46,synthetic spatial flood-hazard scenario; not observed flood data,synthetic vulnerability/depth-damage function,True
NZA-0278,0.628028,33.945231,permanent_masonry,85,58800,49980000.0,50,0.02,NZ-050-0278,high,1.687,1.032,11.48,0.9,0.4401,21994040.06,250000.0,21744040.06,synthetic spatial flood-hazard scenario; not observed flood data,synthetic vulnerability/depth-damage function,True
NZA-0279,0.517021,34.628905,semi_permanent,34,9400,3195000.0,50,0.02,NZ-050-0279,high,1.819,1.172,13.08,1.0,0.5226,1669816.26,63900.0,1605916.26,synthetic spatial flood-hazard scenario; not observed flood data,synthetic vulnerability/depth-damage function,True
NZA-0280,1.185841,34.483516,semi_permanent,41,10500,4305000.0,50,0.02,NZ-050-0280,high,1.641,0.882,11.35,1.0,0.4552,1959659.15,86100.0,1873559.15,synthetic spatial flood-hazard scenario; not observed flood data,synthetic vulnerability/depth-damage function,True
NZA-0281,0.439745,35.312734,concrete_rcc,706,66200,467370000.0,50,0.02,NZ-050-0281,high,1.441,0.801,11.71,0.7,0.2981,139312142.44,250000.0,139062142.44,synthetic spatial flood-hazard scenario; not observed flood data,synthetic vulnerability/depth-damage function,True
NZA-0282,0.791292,35.169288,semi_permanent,51,9300,4745000.0,50,0.02,NZ-050-0282,high,1.548,0.966,11.45,1.0,0.4335,2056925.97,94900.0,1962025.97,synthetic spatial flood-hazard scenario; not observed flood data,synthetic vulnerability/depth-damage function,True
NZA-0283,0.923322,34.530605,semi_permanent,27,13400,3620000.0,50,0.02,NZ-050-0283,high,1.702,0.957,11.22,1.0,0.4748,1718598.16,72400.0,1646198.16,synthetic spatial flood-hazard scenario; not observed flood data,synthetic vulnerability/depth-damage function,True
NZA-0284,0.769539,35.168805,informal_iron_sheet,12,8400,1010000.0,50,0.02,NZ-050-0284,high,1.453,0.989,11.02,1.35,0.5054,510428.86,20200.0,490228.86,synthetic spatial flood-hazard scenario; not observed flood data,synthetic vulnerability/depth-damage function,True
NZA-0285,0.574865,34.657637,permanent_masonry,103,35400,36460000.0,50,0.02,NZ-050-0285,high,1.652,1.009,13.11,0.9,0.4355,15878079.99,250000.0,15628079.99,synthetic spatial flood-hazard scenario; not observed flood data,synthetic vulnerability/depth-damage function,True
NZA-0286,0.178493,33.901017,permanent_masonry,59,54900,32390000.0,50,0.02,NZ-050-0286,high,1.43,1.051,10.03,0.9,0.3674,11900445.62,250000.0,11650445.62,synthetic spatial flood-hazard scenario; not observed flood data,synthetic vulnerability/depth-damage function,True
NZA-0287,-0.032237,33.866162,semi_permanent,39,12600,4915000.0,50,0.02,NZ-050-0287,high,1.376,0.958,10.8,1.0,0.382,1877671.48,98300.0,1779371.48,synthetic spatial flood-hazard scenario; not observed flood data,synthetic vulnerability/depth-damage function,True
NZA-0288,1.019005,34.386734,permanent_masonry,166,51200,84990000.0,50,0.02,NZ-050-0288,high,1.491,0.819,12.09,0.9,0.381,32383115.34,250000.0,32133115.34,synthetic spatial flood-hazard scenario; not observed flood data,synthetic vulnerability/depth-damage function,True
NZA-0289,0.87648,35.270379,semi_permanent,45,11400,5130000.0,50,0.02,NZ-050-0289,high,1.286,0.978,10.1,1.0,0.354,1816134.57,102600.0,1713534.57,synthetic spatial flood-hazard scenario; not observed flood data,synthetic vulnerability/depth-damage function,True
NZA-0290,0.727901,34.986233,informal_iron_sheet,14,6400,895000.0,50,0.02,NZ-050-0290,high,1.454,0.791,10.94,1.35,0.4957,443690.85,17900.0,425790.85,synthetic spatial flood-hazard scenario; not observed flood data,synthetic vulnerability/depth-damage function,True
NZA-0291,1.182063,35.231795,concrete_rcc,329,67200,221090000.0,50,0.02,NZ-050-0291,high,1.545,0.963,11.9,0.7,0.3286,72661067.07,250000.0,72411067.07,synthetic spatial flood-hazard scenario; not observed flood data,synthetic vulnerability/depth-damage function,True
NZA-0292,0.95596,35.318004,informal_iron_sheet,14,9400,1315000.0,50,0.02,NZ-050-0292,moderate,0.988,0.823,8.45,1.35,0.3281,431393.58,26300.0,405093.58,synthetic spatial flood-hazard scenario; not observed flood data,synthetic vulnerability/depth-damage function,True
NZA-0293,1.153901,34.966821,permanent_masonry,58,36800,21345000.0,50,0.02,NZ-050-0293,high,1.292,0.891,10.7,0.9,0.3253,6944448.24,250000.0,6694448.24,synthetic spatial flood-hazard scenario; not observed flood data,synthetic vulnerability/depth-damage function,True
NZA-0294,0.965489,34.374677,concrete_rcc,274,51700,141660000.0,50,0.02,NZ-050-0294,high,1.572,0.887,12.03,0.7,0.3325,47108272.04,250000.0,46858272.04,synthetic spatial flood-hazard scenario; not observed flood data,synthetic vulnerability/depth-damage function,True
NZA-0295,0.368369,34.148271,concrete_rcc,576,67000,385920000.0,50,0.02,NZ-050-0295,high,1.787,0.806,11.72,0.7,0.3772,145567925.8,250000.0,145317925.8,synthetic spatial flood-hazard scenario; not observed flood data,synthetic vulnerability/depth-damage function,True
NZA-0296,0.834715,35.024396,semi_permanent,46,9400,4325000.0,50,0.02,NZ-050-0296,high,1.4,0.941,11.46,1.0,0.3903,1688034.78,86500.0,1601534.78,synthetic spatial flood-hazard scenario; not observed flood data,synthetic vulnerability/depth-damage function,True
NZA-0297,0.910832,35.060717,informal_iron_sheet,17,5100,865000.0,50,0.02,NZ-050-0297,high,1.339,0.918,10.13,1.35,0.4609,398701.58,17300.0,381401.58,synthetic spatial flood-hazard scenario; not observed flood data,synthetic vulnerability/depth-damage function,True
NZA-0298,0.35965,35.324168,informal_iron_sheet,23,5300,1220000.0,50,0.02,NZ-050-0298,high,1.404,0.884,9.87,1.35,0.4801,585707.01,24400.0,561307.01,synthetic spatial flood-hazard scenario; not observed flood data,synthetic vulnerability/depth-damage function,True
NZA-0299,0.153178,34.779217,semi_permanent,27,8800,2375000.0,50,0.02,NZ-050-0299,high,1.729,0.994,11.98,1.0,0.4864,1155159.46,47500.0,1107659.46,synthetic spatial flood-hazard scenario; not observed flood data,synthetic vulnerability/depth-damage function,True
NZA-0300,0.458554,35.18356,semi_permanent,24,15000,3600000.0,50,0.02,NZ-050-0300,high,1.554,0.983,11.92,1.0,0.4378,1575990.13,72000.0,1503990.13,synthetic spatial flood-hazard scenario; not observed flood data,synthetic vulnerability/depth-damage function,True
NZA-0301,-0.162183,34.160557,permanent_masonry,128,62300,79745000.0,50,0.02,NZ-050-0301,high,1.512,0.917,10.56,0.9,0.386,30785312.98,250000.0,30535312.98,synthetic spatial flood-hazard scenario; not observed flood data,synthetic vulnerability/depth-damage function,True
NZA-0302,0.308398,34.177234,semi_permanent,51,15100,7700000.0,50,0.02,NZ-050-0302,high,1.741,0.903,11.68,1.0,0.4841,3727396.25,154000.0,3573396.25,synthetic spatial flood-hazard scenario; not observed flood data,synthetic vulnerability/depth-damage function,True
NZA-0303,0.949621,34.475347,informal_iron_sheet,14,6400,895000.0,50,0.02,NZ-050-0303,high,1.663,0.881,11.13,1.35,0.565,505707.49,17900.0,487807.49,synthetic spatial flood-hazard scenario; not observed flood data,synthetic vulnerability/depth-damage function,True
NZA-0304,0.668158,33.957035,concrete_rcc,403,63900,257515000.0,50,0.02,NZ-050-0304,high,1.606,0.981,12.12,0.7,0.3442,88647171.75,250000.0,88397171.75,synthetic spatial flood-hazard scenario; not observed flood data,synthetic vulnerability/depth-damage function,True
NZA-0305,0.980948,35.148597,informal_iron_sheet,13,5600,730000.0,50,0.02,NZ-050-0305,moderate,1.163,0.736,8.91,1.35,0.3882,283416.39,14600.0,268816.39,synthetic spatial flood-hazard scenario; not observed flood data,synthetic vulnerability/depth-damage function,True
NZA-0306,0.332437,35.079992,permanent_masonry,92,37300,34315000.0,50,0.02,NZ-050-0306,high,1.763,1.054,12.55,0.9,0.4643,15933105.92,250000.0,15683105.92,synthetic spatial flood-hazard scenario; not observed flood data,synthetic vulnerability/depth-damage function,True
NZA-0307,1.250294,35.241248,concrete_rcc,389,79400,308865000.0,50,0.02,NZ-050-0307,high,1.402,0.569,10.52,0.7,0.2781,85880455.41,250000.0,85630455.41,synthetic spatial flood-hazard scenario; not observed flood data,synthetic vulnerability/depth-damage function,True
NZA-0308,0.694308,33.996537,permanent_masonry,198,62200,123155000.0,50,0.02,NZ-050-0308,high,1.636,1.048,9.69,0.9,0.4215,51904999.81,250000.0,51654999.81,synthetic spatial flood-hazard scenario; not observed flood data,synthetic vulnerability/depth-damage function,True
NZA-0309,1.00907,34.814645,semi_permanent,65,11300,7345000.0,50,0.02,NZ-050-0309,high,1.443,0.917,11.1,1.0,0.4006,2942669.8,146900.0,2795769.8,synthetic spatial flood-hazard scenario; not observed flood data,synthetic vulnerability/depth-damage function,True
NZA-0310,-0.138074,33.746357,informal_iron_sheet,16,7700,1230000.0,50,0.02,NZ-050-0310,high,1.366,0.929,10.12,1.35,0.4706,578782.39,24600.0,554182.39,synthetic spatial flood-hazard scenario; not observed flood data,synthetic vulnerability/depth-damage function,True
NZA-0311,0.156966,33.874016,semi_permanent,44,8600,3785000.0,50,0.02,NZ-050-0311,moderate,1.361,0.741,8.88,1.0,0.3627,1372987.75,75700.0,1297287.75,synthetic spatial flood-hazard scenario; not observed flood data,synthetic vulnerability/depth-damage function,True
NZA-0312,-0.216944,34.610915,informal_iron_sheet,15,6000,900000.0,50,0.02,NZ-050-0312,high,1.458,0.896,11.53,1.35,0.5041,453712.87,18000.0,435712.87,synthetic spatial flood-hazard scenario; not observed flood data,synthetic vulnerability/depth-damage function,True
NZA-0313,-0.264664,34.910856,permanent_masonry,101,52500,53025000.0,50,0.02,NZ-050-0313,high,1.492,0.996,11.46,0.9,0.3867,20505829.2,250000.0,20255829.2,synthetic spatial flood-hazard scenario; not observed flood data,synthetic vulnerability/depth-damage function,True
NZA-0314,0.039246,34.809932,permanent_masonry,93,51900,48265000.0,50,0.02,NZ-050-0314,high,1.666,0.821,10.07,0.9,0.4205,20294069.85,250000.0,20044069.85,synthetic spatial flood-hazard scenario; not observed flood data,synthetic vulnerability/depth-damage function,True
NZA-0315,1.124506,33.892295,permanent_masonry,59,63800,37640000.0,50,0.02,NZ-050-0315,high,1.428,0.851,9.67,0.9,0.3579,13471713.06,250000.0,13221713.06,synthetic spatial flood-hazard scenario; not observed flood data,synthetic vulnerability/depth-damage function,True
NZA-0316,0.345467,34.256804,informal_iron_sheet,16,5800,930000.0,50,0.02,NZ-050-0316,high,1.627,1.02,11.0,1.35,0.5609,521613.22,18600.0,503013.22,synthetic spatial flood-hazard scenario; not observed flood data,synthetic vulnerability/depth-damage function,True
NZA-0317,-0.19775,34.547148,semi_permanent,41,13200,5410000.0,50,0.02,NZ-050-0317,high,1.671,1.014,11.56,1.0,0.4701,2543389.69,108200.0,2435189.69,synthetic spatial flood-hazard scenario; not observed flood data,synthetic vulnerability/depth-damage function,True
NZA-0318,-0.180077,33.715615,informal_iron_sheet,15,6400,960000.0,50,0.02,NZ-050-0318,high,1.213,0.899,9.92,1.35,0.4162,399571.4,19200.0,380371.4,synthetic spatial flood-hazard scenario; not observed flood data,synthetic vulnerability/depth-damage function,True
NZA-0319,0.742574,34.693275,informal_iron_sheet,12,6800,815000.0,50,0.02,NZ-050-0319,high,1.637,0.973,12.15,1.35,0.5658,461167.34,16300.0,444867.34,synthetic spatial flood-hazard scenario; not observed flood data,synthetic vulnerability/depth-damage function,True
NZA-0320,0.767671,34.547825,semi_permanent,25,14800,3700000.0,50,0.02,NZ-050-0320,high,1.748,0.942,13.18,1.0,0.4934,1825504.26,74000.0,1751504.26,synthetic spatial flood-hazard scenario; not observed flood data,synthetic vulnerability/depth-damage function,True
NZA-0321,0.276305,34.64447,concrete_rcc,186,66900,124435000.0,50,0.02,NZ-050-0321,high,1.798,1.031,11.43,0.7,0.3882,48301627.3,250000.0,48051627.3,synthetic spatial flood-hazard scenario; not observed flood data,synthetic vulnerability/depth-damage function,True
NZA-0322,1.25903,35.393372,permanent_masonry,47,39100,18375000.0,50,0.02,NZ-050-0322,moderate,1.093,0.651,10.29,0.9,0.2607,4789480.41,250000.0,4539480.41,synthetic spatial flood-hazard scenario; not observed flood data,synthetic vulnerability/depth-damage function,True
NZA-0323,-0.296545,34.470554,informal_iron_sheet,23,8500,1955000.0,50,0.02,NZ-050-0323,high,1.337,0.744,10.43,1.35,0.4531,885827.34,39100.0,846727.34,synthetic spatial flood-hazard scenario; not observed flood data,synthetic vulnerability/depth-damage function,True
NZA-0324,0.033137,35.342208,semi_permanent,45,9800,4410000.0,50,0.02,NZ-050-0324,high,1.47,0.991,9.31,1.0,0.4055,1788455.62,88200.0,1700255.62,synthetic spatial flood-hazard scenario; not observed flood data,synthetic vulnerability/depth-damage function,True
NZA-0325,0.594286,34.69312,semi_permanent,35,10100,3535000.0,50,0.02,NZ-050-0325,high,1.536,0.882,12.18,1.0,0.429,1516366.53,70700.0,1445666.53,synthetic spatial flood-hazard scenario; not observed flood data,synthetic vulnerability/depth-damage function,True
NZA-0326,0.115034,34.472817,permanent_masonry,68,44300,30125000.0,50,0.02,NZ-050-0326,high,1.761,1.015,10.79,0.9,0.456,13737453.93,250000.0,13487453.93,synthetic spatial flood-hazard scenario; not observed flood data,synthetic vulnerability/depth-damage function,True
NZA-0327,1.001417,34.038693,concrete_rcc,995,72800,724360000.0,50,0.02,NZ-050-0327,high,1.556,0.753,8.77,0.7,0.3147,227962093.92,250000.0,227712093.92,synthetic spatial flood-hazard scenario; not observed flood data,synthetic vulnerability/depth-damage function,True
NZA-0328,-0.104347,35.09238,semi_permanent,45,10900,4905000.0,50,0.02,NZ-050-0328,high,1.267,0.811,8.91,1.0,0.3383,1659491.39,98100.0,1561391.39,synthetic spatial flood-hazard scenario; not observed flood data,synthetic vulnerability/depth-damage function,True
NZA-0329,0.295155,34.238132,concrete_rcc,288,64000,184320000.0,50,0.02,NZ-050-0329,high,1.579,1.123,12.82,0.7,0.3453,63642612.26,250000.0,63392612.26,synthetic spatial flood-hazard scenario; not observed flood data,synthetic vulnerability/depth-damage function,True
NZA-0330,0.78048,34.173979,semi_permanent,47,15700,7380000.0,50,0.02,NZ-050-0330,high,1.724,0.994,12.53,1.0,0.4871,3594960.9,147600.0,3447360.9,synthetic spatial flood-hazard scenario; not observed flood data,synthetic vulnerability/depth-damage function,True
NZA-0331,-0.109391,34.341276,concrete_rcc,910,60100,546910000.0,50,0.02,NZ-050-0331,high,1.591,0.931,11.77,0.7,0.3378,184735398.88,250000.0,184485398.88,synthetic spatial flood-hazard scenario; not observed flood data,synthetic vulnerability/depth-damage function,True
NZA-0332,0.048393,34.565011,informal_iron_sheet,24,9700,2330000.0,50,0.02,NZ-050-0332,high,1.723,0.957,12.78,1.35,0.5926,1380739.32,46600.0,1334139.32,synthetic spatial flood-hazard scenario; not observed flood data,synthetic vulnerability/depth-damage function,True
NZA-0333,0.25734,34.321241,informal_iron_sheet,16,5500,880000.0,50,0.02,NZ-050-0333,high,1.686,0.99,10.76,1.35,0.576,506900.29,17600.0,489300.29,synthetic spatial flood-hazard scenario; not observed flood data,synthetic vulnerability/depth-damage function,True
NZA-0334,0.69927,35.031547,permanent_masonry,106,58300,61800000.0,50,0.02,NZ-050-0334,high,1.697,1.016,10.49,0.9,0.4387,27109681.36,250000.0,26859681.36,synthetic spatial flood-hazard scenario; not observed flood data,synthetic vulnerability/depth-damage function,True
NZA-0335,0.481944,34.066823,concrete_rcc,585,78200,457470000.0,50,0.02,NZ-050-0335,high,1.584,1.017,11.59,0.7,0.3391,155135390.76,250000.0,154885390.76,synthetic spatial flood-hazard scenario; not observed flood data,synthetic vulnerability/depth-damage function,True
NZA-0336,1.241742,34.091352,permanent_masonry,64,56000,35840000.0,50,0.02,NZ-050-0336,high,1.571,0.988,10.86,0.9,0.4057,14539782.97,250000.0,14289782.97,synthetic spatial flood-hazard scenario; not observed flood data,synthetic vulnerability/depth-damage function,True
NZA-0337,1.198726,34.755269,informal_iron_sheet,19,5900,1120000.0,50,0.02,NZ-050-0337,high,1.646,1.032,12.5,1.35,0.573,641803.82,22400.0,619403.82,synthetic spatial flood-hazard scenario; not observed flood data,synthetic vulnerability/depth-damage function,True
NZA-0338,0.446663,33.736635,semi_permanent,63,8900,5605000.0,50,0.02,NZ-050-0338,high,2.077,0.879,10.95,1.0,0.5644,3163349.8,112100.0,3051249.8,synthetic spatial flood-hazard scenario; not observed flood data,synthetic vulnerability/depth-damage function,True
NZA-0339,0.024772,34.30548,permanent_masonry,106,47000,49820000.0,50,0.02,NZ-050-0339,high,1.751,1.231,11.86,0.9,0.4668,23257801.64,250000.0,23007801.64,synthetic spatial flood-hazard scenario; not observed flood data,synthetic vulnerability/depth-damage function,True
NZA-0340,0.171572,35.11162,permanent_masonry,106,43500,46110000.0,50,0.02,NZ-050-0340,high,1.402,0.93,9.8,0.9,0.3543,16338484.86,250000.0,16088484.86,synthetic spatial flood-hazard scenario; not observed flood data,synthetic vulnerability/depth-damage function,True
NZA-0341,0.795236,35.292739,semi_permanent,70,9600,6720000.0,50,0.02,NZ-050-0341,high,1.452,0.867,11.03,1.0,0.4008,2693316.2,134400.0,2558916.2,synthetic spatial flood-hazard scenario; not observed flood data,synthetic vulnerability/depth-damage function,True
NZA-0342,-0.126004,34.84036,informal_iron_sheet,13,8000,1040000.0,50,0.02,NZ-050-0342,high,1.554,0.868,11.84,1.35,0.5344,555806.38,20800.0,535006.38,synthetic spatial flood-hazard scenario; not observed flood data,synthetic vulnerability/depth-damage function,True
NZA-0343,-0.199741,34.026399,concrete_rcc,343,71500,245245000.0,50,0.02,NZ-050-0343,high,1.547,1.046,12.97,0.7,0.3354,82263261.8,250000.0,82013261.8,synthetic spatial flood-hazard scenario; not observed flood data,synthetic vulnerability/depth-damage function,True
NZA-0344,0.111087,34.308282,concrete_rcc,492,69000,339480000.0,50,0.02,NZ-050-0344,high,1.751,1.033,13.83,0.7,0.385,130710805.3,250000.0,130460805.3,synthetic spatial flood-hazard scenario; not observed flood data,synthetic vulnerability/depth-damage function,True
NZA-0345,0.624731,34.421918,semi_permanent,43,15700,6750000.0,50,0.02,NZ-050-0345,high,1.687,0.918,11.94,1.0,0.4714,3182121.14,135000.0,3047121.14,synthetic spatial flood-hazard scenario; not observed flood data,synthetic vulnerability/depth-damage function,True
NZA-0346,1.240717,35.148812,semi_permanent,35,12100,4235000.0,50,0.02,NZ-050-0346,high,1.233,0.789,8.07,1.0,0.3252,1377093.75,84700.0,1292393.75,synthetic spatial flood-hazard scenario; not observed flood data,synthetic vulnerability/depth-damage function,True
NZA-0347,0.230103,34.12453,informal_iron_sheet,10,5600,560000.0,50,0.02,NZ-050-0347,high,1.457,1.033,9.6,1.35,0.5034,281915.01,11200.0,270715.01,synthetic spatial flood-hazard scenario; not observed flood data,synthetic vulnerability/depth-damage function,True
NZA-0348,-0.158487,34.968485,semi_permanent,41,12100,4960000.0,50,0.02,NZ-050-0348,high,1.417,0.913,10.56,1.0,0.391,1939192.74,99200.0,1839992.74,synthetic spatial flood-hazard scenario; not observed flood data,synthetic vulnerability/depth-damage function,True
NZA-0349,0.964796,34.438534,permanent_masonry,148,40200,59495000.0,50,0.02,NZ-050-0349,high,1.657,0.793,11.67,0.9,0.4222,25116543.4,250000.0,24866543.4,synthetic spatial flood-hazard scenario; not observed flood data,synthetic vulnerability/depth-damage function,True
NZA-0350,1.0998,34.915436,permanent_masonry,143,43800,62635000.0,50,0.02,NZ-050-0350,high,1.612,0.866,11.06,0.9,0.4118,25792468.27,250000.0,25542468.27,synthetic spatial flood-hazard scenario; not observed flood data,synthetic vulnerability/depth-damage function,True
NZA-0351,0.273103,34.838045,concrete_rcc,364,66900,243515000.0,50,0.02,NZ-050-0351,high,1.618,1.092,12.93,0.7,0.3537,86139817.5,250000.0,85889817.5,synthetic spatial flood-hazard scenario; not observed flood data,synthetic vulnerability/depth-damage function,True
NZA-0352,0.508895,35.217335,informal_iron_sheet,8,9200,735000.0,50,0.02,NZ-050-0352,high,1.48,0.926,10.21,1.35,0.5077,373192.77,14700.0,358492.77,synthetic spatial flood-hazard scenario; not observed flood data,synthetic vulnerability/depth-damage function,True
NZA-0353,0.796888,34.850966,semi_permanent,49,15800,7740000.0,50,0.02,NZ-050-0353,high,1.296,0.905,10.1,1.0,0.3543,2742075.94,154800.0,2587275.94,synthetic spatial flood-hazard scenario; not observed flood data,synthetic vulnerability/depth-damage function,True
NZA-0354,0.787981,34.126489,semi_permanent,57,13100,7465000.0,50,0.02,NZ-050-0354,high,1.677,0.98,13.46,1.0,0.4769,3560271.5,149300.0,3410971.5,synthetic spatial flood-hazard scenario; not observed flood data,synthetic vulnerability/depth-damage function,True
NZA-0355,0.864138,34.433399,informal_iron_sheet,16,9700,1550000.0,50,0.02,NZ-050-0355,high,1.445,0.803,10.19,1.35,0.4906,760380.05,31000.0,729380.05,synthetic spatial flood-hazard scenario; not observed flood data,synthetic vulnerability/depth-damage function,True
NZA-0356,0.75526,34.406184,informal_iron_sheet,15,7400,1110000.0,50,0.02,NZ-050-0356,high,1.509,1.039,11.75,1.35,0.5284,586489.61,22200.0,564289.61,synthetic spatial flood-hazard scenario; not observed flood data,synthetic vulnerability/depth-damage function,True
NZA-0357,-0.274891,34.000098,semi_permanent,22,14100,3100000.0,50,0.02,NZ-050-0357,high,1.53,0.969,10.88,1.0,0.4268,1322967.11,62000.0,1260967.11,synthetic spatial flood-hazard scenario; not observed flood data,synthetic vulnerability/depth-damage function,True
NZA-0358,0.257418,35.240719,informal_iron_sheet,13,8600,1120000.0,50,0.02,NZ-050-0358,high,1.615,0.996,11.28,1.35,0.557,623884.0,22400.0,601484.0,synthetic spatial flood-hazard scenario; not observed flood data,synthetic vulnerability/depth-damage function,True
NZA-0359,-0.179782,34.04073,informal_iron_sheet,19,7900,1500000.0,50,0.02,NZ-050-0359,high,1.372,0.782,9.82,1.35,0.4644,696665.27,30000.0,666665.27,synthetic spatial flood-hazard scenario; not observed flood data,synthetic vulnerability/depth-damage function,True
NZA-0360,-0.211896,34.215362,semi_permanent,46,14700,6760000.0,50,0.02,NZ-050-0360,high,1.405,0.949,11.15,1.0,0.391,2642912.08,135200.0,2507712.08,synthetic spatial flood-hazard scenario; not observed flood data,synthetic vulnerability/depth-damage function,True
NZA-0361,0.136668,35.356317,semi_permanent,33,8900,2935000.0,50,0.02,NZ-050-0361,high,1.464,1.002,11.35,1.0,0.411,1206286.93,58700.0,1147586.93,synthetic spatial flood-hazard scenario; not observed flood data,synthetic vulnerability/depth-damage function,True
NZA-0362,0.993362,34.81099,semi_permanent,32,10900,3490000.0,50,0.02,NZ-050-0362,high,1.667,1.017,10.85,1.0,0.4668,1629135.08,69800.0,1559335.08,synthetic spatial flood-hazard scenario; not observed flood data,synthetic vulnerability/depth-damage function,True
NZA-0363,0.093722,35.125256,informal_iron_sheet,17,7400,1260000.0,50,0.02,NZ-050-0363,high,1.473,0.733,9.9,1.35,0.4951,623793.01,25200.0,598593.01,synthetic spatial flood-hazard scenario; not observed flood data,synthetic vulnerability/depth-damage function,True
NZA-0364,0.481802,33.718245,semi_permanent,38,14000,5320000.0,50,0.02,NZ-050-0364,high,1.544,1.267,13.39,1.0,0.4525,2407039.11,106400.0,2300639.11,synthetic spatial flood-hazard scenario; not observed flood data,synthetic vulnerability/depth-damage function,True
NZA-0365,0.803341,34.813402,semi_permanent,48,14800,7105000.0,50,0.02,NZ-050-0365,high,1.495,0.999,11.28,1.0,0.4195,2980258.72,142100.0,2838158.72,synthetic spatial flood-hazard scenario; not observed flood data,synthetic vulnerability/depth-damage function,True
NZA-0366,0.435186,34.383184,permanent_masonry,67,36500,24455000.0,50,0.02,NZ-050-0366,high,1.794,1.042,13.33,0.9,0.4744,11601835.28,250000.0,11351835.28,synthetic spatial flood-hazard scenario; not observed flood data,synthetic vulnerability/depth-damage function,True
NZA-0367,0.79895,35.329582,informal_iron_sheet,14,7900,1105000.0,50,0.02,NZ-050-0367,high,1.401,0.868,10.2,1.35,0.4794,529767.18,22100.0,507667.18,synthetic spatial flood-hazard scenario; not observed flood data,synthetic vulnerability/depth-damage function,True
NZA-0368,1.140014,35.187459,concrete_rcc,505,56000,282800000.0,50,0.02,NZ-050-0368,high,1.32,0.893,10.2,0.7,0.2691,76087946.93,250000.0,75837946.93,synthetic spatial flood-hazard scenario; not observed flood data,synthetic vulnerability/depth-damage function,True
NZA-0369,1.153627,34.759466,semi_permanent,39,13300,5185000.0,50,0.02,NZ-050-0369,high,1.292,0.773,9.77,1.0,0.3467,1797624.38,103700.0,1693924.38,synthetic spatial flood-hazard scenario; not observed flood data,synthetic vulnerability/depth-damage function,True
NZA-0370,0.134927,35.299035,permanent_masonry,115,47500,54625000.0,50,0.02,NZ-050-0370,high,1.459,0.864,11.05,0.9,0.371,20264966.67,250000.0,20014966.67,synthetic spatial flood-hazard scenario; not observed flood data,synthetic vulnerability/depth-damage function,True
NZA-0371,0.41675,34.966914,permanent_masonry,63,52400,33010000.0,50,0.02,NZ-050-0371,high,1.491,0.879,11.9,0.9,0.3828,12637356.14,250000.0,12387356.14,synthetic spatial flood-hazard scenario; not observed flood data,synthetic vulnerability/depth-damage function,True
NZA-0372,0.188227,33.875189,informal_iron_sheet,15,6200,930000.0,50,0.02,NZ-050-0372,high,1.476,0.969,10.42,1.35,0.5095,473853.78,18600.0,455253.78,synthetic spatial flood-hazard scenario; not observed flood data,synthetic vulnerability/depth-damage function,True
NZA-0373,1.002419,34.710645,concrete_rcc,282,54300,153125000.0,50,0.02,NZ-050-0373,high,1.814,1.112,11.74,0.7,0.3961,60646915.24,250000.0,60396915.24,synthetic spatial flood-hazard scenario; not observed flood data,synthetic vulnerability/depth-damage function,True
NZA-0374,0.148013,35.314808,semi_permanent,30,13100,3930000.0,50,0.02,NZ-050-0374,high,1.36,0.752,10.01,1.0,0.3663,1439391.37,78600.0,1360791.37,synthetic spatial flood-hazard scenario; not observed flood data,synthetic vulnerability/depth-damage function,True
NZA-0375,0.328548,33.936989,informal_iron_sheet,20,5500,1100000.0,50,0.02,NZ-050-0375,high,1.297,0.947,10.95,1.35,0.451,496093.2,22000.0,474093.2,synthetic spatial flood-hazard scenario; not observed flood data,synthetic vulnerability/depth-damage function,True
NZA-0376,-0.061283,34.733168,informal_iron_sheet,11,8100,890000.0,50,0.02,NZ-050-0376,high,1.414,0.636,9.18,1.35,0.4688,417230.94,17800.0,399430.94,synthetic spatial flood-hazard scenario; not observed flood data,synthetic vulnerability/depth-damage function,True
NZA-0377,0.008762,33.820651,concrete_rcc,578,73700,425985000.0,50,0.02,NZ-050-0377,high,1.242,0.728,10.05,0.7,0.2454,104544400.3,250000.0,104294400.3,synthetic spatial flood-hazard scenario; not observed flood data,synthetic vulnerability/depth-damage function,True
NZA-0378,0.616033,34.419873,semi_permanent,38,10300,3915000.0,50,0.02,NZ-050-0378,high,1.809,0.886,12.62,1.0,0.5045,1975214.7,78300.0,1896914.7,synthetic spatial flood-hazard scenario; not observed flood data,synthetic vulnerability/depth-damage function,True
NZA-0379,-0.247038,34.960714,semi_permanent,61,9400,5735000.0,50,0.02,NZ-050-0379,high,1.564,0.882,11.03,1.0,0.4329,2482849.13,114700.0,2368149.13,synthetic spatial flood-hazard scenario; not observed flood data,synthetic vulnerability/depth-damage function,True
NZA-0380,1.028664,34.440164,permanent_masonry,140,59300,83020000.0,50,0.02,NZ-050-0380,high,1.614,0.988,12.26,0.9,0.4216,35005203.55,250000.0,34755203.55,synthetic spatial flood-hazard scenario; not observed flood data,synthetic vulnerability/depth-damage function,True
NZA-0381,0.03298,35.311184,informal_iron_sheet,23,5000,1150000.0,50,0.02,NZ-050-0381,high,1.371,0.884,10.79,1.35,0.4726,543461.41,23000.0,520461.41,synthetic spatial flood-hazard scenario; not observed flood data,synthetic vulnerability/depth-damage function,True
NZA-0382,0.134439,34.249404,permanent_masonry,89,39800,35420000.0,50,0.02,NZ-050-0382,high,1.664,1.012,12.24,0.9,0.4358,15434845.5,250000.0,15184845.5,synthetic spatial flood-hazard scenario; not observed flood data,synthetic vulnerability/depth-damage function,True
NZA-0383,-0.276326,35.077981,concrete_rcc,468,79500,372060000.0,50,0.02,NZ-050-0383,moderate,1.258,0.707,9.25,0.7,0.2467,91774284.33,250000.0,91524284.33,synthetic spatial flood-hazard scenario; not observed flood data,synthetic vulnerability/depth-damage function,True
NZA-0384,1.276649,33.751257,permanent_masonry,102,57600,58750000.0,50,0.02,NZ-050-0384,moderate,1.291,0.684,10.43,0.9,0.3166,18602428.4,250000.0,18352428.4,synthetic spatial flood-hazard scenario; not observed flood data,synthetic vulnerability/depth-damage function,True
NZA-0385,1.255817,34.341503,informal_iron_sheet,18,8400,1510000.0,50,0.02,NZ-050-0385,high,1.716,0.951,11.69,1.35,0.5863,885327.73,30200.0,855127.73,synthetic spatial flood-hazard scenario; not observed flood data,synthetic vulnerability/depth-damage function,True
NZA-0386,0.877986,35.214762,semi_permanent,42,15600,6550000.0,50,0.02,NZ-050-0386,high,1.407,0.972,11.3,1.0,0.3932,2575196.67,131000.0,2444196.67,synthetic spatial flood-hazard scenario; not observed flood data,synthetic vulnerability/depth-damage function,True
NZA-0387,0.846554,34.91434,informal_iron_sheet,14,8300,1160000.0,50,0.02,NZ-050-0387,high,1.679,1.062,13.93,1.35,0.5895,683804.07,23200.0,660604.07,synthetic spatial flood-hazard scenario; not observed flood data,synthetic vulnerability/depth-damage function,True
NZA-0388,-0.293337,35.001587,informal_iron_sheet,18,5700,1025000.0,50,0.02,NZ-050-0388,high,1.546,0.77,9.73,1.35,0.5191,532027.69,20500.0,511527.69,synthetic spatial flood-hazard scenario; not observed flood data,synthetic vulnerability/depth-damage function,True
NZA-0389,0.404294,34.409473,semi_permanent,52,14400,7490000.0,50,0.02,NZ-050-0389,high,1.458,0.769,11.81,1.0,0.4007,3001415.72,149800.0,2851615.72,synthetic spatial flood-hazard scenario; not observed flood data,synthetic vulnerability/depth-damage function,True
NZA-0390,0.033382,34.710524,informal_iron_sheet,18,5400,970000.0,50,0.02,NZ-050-0390,high,1.806,0.853,13.22,1.35,0.6123,593962.8,19400.0,574562.8,synthetic spatial flood-hazard scenario; not observed flood data,synthetic vulnerability/depth-damage function,True
NZA-0391,0.780842,34.847427,semi_permanent,30,13700,4110000.0,50,0.02,NZ-050-0391,high,1.567,1.079,12.92,1.0,0.4491,1845839.62,82200.0,1763639.62,synthetic spatial flood-hazard scenario; not observed flood data,synthetic vulnerability/depth-damage function,True
NZA-0392,0.945937,34.461041,informal_iron_sheet,13,8400,1090000.0,50,0.02,NZ-050-0392,high,1.911,1.091,12.39,1.35,0.6494,707869.2,21800.0,686069.2,synthetic spatial flood-hazard scenario; not observed flood data,synthetic vulnerability/depth-damage function,True
NZA-0393,0.42372,34.738458,permanent_masonry,96,40100,38495000.0,50,0.02,NZ-050-0393,high,1.748,0.982,12.64,0.9,0.4576,17615272.17,250000.0,17365272.17,synthetic spatial flood-hazard scenario; not observed flood data,synthetic vulnerability/depth-damage function,True
NZA-0394,0.348756,34.631277,semi_permanent,39,14100,5500000.0,50,0.02,NZ-050-0394,high,1.7,0.987,10.5,1.0,0.4729,2600788.53,110000.0,2490788.53,synthetic spatial flood-hazard scenario; not observed flood data,synthetic vulnerability/depth-damage function,True
NZA-0395,0.585248,34.36428,permanent_masonry,143,49800,71215000.0,50,0.02,NZ-050-0395,high,1.727,1.005,15.06,0.9,0.4615,32867858.38,250000.0,32617858.38,synthetic spatial flood-hazard scenario; not observed flood data,synthetic vulnerability/depth-damage function,True
NZA-0396,-0.074978,34.587112,informal_iron_sheet,9,9100,820000.0,50,0.02,NZ-050-0396,high,1.71,1.05,13.15,1.35,0.5952,488025.61,16400.0,471625.61,synthetic spatial flood-hazard scenario; not observed flood data,synthetic vulnerability/depth-damage function,True
NZA-0397,-0.22939,34.641788,informal_iron_sheet,18,9900,1780000.0,50,0.02,NZ-050-0397,high,1.555,0.843,12.36,1.35,0.5353,952775.47,35600.0,917175.47,synthetic spatial flood-hazard scenario; not observed flood data,synthetic vulnerability/depth-damage function,True
NZA-0398,0.650527,34.741207,informal_iron_sheet,16,9900,1585000.0,50,0.02,NZ-050-0398,high,1.822,1.022,12.75,1.35,0.6235,988278.93,31700.0,956578.93,synthetic spatial flood-hazard scenario; not observed flood data,synthetic vulnerability/depth-damage function,True
NZA-0399,0.885129,34.939104,semi_permanent,63,15100,9515000.0,50,0.02,NZ-050-0399,high,1.266,0.812,9.64,1.0,0.3403,3237701.47,190300.0,3047401.47,synthetic spatial flood-hazard scenario; not observed flood data,synthetic vulnerability/depth-damage function,True
NZA-0400,0.569339,34.882715,permanent_masonry,123,45800,56335000.0,50,0.02,NZ-050-0400,high,1.634,1.003,11.63,0.9,0.4256,23974853.65,250000.0,23724853.65,synthetic spatial flood-hazard scenario; not observed flood data,synthetic vulnerability/depth-damage function,True
NZA-0401,0.692191,35.232247,informal_iron_sheet,12,5600,670000.0,50,0.02,NZ-050-0401,high,1.452,0.767,11.71,1.35,0.4966,332736.24,13400.0,319336.24,synthetic spatial flood-hazard scenario; not observed flood data,synthetic vulnerability/depth-damage function,True
NZA-0402,0.084278,35.342177,permanent_masonry,135,58200,78570000.0,50,0.02,NZ-050-0402,high,1.453,0.822,10.44,0.9,0.366,28753609.55,250000.0,28503609.55,synthetic spatial flood-hazard scenario; not observed flood data,synthetic vulnerability/depth-damage function,True
NZA-0403,0.719236,33.715352,concrete_rcc,338,63900,215980000.0,50,0.02,NZ-050-0403,high,1.585,0.818,9.73,0.7,0.3263,70482588.12,250000.0,70232588.12,synthetic spatial flood-hazard scenario; not observed flood data,synthetic vulnerability/depth-damage function,True
NZA-0404,-0.068859,34.897573,semi_permanent,21,13500,2835000.0,50,0.02,NZ-050-0404,high,1.704,0.888,12.15,1.0,0.4754,1347750.15,56700.0,1291050.15,synthetic spatial flood-hazard scenario; not observed flood data,synthetic vulnerability/depth-damage function,True
NZA-0405,-0.249223,35.147287,permanent_masonry,121,52100,63040000.0,50,0.02,NZ-050-0405,high,1.248,0.86,9.14,0.9,0.3078,19402099.3,250000.0,19152099.3,synthetic spatial flood-hazard scenario; not observed flood data,synthetic vulnerability/depth-damage function,True
NZA-0406,0.144545,34.672172,informal_iron_sheet,14,9700,1360000.0,50,0.02,NZ-050-0406,high,1.804,1.176,12.69,1.35,0.6261,851516.44,27200.0,824316.44,synthetic spatial flood-hazard scenario; not observed flood data,synthetic vulnerability/depth-damage function,True
NZA-0407,-0.09259,33.945155,informal_iron_sheet,12,7500,900000.0,50,0.02,NZ-050-0407,high,1.421,0.834,10.3,1.35,0.4846,436119.86,18000.0,418119.86,synthetic spatial flood-hazard scenario; not observed flood data,synthetic vulnerability/depth-damage function,True
NZA-0408,0.606909,35.344483,permanent_masonry,88,58400,51390000.0,50,0.02,NZ-050-0408,high,1.364,0.828,9.92,0.9,0.3404,17492933.77,250000.0,17242933.77,synthetic spatial flood-hazard scenario; not observed flood data,synthetic vulnerability/depth-damage function,True
NZA-0409,1.10873,35.000699,semi_permanent,33,12000,3960000.0,50,0.02,NZ-050-0409,high,1.545,0.791,9.96,1.0,0.4199,1662942.55,79200.0,1583742.55,synthetic spatial flood-hazard scenario; not observed flood data,synthetic vulnerability/depth-damage function,True
NZA-0410,0.063538,34.230758,semi_permanent,55,14300,7865000.0,50,0.02,NZ-050-0410,high,1.752,1.045,9.98,1.0,0.4877,3835891.76,157300.0,3678591.76,synthetic spatial flood-hazard scenario; not observed flood data,synthetic vulnerability/depth-damage function,True
NZA-0411,0.864845,34.215677,informal_iron_sheet,11,8400,925000.0,50,0.02,NZ-050-0411,high,1.603,1.091,11.2,1.35,0.5579,516071.13,18500.0,497571.13,synthetic spatial flood-hazard scenario; not observed flood data,synthetic vulnerability/depth-damage function,True
NZA-0412,0.538159,33.83332,permanent_masonry,129,61800,79720000.0,50,0.02,NZ-050-0412,high,1.647,1.036,11.34,0.9,0.4294,34233798.28,250000.0,33983798.28,synthetic spatial flood-hazard scenario; not observed flood data,synthetic vulnerability/depth-damage function,True
NZA-0413,0.428455,34.240755,permanent_masonry,129,63200,81530000.0,50,0.02,NZ-050-0413,high,1.957,1.053,12.4,0.9,0.5121,41752655.31,250000.0,41502655.31,synthetic spatial flood-hazard scenario; not observed flood data,synthetic vulnerability/depth-damage function,True
NZA-0414,0.647717,34.484053,concrete_rcc,840,57800,485520000.0,50,0.02,NZ-050-0414,high,1.687,1.106,12.6,0.7,0.3694,179359617.12,250000.0,179109617.12,synthetic spatial flood-hazard scenario; not observed flood data,synthetic vulnerability/depth-damage function,True
NZA-0415,0.413499,34.160793,informal_iron_sheet,20,7500,1500000.0,50,0.02,NZ-050-0415,high,1.675,1.076,12.11,1.35,0.5821,873185.19,30000.0,843185.19,synthetic spatial flood-hazard scenario; not observed flood data,synthetic vulnerability/depth-damage function,True
NZA-0416,0.549676,33.843996,permanent_masonry,152,50500,76760000.0,50,0.02,NZ-050-0416,high,1.614,0.958,11.26,0.9,0.4171,32014245.83,250000.0,31764245.83,synthetic spatial flood-hazard scenario; not observed flood data,synthetic vulnerability/depth-damage function,True
NZA-0417,0.08007,34.055394,informal_iron_sheet,9,5200,470000.0,50,0.02,NZ-050-0417,high,1.42,0.722,9.05,1.35,0.4743,222914.35,9400.0,213514.35,synthetic spatial flood-hazard scenario; not observed flood data,synthetic vulnerability/depth-damage function,True
NZA-0418,1.070937,33.783992,concrete_rcc,540,53100,286740000.0,50,0.02,NZ-050-0418,high,1.563,0.971,10.04,0.7,0.3279,94018697.4,250000.0,93768697.4,synthetic spatial flood-hazard scenario; not observed flood data,synthetic vulnerability/depth-damage function,True
NZA-0419,0.51704,34.371814,informal_iron_sheet,13,7300,950000.0,50,0.02,NZ-050-0419,high,1.719,0.989,13.65,1.35,0.5964,566563.68,19000.0,547563.68,synthetic spatial flood-hazard scenario; not observed flood data,synthetic vulnerability/depth-damage function,True
NZA-0420,0.773617,34.734959,permanent_masonry,68,60100,40870000.0,50,0.02,NZ-050-0420,high,1.863,1.142,12.04,0.9,0.4919,20105141.46,250000.0,19855141.46,synthetic spatial flood-hazard scenario; not observed flood data,synthetic vulnerability/depth-damage function,True
NZA-0421,0.010114,35.137946,permanent_masonry,70,36200,25340000.0,50,0.02,NZ-050-0421,high,1.403,0.768,10.48,0.9,0.3505,8880548.14,250000.0,8630548.14,synthetic spatial flood-hazard scenario; not observed flood data,synthetic vulnerability/depth-damage function,True
NZA-0422,0.435472,35.134517,informal_iron_sheet,10,6400,640000.0,50,0.02,NZ-050-0422,high,1.534,1.079,9.89,1.35,0.531,339868.92,12800.0,327068.92,synthetic spatial flood-hazard scenario; not observed flood data,synthetic vulnerability/depth-damage function,True
NZA-0423,-0.198967,34.281169,permanent_masonry,159,61000,96990000.0,50,0.02,NZ-050-0423,high,1.75,1.023,12.84,0.9,0.4607,44680794.25,250000.0,44430794.25,synthetic spatial flood-hazard scenario; not observed flood data,synthetic vulnerability/depth-damage function,True
NZA-0424,-0.243639,34.696023,informal_iron_sheet,11,8200,900000.0,50,0.02,NZ-050-0424,high,1.391,0.823,11.29,1.35,0.478,430188.35,18000.0,412188.35,synthetic spatial flood-hazard scenario; not observed flood data,synthetic vulnerability/depth-damage function,True
NZA-0425,0.445653,34.787098,semi_permanent,37,13800,5105000.0,50,0.02,NZ-050-0425,high,1.784,0.896,14.36,1.0,0.5048,2577074.79,102100.0,2474974.79,synthetic spatial flood-hazard scenario; not observed flood data,synthetic vulnerability/depth-damage function,True
NZA-0426,1.108655,33.954177,permanent_masonry,128,54600,69890000.0,50,0.02,NZ-050-0426,high,1.367,0.889,10.42,0.9,0.3453,24130273.42,250000.0,23880273.42,synthetic spatial flood-hazard scenario; not observed flood data,synthetic vulnerability/depth-damage function,True
NZA-0427,0.603417,34.781679,concrete_rcc,552,59700,329545000.0,50,0.02,NZ-050-0427,high,1.637,0.863,10.03,0.7,0.3407,112291598.06,250000.0,112041598.06,synthetic spatial flood-hazard scenario; not observed flood data,synthetic vulnerability/depth-damage function,True
NZA-0428,-0.27813,34.468108,informal_iron_sheet,12,9600,1150000.0,50,0.02,NZ-050-0428,high,1.54,0.951,12.46,1.35,0.5363,616735.99,23000.0,593735.99,synthetic spatial flood-hazard scenario; not observed flood data,synthetic vulnerability/depth-damage function,True
NZA-0429,0.283537,34.654823,semi_permanent,60,15900,9540000.0,50,0.02,NZ-050-0429,high,1.672,0.893,12.11,1.0,0.4668,4453657.88,190800.0,4262857.88,synthetic spatial flood-hazard scenario; not observed flood data,synthetic vulnerability/depth-damage function,True
NZA-0430,0.137854,35.21501,informal_iron_sheet,16,6000,960000.0,50,0.02,NZ-050-0430,high,1.42,0.881,10.36,1.35,0.4869,467416.74,19200.0,448216.74,synthetic spatial flood-hazard scenario; not observed flood data,synthetic vulnerability/depth-damage function,True
NZA-0431,0.735051,34.152995,informal_iron_sheet,15,6400,960000.0,50,0.02,NZ-050-0431,high,1.539,0.97,11.5,1.35,0.5334,512067.09,19200.0,492867.09,synthetic spatial flood-hazard scenario; not observed flood data,synthetic vulnerability/depth-damage function,True
NZA-0432,0.13921,33.85235,informal_iron_sheet,22,9900,2180000.0,50,0.02,NZ-050-0432,high,1.318,0.733,10.3,1.35,0.446,972193.99,43600.0,928593.99,synthetic spatial flood-hazard scenario; not observed flood data,synthetic vulnerability/depth-damage function,True
NZA-0433,0.741471,34.512865,semi_permanent,28,8100,2270000.0,50,0.02,NZ-050-0433,high,1.568,0.947,12.61,1.0,0.4424,1004188.37,45400.0,958788.37,synthetic spatial flood-hazard scenario; not observed flood data,synthetic vulnerability/depth-damage function,True
NZA-0434,0.86609,33.79795,semi_permanent,61,11600,7075000.0,50,0.02,NZ-050-0434,high,1.479,0.885,11.12,1.0,0.4095,2897312.15,141500.0,2755812.15,synthetic spatial flood-hazard scenario; not observed flood data,synthetic vulnerability/depth-damage function,True
NZA-0435,0.316628,35.329571,semi_permanent,33,11600,3830000.0,50,0.02,NZ-050-0435,high,1.345,0.781,10.44,1.0,0.3644,1395507.95,76600.0,1318907.95,synthetic spatial flood-hazard scenario; not observed flood data,synthetic vulnerability/depth-damage function,True
NZA-0436,0.343231,35.12082,semi_permanent,26,12000,3120000.0,50,0.02,NZ-050-0436,high,1.328,0.878,10.72,1.0,0.3644,1137033.72,62400.0,1074633.72,synthetic spatial flood-hazard scenario; not observed flood data,synthetic vulnerability/depth-damage function,True
NZA-0437,1.067907,34.033015,informal_iron_sheet,21,9800,2060000.0,50,0.02,NZ-050-0437,high,1.288,0.869,10.6,1.35,0.4432,913056.99,41200.0,871856.99,synthetic spatial flood-hazard scenario; not observed flood data,synthetic vulnerability/depth-damage function,True
NZA-0438,0.072169,34.488333,informal_iron_sheet,14,7900,1105000.0,50,0.02,NZ-050-0438,high,1.642,1.088,11.03,1.35,0.5689,628678.75,22100.0,606578.75,synthetic spatial flood-hazard scenario; not observed flood data,synthetic vulnerability/depth-damage function,True
NZA-0439,1.140787,35.278208,permanent_masonry,166,43300,71880000.0,50,0.02,NZ-050-0439,high,1.521,0.847,9.67,0.9,0.3825,27490810.8,250000.0,27240810.8,synthetic spatial flood-hazard scenario; not observed flood data,synthetic vulnerability/depth-damage function,True
NZA-0440,0.166063,33.736171,informal_iron_sheet,13,8600,1120000.0,50,0.02,NZ-050-0440,high,1.143,0.905,9.03,1.35,0.3888,435454.27,22400.0,413054.27,synthetic spatial flood-hazard scenario; not observed flood data,synthetic vulnerability/depth-damage function,True
NZA-0441,0.782204,34.975995,informal_iron_sheet,15,6800,1020000.0,50,0.02,NZ-050-0441,high,1.586,0.981,11.75,1.35,0.5493,560290.38,20400.0,539890.38,synthetic spatial flood-hazard scenario; not observed flood data,synthetic vulnerability/depth-damage function,True
NZA-0442,0.24136,34.408653,informal_iron_sheet,11,5300,585000.0,50,0.02,NZ-050-0442,high,1.605,0.973,11.58,1.35,0.5542,324213.72,11700.0,312513.72,synthetic spatial flood-hazard scenario; not observed flood data,synthetic vulnerability/depth-damage function,True
NZA-0443,1.241818,33.924614,semi_permanent,41,13300,5455000.0,50,0.02,NZ-050-0443,high,1.229,0.735,10.48,1.0,0.3288,1793550.24,109100.0,1684450.24,synthetic spatial flood-hazard scenario; not observed flood data,synthetic vulnerability/depth-damage function,True
NZA-0444,-0.033222,35.197986,permanent_masonry,138,40800,56305000.0,50,0.02,NZ-050-0444,high,1.439,0.886,9.71,0.9,0.3625,20410755.19,250000.0,20160755.19,synthetic spatial flood-hazard scenario; not observed flood data,synthetic vulnerability/depth-damage function,True
NZA-0445,0.738215,34.834251,informal_iron_sheet,12,9700,1165000.0,50,0.02,NZ-050-0445,high,1.506,0.92,11.04,1.35,0.5189,604469.37,23300.0,581169.37,synthetic spatial flood-hazard scenario; not observed flood data,synthetic vulnerability/depth-damage function,True
NZA-0446,0.360261,34.386075,permanent_masonry,110,41000,45100000.0,50,0.02,NZ-050-0446,high,1.688,1.036,12.92,0.9,0.4454,20089074.25,250000.0,19839074.25,synthetic spatial flood-hazard scenario; not observed flood data,synthetic vulnerability/depth-damage function,True
NZA-0447,-0.010498,34.050865,semi_permanent,38,8100,3080000.0,50,0.02,NZ-050-0447,high,1.548,0.975,9.42,1.0,0.4271,1315368.96,61600.0,1253768.96,synthetic spatial flood-hazard scenario; not observed flood data,synthetic vulnerability/depth-damage function,True
NZA-0448,0.634956,35.208905,informal_iron_sheet,12,8400,1010000.0,50,0.02,NZ-050-0448,high,1.453,0.99,10.64,1.35,0.5038,508866.78,20200.0,488666.78,synthetic spatial flood-hazard scenario; not observed flood data,synthetic vulnerability/depth-damage function,True
NZA-0449,1.138511,33.956467,informal_iron_sheet,16,8200,1310000.0,50,0.02,NZ-050-0449,high,1.548,0.819,10.91,1.35,0.5266,689808.54,26200.0,663608.54,synthetic spatial flood-hazard scenario; not observed flood data,synthetic vulnerability/depth-damage function,True
NZA-0450,0.025876,34.752617,semi_permanent,34,15800,5370000.0,50,0.02,NZ-050-0450,high,1.687,1.011,11.94,1.0,0.4758,2555227.35,107400.0,2447827.35,synthetic spatial flood-hazard scenario; not observed flood data,synthetic vulnerability/depth-damage function,True
NZA-0451,-0.239392,34.774853,semi_permanent,40,10900,4360000.0,50,0.02,NZ-050-0451,high,1.554,0.979,11.26,1.0,0.4352,1897622.72,87200.0,1810422.72,synthetic spatial flood-hazard scenario; not observed flood data,synthetic vulnerability/depth-damage function,True
NZA-0452,0.986012,34.255889,permanent_masonry,76,36300,27590000.0,50,0.02,NZ-050-0452,high,1.717,0.967,10.18,0.9,0.4406,12155222.34,250000.0,11905222.34,synthetic spatial flood-hazard scenario; not observed flood data,synthetic vulnerability/depth-damage function,True
NZA-0453,0.381342,35.343772,informal_iron_sheet,15,7300,1095000.0,50,0.02,NZ-050-0453,high,1.438,0.899,12.11,1.35,0.5,547549.19,21900.0,525649.19,synthetic spatial flood-hazard scenario; not observed flood data,synthetic vulnerability/depth-damage function,True
NZA-0454,0.987785,35.351112,semi_permanent,52,15300,7955000.0,50,0.02,NZ-050-0454,high,1.506,0.998,11.58,1.0,0.4238,3370994.29,159100.0,3211894.29,synthetic spatial flood-hazard scenario; not observed flood data,synthetic vulnerability/depth-damage function,True
NZA-0455,0.384702,35.084554,semi_permanent,44,12100,5325000.0,50,0.02,NZ-050-0455,high,1.6,1.012,11.84,1.0,0.4516,2404694.89,106500.0,2298194.89,synthetic spatial flood-hazard scenario; not observed flood data,synthetic vulnerability/depth-damage function,True
NZA-0456,-0.273825,34.047396,semi_permanent,41,12500,5125000.0,50,0.02,NZ-050-0456,high,1.18,0.753,8.44,1.0,0.3094,1585931.09,102500.0,1483431.09,synthetic spatial flood-hazard scenario; not observed flood data,synthetic vulnerability/depth-damage function,True
NZA-0457,0.867148,35.390504,informal_iron_sheet,14,9700,1360000.0,50,0.02,NZ-050-0457,high,1.28,0.925,8.94,1.35,0.437,594312.98,27200.0,567112.98,synthetic spatial flood-hazard scenario; not observed flood data,synthetic vulnerability/depth-damage function,True
NZA-0458,1.153097,35.246726,informal_iron_sheet,14,6200,870000.0,50,0.02,NZ-050-0458,high,1.518,0.969,10.86,1.35,0.5244,456223.77,17400.0,438823.77,synthetic spatial flood-hazard scenario; not observed flood data,synthetic vulnerability/depth-damage function,True
NZA-0459,0.889218,35.3286,permanent_masonry,74,51700,38260000.0,50,0.02,NZ-050-0459,high,1.499,0.939,10.69,0.9,0.3837,14679925.81,250000.0,14429925.81,synthetic spatial flood-hazard scenario; not observed flood data,synthetic vulnerability/depth-damage function,True
NZA-0460,0.957244,35.19988,informal_iron_sheet,16,8000,1280000.0,50,0.02,NZ-050-0460,high,1.634,0.91,10.79,1.35,0.5568,712702.89,25600.0,687102.89,synthetic spatial flood-hazard scenario; not observed flood data,synthetic vulnerability/depth-damage function,True
NZA-0461,1.072874,34.637427,permanent_masonry,66,56400,37225000.0,50,0.02,NZ-050-0461,high,1.75,0.962,13.21,0.9,0.4591,17089357.87,250000.0,16839357.87,synthetic spatial flood-hazard scenario; not observed flood data,synthetic vulnerability/depth-damage function,True
NZA-0462,1.100764,33.876284,semi_permanent,39,13400,5225000.0,50,0.02,NZ-050-0462,high,1.34,0.973,10.47,1.0,0.3708,1937510.35,104500.0,1833010.35,synthetic spatial flood-hazard scenario; not observed flood data,synthetic vulnerability/depth-damage function,True
NZA-0463,0.654545,34.374969,informal_iron_sheet,14,7100,995000.0,50,0.02,NZ-050-0463,high,1.766,1.025,13.84,1.35,0.6123,609218.15,19900.0,589318.15,synthetic spatial flood-hazard scenario; not observed flood data,synthetic vulnerability/depth-damage function,True
NZA-0464,0.146798,34.443591,informal_iron_sheet,12,7800,935000.0,50,0.02,NZ-050-0464,high,1.817,1.059,11.94,1.35,0.6209,580525.27,18700.0,561825.27,synthetic spatial flood-hazard scenario; not observed flood data,synthetic vulnerability/depth-damage function,True
NZA-0465,0.907775,34.652904,permanent_masonry,53,55800,29575000.0,50,0.02,NZ-050-0465,high,2.002,1.108,12.97,0.9,0.5276,15604296.92,250000.0,15354296.92,synthetic spatial flood-hazard scenario; not observed flood data,synthetic vulnerability/depth-damage function,True
NZA-0466,1.181054,35.009734,informal_iron_sheet,13,7300,950000.0,50,0.02,NZ-050-0466,high,1.417,0.869,10.93,1.35,0.4873,462944.19,19000.0,443944.19,synthetic spatial flood-hazard scenario; not observed flood data,synthetic vulnerability/depth-damage function,True
NZA-0467,0.337107,34.999095,semi_permanent,38,14500,5510000.0,50,0.02,NZ-050-0467,high,1.583,0.891,12.62,1.0,0.4439,2446104.95,110200.0,2335904.95,synthetic spatial flood-hazard scenario; not observed flood data,synthetic vulnerability/depth-damage function,True
NZA-0468,1.242735,34.291571,semi_permanent,66,12300,8120000.0,50,0.02,NZ-050-0468,high,1.449,1.019,11.86,1.0,0.4089,3320667.11,162400.0,3158267.11,synthetic spatial flood-hazard scenario; not observed flood data,synthetic vulnerability/depth-damage function,True
NZA-0469,0.536934,35.013341,concrete_rcc,566,77400,438085000.0,50,0.02,NZ-050-0469,high,1.562,0.968,11.46,0.7,0.3316,145272486.92,250000.0,145022486.92,synthetic spatial flood-hazard scenario; not observed flood data,synthetic vulnerability/depth-damage function,True
NZA-0470,-0.082401,34.039054,permanent_masonry,226,60300,136280000.0,50,0.02,NZ-050-0470,high,1.41,0.873,11.61,0.9,0.3597,49024754.04,250000.0,48774754.04,synthetic spatial flood-hazard scenario; not observed flood data,synthetic vulnerability/depth-damage function,True
NZA-0471,0.735218,34.460097,concrete_rcc,704,56800,399870000.0,50,0.02,NZ-050-0471,high,1.438,1.005,11.81,0.7,0.3048,121870767.57,250000.0,121620767.57,synthetic spatial flood-hazard scenario; not observed flood data,synthetic vulnerability/depth-damage function,True
NZA-0472,0.594956,35.099327,informal_iron_sheet,14,5900,825000.0,50,0.02,NZ-050-0472,high,1.693,0.914,12.11,1.35,0.5793,477958.36,16500.0,461458.36,synthetic spatial flood-hazard scenario; not observed flood data,synthetic vulnerability/depth-damage function,True
NZA-0473,0.770908,34.817441,semi_permanent,24,14500,3480000.0,50,0.02,NZ-050-0473,high,1.767,0.937,11.95,1.0,0.4937,1718075.39,69600.0,1648475.39,synthetic spatial flood-hazard scenario; not observed flood data,synthetic vulnerability/depth-damage function,True
NZA-0474,0.909586,33.756294,semi_permanent,24,12300,2950000.0,50,0.02,NZ-050-0474,high,1.365,0.968,11.04,1.0,0.3797,1120235.26,59000.0,1061235.26,synthetic spatial flood-hazard scenario; not observed flood data,synthetic vulnerability/depth-damage function,True
NZA-0475,1.132647,35.260655,permanent_masonry,110,51100,56210000.0,50,0.02,NZ-050-0475,high,1.243,0.742,8.8,0.9,0.3012,16928449.97,250000.0,16678449.97,synthetic spatial flood-hazard scenario; not observed flood data,synthetic vulnerability/depth-damage function,True
NZA-0476,0.140861,35.060387,concrete_rcc,576,55900,321985000.0,50,0.02,NZ-050-0476,high,1.533,0.847,11.21,0.7,0.3197,102954018.04,250000.0,102704018.04,synthetic spatial flood-hazard scenario; not observed flood data,synthetic vulnerability/depth-damage function,True
NZA-0477,-0.268106,34.530761,semi_permanent,34,15700,5340000.0,50,0.02,NZ-050-0477,high,1.659,1.122,13.5,1.0,0.4787,2556312.9,106800.0,2449512.9,synthetic spatial flood-hazard scenario; not observed flood data,synthetic vulnerability/depth-damage function,True
NZA-0478,-0.157211,34.444361,informal_iron_sheet,13,9300,1210000.0,50,0.02,NZ-050-0478,high,1.423,0.912,12.44,1.35,0.4969,601196.73,24200.0,576996.73,synthetic spatial flood-hazard scenario; not observed flood data,synthetic vulnerability/depth-damage function,True
NZA-0479,-0.173352,34.922677,permanent_masonry,140,58900,82460000.0,50,0.02,NZ-050-0479,high,1.708,0.943,10.63,0.9,0.4387,36177534.36,250000.0,35927534.36,synthetic spatial flood-hazard scenario; not observed flood data,synthetic vulnerability/depth-damage function,True
NZA-0480,0.651788,33.788847,semi_permanent,34,14300,4860000.0,50,0.02,NZ-050-0480,high,1.629,0.971,11.75,1.0,0.4573,2222443.28,97200.0,2125243.28,synthetic spatial flood-hazard scenario; not observed flood data,synthetic vulnerability/depth-damage function,True
NZA-0481,0.29228,34.356186,semi_permanent,59,10800,6370000.0,50,0.02,NZ-050-0481,high,1.62,1.024,11.66,1.0,0.457,2911245.5,127400.0,2783845.5,synthetic spatial flood-hazard scenario; not observed flood data,synthetic vulnerability/depth-damage function,True
NZA-0482,0.130915,34.351599,semi_permanent,43,15100,6495000.0,50,0.02,NZ-050-0482,high,1.67,1.059,12.16,1.0,0.4742,3080002.54,129900.0,2950102.54,synthetic spatial flood-hazard scenario; not observed flood data,synthetic vulnerability/depth-damage function,True
NZA-0483,0.491714,35.224141,semi_permanent,51,9600,4895000.0,50,0.02,NZ-050-0483,high,1.635,0.954,12.1,1.0,0.4595,2249399.78,97900.0,2151499.78,synthetic spatial flood-hazard scenario; not observed flood data,synthetic vulnerability/depth-damage function,True
NZA-0484,0.419117,34.11669,semi_permanent,52,8500,4420000.0,50,0.02,NZ-050-0484,high,1.456,0.913,9.4,1.0,0.3984,1761065.82,88400.0,1672665.82,synthetic spatial flood-hazard scenario; not observed flood data,synthetic vulnerability/depth-damage function,True
NZA-0485,0.14098,33.90515,concrete_rcc,330,65000,214500000.0,50,0.02,NZ-050-0485,high,1.479,0.758,10.79,0.7,0.303,65002278.23,250000.0,64752278.23,synthetic spatial flood-hazard scenario; not observed flood data,synthetic vulnerability/depth-damage function,True
NZA-0486,-0.279435,34.688574,informal_iron_sheet,8,9700,775000.0,50,0.02,NZ-050-0486,high,1.791,1.105,13.03,1.35,0.6204,480796.11,15500.0,465296.11,synthetic spatial flood-hazard scenario; not observed flood data,synthetic vulnerability/depth-damage function,True
NZA-0487,0.32714,34.295446,semi_permanent,40,15600,6240000.0,50,0.02,NZ-050-0487,high,1.608,0.882,10.75,1.0,0.4442,2771555.12,124800.0,2646755.12,synthetic spatial flood-hazard scenario; not observed flood data,synthetic vulnerability/depth-damage function,True
NZA-0488,1.281058,33.899735,permanent_masonry,96,44200,42430000.0,50,0.02,NZ-050-0488,high,1.516,0.851,9.39,0.9,0.3805,16146536.46,250000.0,15896536.46,synthetic spatial flood-hazard scenario; not observed flood data,synthetic vulnerability/depth-damage function,True
NZA-0489,-0.252949,34.675029,permanent_masonry,96,43600,41855000.0,50,0.02,NZ-050-0489,high,1.586,1.071,12.05,0.9,0.417,17452597.64,250000.0,17202597.64,synthetic spatial flood-hazard scenario; not observed flood data,synthetic vulnerability/depth-damage function,True
NZA-0490,0.891063,34.590685,informal_iron_sheet,12,7600,910000.0,50,0.02,NZ-050-0490,high,1.826,1.081,13.29,1.35,0.6296,572965.7,18200.0,554765.7,synthetic spatial flood-hazard scenario; not observed flood data,synthetic vulnerability/depth-damage function,True
NZA-0491,0.427999,34.721662,semi_permanent,26,14500,3770000.0,50,0.02,NZ-050-0491,high,2.056,1.049,13.11,1.0,0.5762,2172346.8,75400.0,2096946.8,synthetic spatial flood-hazard scenario; not observed flood data,synthetic vulnerability/depth-damage function,True
NZA-0492,0.227071,34.89631,informal_iron_sheet,14,7300,1020000.0,50,0.02,NZ-050-0492,high,1.839,0.964,11.11,1.35,0.6187,631121.65,20400.0,610721.65,synthetic spatial flood-hazard scenario; not observed flood data,synthetic vulnerability/depth-damage function,True
NZA-0493,1.242441,34.867189,informal_iron_sheet,12,5100,610000.0,50,0.02,NZ-050-0493,high,1.463,0.797,9.9,1.35,0.495,301934.67,12200.0,289734.67,synthetic spatial flood-hazard scenario; not observed flood data,synthetic vulnerability/depth-damage function,True
NZA-0494,1.119788,35.14177,informal_iron_sheet,15,9200,1380000.0,50,0.02,NZ-050-0494,high,1.713,0.947,11.1,1.35,0.5828,804288.36,27600.0,776688.36,synthetic spatial flood-hazard scenario; not observed flood data,synthetic vulnerability/depth-damage function,True
NZA-0495,0.688268,34.158344,permanent_masonry,121,45000,54450000.0,50,0.02,NZ-050-0495,high,1.735,0.879,10.97,0.9,0.4437,24161138.4,250000.0,23911138.4,synthetic spatial flood-hazard scenario; not observed flood data,synthetic vulnerability/depth-damage function,True
NZA-0496,0.872427,33.962715,concrete_rcc,270,72600,196020000.0,50,0.02,NZ-050-0496,high,1.452,0.885,9.68,0.7,0.2984,58484598.8,250000.0,58234598.8,synthetic spatial flood-hazard scenario; not observed flood data,synthetic vulnerability/depth-damage function,True
NZA-0497,0.394684,34.492669,permanent_masonry,55,39200,21560000.0,50,0.02,NZ-050-0497,high,1.646,1.062,11.49,0.9,0.4308,9287073.17,250000.0,9037073.17,synthetic spatial flood-hazard scenario; not observed flood data,synthetic vulnerability/depth-damage function,True
NZA-0498,1.137023,34.069527,permanent_masonry,45,44700,20115000.0,50,0.02,NZ-050-0498,high,1.458,0.866,10.37,0.9,0.3689,7419496.35,250000.0,7169496.35,synthetic spatial flood-hazard scenario; not observed flood data,synthetic vulnerability/depth-damage function,True
NZA-0499,0.198281,34.118395,permanent_masonry,145,40200,58290000.0,50,0.02,NZ-050-0499,high,1.657,0.959,13.47,0.9,0.4357,25398211.0,250000.0,25148211.0,synthetic spatial flood-hazard scenario; not observed flood data,synthetic vulnerability/depth-damage function,True
NZA-0000,0.756568,33.971985,concrete_rcc,489,56000,273840000.0,100,0.01,NZ-100-0000,high,1.684,1.099,11.2,0.7,0.3643,99763888.54,250000.0,99513888.54,synthetic spatial flood-hazard scenario; not observed flood data,synthetic vulnerability/depth-damage function,True
NZA-0001,0.029978,34.696104,informal_iron_sheet,8,9600,770000.0,100,0.01,NZ-100-0001,high,1.871,1.028,11.21,1.35,0.631,485896.93,15400.0,470496.93,synthetic spatial flood-hazard scenario; not observed flood data,synthetic vulnerability/depth-damage function,True
NZA-0002,1.077706,35.100523,concrete_rcc,385,72000,277200000.0,100,0.01,NZ-100-0002,high,2.007,0.869,12.43,0.7,0.4305,119345036.07,250000.0,119095036.07,synthetic spatial flood-hazard scenario; not observed flood data,synthetic vulnerability/depth-damage function,True
NZA-0003,0.59297,34.205342,concrete_rcc,519,51200,265730000.0,100,0.01,NZ-100-0003,high,1.82,0.883,12.42,0.7,0.39,103636059.63,250000.0,103386059.63,synthetic spatial flood-hazard scenario; not observed flood data,synthetic vulnerability/depth-damage function,True
NZA-0004,0.853177,34.864329,permanent_masonry,97,52500,50925000.0,100,0.01,NZ-100-0004,high,1.79,1.049,11.33,0.9,0.4667,23764663.02,250000.0,23514663.02,synthetic spatial flood-hazard scenario; not observed flood data,synthetic vulnerability/depth-damage function,True
NZA-0005,0.51001,34.488603,informal_iron_sheet,13,7700,1000000.0,100,0.01,NZ-100-0005,high,2.093,1.175,12.41,1.35,0.6985,698457.7,20000.0,678457.7,synthetic spatial flood-hazard scenario; not observed flood data,synthetic vulnerability/depth-damage function,True
NZA-0006,1.251868,35.215308,informal_iron_sheet,8,8300,665000.0,100,0.01,NZ-100-0006,high,1.618,1.049,8.88,1.35,0.5513,366625.37,13300.0,353325.37,synthetic spatial flood-hazard scenario; not observed flood data,synthetic vulnerability/depth-damage function,True
NZA-0007,0.642984,34.660285,permanent_masonry,102,40400,41210000.0,100,0.01,NZ-100-0007,high,2.068,1.013,12.22,0.9,0.5359,22085235.63,250000.0,21835235.63,synthetic spatial flood-hazard scenario; not observed flood data,synthetic vulnerability/depth-damage function,True
NZA-0008,1.005254,35.388426,informal_iron_sheet,23,7200,1655000.0,100,0.01,NZ-100-0008,moderate,1.465,0.752,9.15,1.35,0.4907,812160.25,33100.0,779060.25,synthetic spatial flood-hazard scenario; not observed flood data,synthetic vulnerability/depth-damage function,True
NZA-0009,0.997211,34.112287,semi_permanent,50,9400,4700000.0,100,0.01,NZ-100-0009,high,1.912,0.927,11.76,1.0,0.5296,2489217.35,94000.0,2395217.35,synthetic spatial flood-hazard scenario; not observed flood data,synthetic vulnerability/depth-damage function,True
NZA-0010,0.236424,33.885804,semi_permanent,47,9000,4230000.0,100,0.01,NZ-100-0010,high,1.9,0.894,11.9,1.0,0.5255,2223069.24,84600.0,2138469.24,synthetic spatial flood-hazard scenario; not observed flood data,synthetic vulnerability/depth-damage function,True
NZA-0011,-0.010214,34.287435,permanent_masonry,81,55400,44875000.0,100,0.01,NZ-100-0011,high,1.982,1.141,12.6,0.9,0.5231,23474727.13,250000.0,23224727.13,synthetic spatial flood-hazard scenario; not observed flood data,synthetic vulnerability/depth-damage function,True
NZA-0012,0.531805,35.024665,permanent_masonry,97,42300,41030000.0,100,0.01,NZ-100-0012,high,2.236,0.996,12.31,0.9,0.5733,23521203.93,250000.0,23271203.93,synthetic spatial flood-hazard scenario; not observed flood data,synthetic vulnerability/depth-damage function,True
NZA-0013,0.444915,34.617409,semi_permanent,37,13200,4885000.0,100,0.01,NZ-100-0013,high,1.925,0.96,13.3,1.0,0.5403,2639435.19,97700.0,2541735.19,synthetic spatial flood-hazard scenario; not observed flood data,synthetic vulnerability/depth-damage function,True
NZA-0014,0.955461,35.271234,semi_permanent,54,13900,7505000.0,100,0.01,NZ-100-0014,high,1.869,0.984,11.38,1.0,0.5203,3904679.24,150100.0,3754579.24,synthetic spatial flood-hazard scenario; not observed flood data,synthetic vulnerability/depth-damage function,True
NZA-0015,0.282611,35.390422,semi_permanent,25,15300,3825000.0,100,0.01,NZ-100-0015,high,2.056,1.106,10.94,1.0,0.5707,2182952.89,76500.0,2106452.89,synthetic spatial flood-hazard scenario; not observed flood data,synthetic vulnerability/depth-damage function,True
NZA-0016,0.527984,35.267816,semi_permanent,20,10200,2040000.0,100,0.01,NZ-100-0016,high,1.83,0.931,10.01,1.0,0.5025,1025067.09,40800.0,984267.09,synthetic spatial flood-hazard scenario; not observed flood data,synthetic vulnerability/depth-damage function,True
NZA-0017,-0.117852,33.975926,permanent_masonry,137,39100,53565000.0,100,0.01,NZ-100-0017,high,1.538,0.726,10.85,0.9,0.3857,20660875.45,250000.0,20410875.45,synthetic spatial flood-hazard scenario; not observed flood data,synthetic vulnerability/depth-damage function,True
NZA-0018,0.279472,34.703121,concrete_rcc,165,56200,92730000.0,100,0.01,NZ-100-0018,high,2.018,0.994,12.33,0.7,0.4382,40633462.69,250000.0,40383462.69,synthetic spatial flood-hazard scenario; not observed flood data,synthetic vulnerability/depth-damage function,True
NZA-0019,0.147643,34.933593,permanent_masonry,95,61600,58520000.0,100,0.01,NZ-100-0019,high,1.778,0.972,11.73,0.9,0.4615,27008160.89,250000.0,26758160.89,synthetic spatial flood-hazard scenario; not observed flood data,synthetic vulnerability/depth-damage function,True
NZA-0020,0.265343,35.262243,informal_iron_sheet,16,5300,850000.0,100,0.01,NZ-100-0020,high,2.129,0.994,12.91,1.35,0.6997,594781.11,17000.0,577781.11,synthetic spatial flood-hazard scenario; not observed flood data,synthetic vulnerability/depth-damage function,True
NZA-0021,1.220344,33.948898,semi_permanent,36,10800,3890000.0,100,0.01,NZ-100-0021,high,1.597,0.806,9.4,1.0,0.4328,1683609.03,77800.0,1605809.03,synthetic spatial flood-hazard scenario; not observed flood data,synthetic vulnerability/depth-damage function,True
NZA-0022,1.004731,34.741446,informal_iron_sheet,11,6300,695000.0,100,0.01,NZ-100-0022,high,2.057,1.06,12.94,1.35,0.6863,476999.04,13900.0,463099.04,synthetic spatial flood-hazard scenario; not observed flood data,synthetic vulnerability/depth-damage function,True
NZA-0023,0.451159,33.791979,concrete_rcc,421,54700,230285000.0,100,0.01,NZ-100-0023,high,1.861,1.034,12.02,0.7,0.4043,93106690.47,250000.0,92856690.47,synthetic spatial flood-hazard scenario; not observed flood data,synthetic vulnerability/depth-damage function,True
NZA-0024,0.336526,34.963292,concrete_rcc,449,74800,335850000.0,100,0.01,NZ-100-0024,high,2.031,0.892,10.37,0.7,0.4299,144367717.12,250000.0,144117717.12,synthetic spatial flood-hazard scenario; not observed flood data,synthetic vulnerability/depth-damage function,True
NZA-0025,0.115454,34.674031,permanent_masonry,155,36800,57040000.0,100,0.01,NZ-100-0025,high,2.017,0.969,10.07,0.9,0.5138,29305735.53,250000.0,29055735.53,synthetic spatial flood-hazard scenario; not observed flood data,synthetic vulnerability/depth-damage function,True
NZA-0026,0.369143,33.915251,permanent_masonry,64,56300,36030000.0,100,0.01,NZ-100-0026,high,2.025,0.894,10.48,0.9,0.5134,18498494.73,250000.0,18248494.73,synthetic spatial flood-hazard scenario; not observed flood data,synthetic vulnerability/depth-damage function,True
NZA-0027,1.249494,33.893252,informal_iron_sheet,16,8200,1310000.0,100,0.01,NZ-100-0027,high,1.683,0.795,11.01,1.35,0.566,741491.33,26200.0,715291.33,synthetic spatial flood-hazard scenario; not observed flood data,synthetic vulnerability/depth-damage function,True
NZA-0028,0.023866,34.591599,informal_iron_sheet,20,8100,1620000.0,100,0.01,NZ-100-0028,high,2.218,1.273,12.3,1.35,0.7307,1183682.83,32400.0,1151282.83,synthetic spatial flood-hazard scenario; not observed flood data,synthetic vulnerability/depth-damage function,True
NZA-0029,1.034526,34.539818,informal_iron_sheet,14,9200,1290000.0,100,0.01,NZ-100-0029,high,1.906,0.978,10.19,1.35,0.6338,817552.88,25800.0,791752.88,synthetic spatial flood-hazard scenario; not observed flood data,synthetic vulnerability/depth-damage function,True
NZA-0030,0.664276,34.615193,informal_iron_sheet,16,6700,1070000.0,100,0.01,NZ-100-0030,high,2.081,1.146,13.06,1.35,0.6965,745270.23,21400.0,723870.23,synthetic spatial flood-hazard scenario; not observed flood data,synthetic vulnerability/depth-damage function,True
NZA-0031,1.178456,35.361044,informal_iron_sheet,17,6100,1035000.0,100,0.01,NZ-100-0031,high,1.629,0.853,9.9,1.35,0.5489,568162.26,20700.0,547462.26,synthetic spatial flood-hazard scenario; not observed flood data,synthetic vulnerability/depth-damage function,True
NZA-0032,0.882083,35.363684,semi_permanent,34,12800,4350000.0,100,0.01,NZ-100-0032,high,1.846,0.957,12.25,1.0,0.5163,2245760.69,87000.0,2158760.69,synthetic spatial flood-hazard scenario; not observed flood data,synthetic vulnerability/depth-damage function,True
NZA-0033,0.024413,34.202607,informal_iron_sheet,19,5600,1065000.0,100,0.01,NZ-100-0033,high,2.049,1.099,11.79,1.35,0.6819,726273.64,21300.0,704973.64,synthetic spatial flood-hazard scenario; not observed flood data,synthetic vulnerability/depth-damage function,True
NZA-0034,1.23903,33.827218,permanent_masonry,47,62800,29515000.0,100,0.01,NZ-100-0034,high,1.615,0.953,10.61,0.9,0.415,12248125.69,250000.0,11998125.69,synthetic spatial flood-hazard scenario; not observed flood data,synthetic vulnerability/depth-damage function,True
NZA-0035,1.211209,34.196232,concrete_rcc,350,68700,240450000.0,100,0.01,NZ-100-0035,high,1.939,0.873,10.29,0.7,0.4091,98359598.24,250000.0,98109598.24,synthetic spatial flood-hazard scenario; not observed flood data,synthetic vulnerability/depth-damage function,True
NZA-0036,-0.112918,35.082959,semi_permanent,32,10000,3200000.0,100,0.01,NZ-100-0036,high,1.984,0.858,11.25,1.0,0.5421,1734649.14,64000.0,1670649.14,synthetic spatial flood-hazard scenario; not observed flood data,synthetic vulnerability/depth-damage function,True
NZA-0037,0.265233,34.14853,semi_permanent,31,8400,2605000.0,100,0.01,NZ-100-0037,high,2.081,1.02,11.28,1.0,0.5735,1494024.39,52100.0,1441924.39,synthetic spatial flood-hazard scenario; not observed flood data,synthetic vulnerability/depth-damage function,True
NZA-0038,-0.143883,33.941858,informal_iron_sheet,14,7700,1080000.0,100,0.01,NZ-100-0038,high,1.834,1.037,10.81,1.35,0.62,669602.31,21600.0,648002.31,synthetic spatial flood-hazard scenario; not observed flood data,synthetic vulnerability/depth-damage function,True
NZA-0039,0.501551,34.726637,semi_permanent,44,9300,4090000.0,100,0.01,NZ-100-0039,high,2.323,1.16,13.68,1.0,0.6442,2634883.64,81800.0,2553083.64,synthetic spatial flood-hazard scenario; not observed flood data,synthetic vulnerability/depth-damage function,True
NZA-0040,1.140541,34.874385,informal_iron_sheet,17,9000,1530000.0,100,0.01,NZ-100-0040,high,1.928,0.728,11.9,1.35,0.6332,968806.79,30600.0,938206.79,synthetic spatial flood-hazard scenario; not observed flood data,synthetic vulnerability/depth-damage function,True
NZA-0041,0.918409,33.99557,permanent_masonry,92,47400,43610000.0,100,0.01,NZ-100-0041,high,2.206,1.016,12.39,0.9,0.568,24768869.12,250000.0,24518869.12,synthetic spatial flood-hazard scenario; not observed flood data,synthetic vulnerability/depth-damage function,True
NZA-0042,0.766295,33.798706,permanent_masonry,115,58100,66815000.0,100,0.01,NZ-100-0042,high,1.627,0.653,9.18,0.9,0.4,26724245.84,250000.0,26474245.84,synthetic spatial flood-hazard scenario; not observed flood data,synthetic vulnerability/depth-damage function,True
NZA-0043,0.426875,33.978446,informal_iron_sheet,8,6700,535000.0,100,0.01,NZ-100-0043,high,2.196,0.99,14.21,1.35,0.7193,384808.08,10700.0,374108.08,synthetic spatial flood-hazard scenario; not observed flood data,synthetic vulnerability/depth-damage function,True
NZA-0044,-0.049257,34.101783,semi_permanent,30,15000,4500000.0,100,0.01,NZ-100-0044,high,1.766,0.972,10.17,1.0,0.4886,2198876.99,90000.0,2108876.99,synthetic spatial flood-hazard scenario; not observed flood data,synthetic vulnerability/depth-damage function,True
NZA-0045,-0.088865,34.314237,informal_iron_sheet,18,6000,1080000.0,100,0.01,NZ-100-0045,high,2.137,0.958,10.4,1.35,0.6901,745286.61,21600.0,723686.61,synthetic spatial flood-hazard scenario; not observed flood data,synthetic vulnerability/depth-damage function,True
NZA-0046,0.545365,34.656193,informal_iron_sheet,14,9900,1385000.0,100,0.01,NZ-100-0046,high,2.255,1.108,12.22,1.35,0.7305,1011675.78,27700.0,983975.78,synthetic spatial flood-hazard scenario; not observed flood data,synthetic vulnerability/depth-damage function,True
NZA-0047,0.253929,35.252561,permanent_masonry,106,53000,56180000.0,100,0.01,NZ-100-0047,high,1.882,0.908,12.4,0.9,0.4868,27350878.4,250000.0,27100878.4,synthetic spatial flood-hazard scenario; not observed flood data,synthetic vulnerability/depth-damage function,True
NZA-0048,0.987038,34.293721,semi_permanent,64,13300,8510000.0,100,0.01,NZ-100-0048,high,1.833,0.777,10.8,1.0,0.4988,4244445.38,170200.0,4074245.38,synthetic spatial flood-hazard scenario; not observed flood data,synthetic vulnerability/depth-damage function,True
NZA-0049,0.89248,34.7781,semi_permanent,52,12100,6290000.0,100,0.01,NZ-100-0049,high,2.167,1.029,11.27,1.0,0.594,3736207.48,125800.0,3610407.48,synthetic spatial flood-hazard scenario; not observed flood data,synthetic vulnerability/depth-damage function,True
NZA-0050,0.887903,34.82692,permanent_masonry,65,54100,35165000.0,100,0.01,NZ-100-0050,high,1.905,0.997,10.36,0.9,0.4894,17208062.1,250000.0,16958062.1,synthetic spatial flood-hazard scenario; not observed flood data,synthetic vulnerability/depth-damage function,True
NZA-0051,0.002433,34.180603,permanent_masonry,94,52200,49070000.0,100,0.01,NZ-100-0051,high,1.946,1.071,11.37,0.9,0.5066,24860865.72,250000.0,24610865.72,synthetic spatial flood-hazard scenario; not observed flood data,synthetic vulnerability/depth-damage function,True
NZA-0052,0.721631,34.642,informal_iron_sheet,19,8100,1540000.0,100,0.01,NZ-100-0052,high,2.04,1.083,11.08,1.35,0.6763,1041463.73,30800.0,1010663.73,synthetic spatial flood-hazard scenario; not observed flood data,synthetic vulnerability/depth-damage function,True
NZA-0053,0.753149,35.370674,informal_iron_sheet,14,8300,1160000.0,100,0.01,NZ-100-0053,high,1.86,1.06,11.51,1.35,0.6308,731778.59,23200.0,708578.59,synthetic spatial flood-hazard scenario; not observed flood data,synthetic vulnerability/depth-damage function,True
NZA-0054,0.770123,35.394553,permanent_masonry,94,58000,54520000.0,100,0.01,NZ-100-0054,high,1.674,0.87,10.63,0.9,0.4266,23258247.41,250000.0,23008247.41,synthetic spatial flood-hazard scenario; not observed flood data,synthetic vulnerability/depth-damage function,True
NZA-0055,0.536436,34.421914,informal_iron_sheet,22,6900,1520000.0,100,0.01,NZ-100-0055,high,2.373,1.069,14.11,1.35,0.7594,1154333.95,30400.0,1123933.95,synthetic spatial flood-hazard scenario; not observed flood data,synthetic vulnerability/depth-damage function,True
NZA-0056,0.62561,35.101229,semi_permanent,30,8200,2460000.0,100,0.01,NZ-100-0056,high,1.901,1.059,10.48,1.0,0.5285,1300077.32,49200.0,1250877.32,synthetic spatial flood-hazard scenario; not observed flood data,synthetic vulnerability/depth-damage function,True
NZA-0057,0.845981,34.268036,permanent_masonry,231,52400,121045000.0,100,0.01,NZ-100-0057,high,2.188,0.884,12.07,0.9,0.5562,67322889.68,250000.0,67072889.68,synthetic spatial flood-hazard scenario; not observed flood data,synthetic vulnerability/depth-damage function,True
NZA-0058,1.263461,35.065468,concrete_rcc,175,70700,123725000.0,100,0.01,NZ-100-0058,high,1.854,0.812,12.19,0.7,0.394,48747065.02,250000.0,48497065.02,synthetic spatial flood-hazard scenario; not observed flood data,synthetic vulnerability/depth-damage function,True
NZA-0059,-0.258789,34.342286,permanent_masonry,85,46000,39100000.0,100,0.01,NZ-100-0059,high,1.727,0.904,11.88,0.9,0.4461,17443312.44,250000.0,17193312.44,synthetic spatial flood-hazard scenario; not observed flood data,synthetic vulnerability/depth-damage function,True
NZA-0060,0.093027,35.024111,informal_iron_sheet,21,8600,1805000.0,100,0.01,NZ-100-0060,high,1.926,0.878,11.66,1.35,0.6395,1154300.21,36100.0,1118200.21,synthetic spatial flood-hazard scenario; not observed flood data,synthetic vulnerability/depth-damage function,True
NZA-0061,0.971682,33.832945,semi_permanent,56,10700,5990000.0,100,0.01,NZ-100-0061,high,1.554,0.865,12.03,1.0,0.4328,2592515.22,119800.0,2472715.22,synthetic spatial flood-hazard scenario; not observed flood data,synthetic vulnerability/depth-damage function,True
NZA-0062,0.625062,34.040311,semi_permanent,34,12500,4250000.0,100,0.01,NZ-100-0062,high,1.949,0.967,12.01,1.0,0.5418,2302501.39,85000.0,2217501.39,synthetic spatial flood-hazard scenario; not observed flood data,synthetic vulnerability/depth-damage function,True
NZA-0063,-0.02037,34.768432,concrete_rcc,397,65400,259640000.0,100,0.01,NZ-100-0063,high,1.937,0.928,10.81,0.7,0.4126,107125219.57,250000.0,106875219.57,synthetic spatial flood-hazard scenario; not observed flood data,synthetic vulnerability/depth-damage function,True
NZA-0064,0.076172,34.070264,permanent_masonry,66,36600,24155000.0,100,0.01,NZ-100-0064,high,1.993,1.067,13.14,0.9,0.5241,12660724.22,250000.0,12410724.22,synthetic spatial flood-hazard scenario; not observed flood data,synthetic vulnerability/depth-damage function,True
NZA-0065,0.828844,34.207395,concrete_rcc,251,79100,198540000.0,100,0.01,NZ-100-0065,high,2.055,1.068,12.34,0.7,0.4495,89246779.53,250000.0,88996779.53,synthetic spatial flood-hazard scenario; not observed flood data,synthetic vulnerability/depth-damage function,True
NZA-0066,0.363097,34.848581,permanent_masonry,158,57000,90060000.0,100,0.01,NZ-100-0066,high,2.074,0.92,14.52,0.9,0.5411,48728215.63,250000.0,48478215.63,synthetic spatial flood-hazard scenario; not observed flood data,synthetic vulnerability/depth-damage function,True
NZA-0067,0.939907,34.201686,permanent_masonry,75,38900,29175000.0,100,0.01,NZ-100-0067,high,1.971,0.788,11.58,0.9,0.4996,14575652.05,250000.0,14325652.05,synthetic spatial flood-hazard scenario; not observed flood data,synthetic vulnerability/depth-damage function,True
NZA-0068,1.227044,34.241811,permanent_masonry,61,52800,32210000.0,100,0.01,NZ-100-0068,high,1.665,0.876,9.69,0.9,0.4214,13574776.0,250000.0,13324776.0,synthetic spatial flood-hazard scenario; not observed flood data,synthetic vulnerability/depth-damage function,True
NZA-0069,0.317002,35.094154,concrete_rcc,241,58600,141225000.0,100,0.01,NZ-100-0069,high,2.078,0.936,11.7,0.7,0.4464,63042380.99,250000.0,62792380.99,synthetic spatial flood-hazard scenario; not observed flood data,synthetic vulnerability/depth-damage function,True
NZA-0070,1.025978,33.900142,informal_iron_sheet,13,6600,860000.0,100,0.01,NZ-100-0070,high,1.661,0.751,10.19,1.35,0.5542,476610.89,17200.0,459410.89,synthetic spatial flood-hazard scenario; not observed flood data,synthetic vulnerability/depth-damage function,True
NZA-0071,0.423824,33.766319,informal_iron_sheet,19,5700,1085000.0,100,0.01,NZ-100-0071,high,1.91,0.906,11.68,1.35,0.6368,690968.15,21700.0,669268.15,synthetic spatial flood-hazard scenario; not observed flood data,synthetic vulnerability/depth-damage function,True
NZA-0072,0.937466,35.111781,permanent_masonry,80,63100,50480000.0,100,0.01,NZ-100-0072,high,2.052,1.098,12.34,0.9,0.5367,27094895.31,250000.0,26844895.31,synthetic spatial flood-hazard scenario; not observed flood data,synthetic vulnerability/depth-damage function,True
NZA-0073,0.328458,35.232416,informal_iron_sheet,21,7000,1470000.0,100,0.01,NZ-100-0073,high,1.79,0.798,13.59,1.35,0.6066,891702.19,29400.0,862302.19,synthetic spatial flood-hazard scenario; not observed flood data,synthetic vulnerability/depth-damage function,True
NZA-0074,-0.090471,34.850549,informal_iron_sheet,17,8200,1395000.0,100,0.01,NZ-100-0074,high,1.939,1.093,11.91,1.35,0.6548,913487.46,27900.0,885587.46,synthetic spatial flood-hazard scenario; not observed flood data,synthetic vulnerability/depth-damage function,True
NZA-0075,0.198354,34.765535,informal_iron_sheet,10,8200,820000.0,100,0.01,NZ-100-0075,high,2.092,1.06,11.28,1.35,0.6882,564285.65,16400.0,547885.65,synthetic spatial flood-hazard scenario; not observed flood data,synthetic vulnerability/depth-damage function,True
NZA-0076,0.739884,35.214994,permanent_masonry,107,53800,57565000.0,100,0.01,NZ-100-0076,high,1.676,0.891,10.46,0.9,0.4275,24607855.46,250000.0,24357855.46,synthetic spatial flood-hazard scenario; not observed flood data,synthetic vulnerability/depth-damage function,True
NZA-0077,1.228589,34.60225,concrete_rcc,221,79500,175695000.0,100,0.01,NZ-100-0077,high,2.097,0.974,11.54,0.7,0.4517,79360247.26,250000.0,79110247.26,synthetic spatial flood-hazard scenario; not observed flood data,synthetic vulnerability/depth-damage function,True
NZA-0078,0.217614,33.894971,permanent_masonry,60,48100,28860000.0,100,0.01,NZ-100-0078,high,2.023,1.018,12.13,0.9,0.5253,15161152.95,250000.0,14911152.95,synthetic spatial flood-hazard scenario; not observed flood data,synthetic vulnerability/depth-damage function,True
NZA-0079,0.524414,34.338563,informal_iron_sheet,13,5900,765000.0,100,0.01,NZ-100-0079,high,2.13,1.041,13.88,1.35,0.706,540055.03,15300.0,524755.03,synthetic spatial flood-hazard scenario; not observed flood data,synthetic vulnerability/depth-damage function,True
NZA-0080,1.176979,34.44922,permanent_masonry,122,40000,48800000.0,100,0.01,NZ-100-0080,high,2.202,1.056,14.9,0.9,0.5785,28230375.39,250000.0,27980375.39,synthetic spatial flood-hazard scenario; not observed flood data,synthetic vulnerability/depth-damage function,True
NZA-0081,0.828157,35.14608,semi_permanent,72,13100,9430000.0,100,0.01,NZ-100-0081,high,1.804,0.897,12.06,1.0,0.5019,4733050.56,188600.0,4544450.56,synthetic spatial flood-hazard scenario; not observed flood data,synthetic vulnerability/depth-damage function,True
NZA-0082,0.12854,34.738688,semi_permanent,54,12000,6480000.0,100,0.01,NZ-100-0082,high,2.148,1.023,11.39,1.0,0.5899,3822355.87,129600.0,3692755.87,synthetic spatial flood-hazard scenario; not observed flood data,synthetic vulnerability/depth-damage function,True
NZA-0083,0.685219,33.810696,semi_permanent,32,10500,3360000.0,100,0.01,NZ-100-0083,high,1.524,0.714,10.15,1.0,0.4111,1381425.51,67200.0,1314225.51,synthetic spatial flood-hazard scenario; not observed flood data,synthetic vulnerability/depth-damage function,True
NZA-0084,0.333454,34.820253,semi_permanent,26,13800,3590000.0,100,0.01,NZ-100-0084,high,1.953,0.931,11.6,1.0,0.5394,1936449.92,71800.0,1864649.92,synthetic spatial flood-hazard scenario; not observed flood data,synthetic vulnerability/depth-damage function,True
NZA-0085,-0.170039,35.130264,concrete_rcc,516,50800,262130000.0,100,0.01,NZ-100-0085,high,1.882,0.896,9.28,0.7,0.3943,103354809.77,250000.0,103104809.77,synthetic spatial flood-hazard scenario; not observed flood data,synthetic vulnerability/depth-damage function,True
NZA-0086,0.410034,33.841346,informal_iron_sheet,17,5200,885000.0,100,0.01,NZ-100-0086,high,1.786,0.912,11.68,1.35,0.6039,534486.47,17700.0,516786.47,synthetic spatial flood-hazard scenario; not observed flood data,synthetic vulnerability/depth-damage function,True
NZA-0087,1.270221,35.260435,permanent_masonry,88,49100,43210000.0,100,0.01,NZ-100-0087,high,1.929,0.935,9.93,0.9,0.4908,21207205.52,250000.0,20957205.52,synthetic spatial flood-hazard scenario; not observed flood data,synthetic vulnerability/depth-damage function,True
NZA-0088,0.765436,33.808763,informal_iron_sheet,18,5400,970000.0,100,0.01,NZ-100-0088,high,1.783,1.043,9.99,1.35,0.6031,585039.22,19400.0,565639.22,synthetic spatial flood-hazard scenario; not observed flood data,synthetic vulnerability/depth-damage function,True
NZA-0089,0.701375,34.877199,informal_iron_sheet,11,7600,835000.0,100,0.01,NZ-100-0089,high,1.852,0.939,10.62,1.35,0.6191,516939.29,16700.0,500239.29,synthetic spatial flood-hazard scenario; not observed flood data,synthetic vulnerability/depth-damage function,True
NZA-0090,0.648595,34.32347,concrete_rcc,363,56200,204005000.0,100,0.01,NZ-100-0090,high,1.892,1.202,13.05,0.7,0.4218,86041223.17,250000.0,85791223.17,synthetic spatial flood-hazard scenario; not observed flood data,synthetic vulnerability/depth-damage function,True
NZA-0091,1.116301,34.555812,semi_permanent,23,11900,2735000.0,100,0.01,NZ-100-0091,high,2.114,1.157,12.81,1.0,0.594,1624563.82,54700.0,1569863.82,synthetic spatial flood-hazard scenario; not observed flood data,synthetic vulnerability/depth-damage function,True
NZA-0092,0.367428,33.998338,semi_permanent,58,8100,4700000.0,100,0.01,NZ-100-0092,high,1.542,0.78,11.6,1.0,0.4242,1993711.58,94000.0,1899711.58,synthetic spatial flood-hazard scenario; not observed flood data,synthetic vulnerability/depth-damage function,True
NZA-0093,-0.233324,33.994118,permanent_masonry,81,53900,43660000.0,100,0.01,NZ-100-0093,high,1.824,0.852,11.8,0.9,0.4679,20428920.36,250000.0,20178920.36,synthetic spatial flood-hazard scenario; not observed flood data,synthetic vulnerability/depth-damage function,True
NZA-0094,0.30929,34.182535,semi_permanent,41,8900,3650000.0,100,0.01,NZ-100-0094,high,2.039,0.894,11.53,1.0,0.5584,2038009.26,73000.0,1965009.26,synthetic spatial flood-hazard scenario; not observed flood data,synthetic vulnerability/depth-damage function,True
NZA-0095,-0.274253,35.056461,permanent_masonry,76,58000,44080000.0,100,0.01,NZ-100-0095,high,1.675,0.871,11.62,0.9,0.4303,18969250.37,250000.0,18719250.37,synthetic spatial flood-hazard scenario; not observed flood data,synthetic vulnerability/depth-damage function,True
NZA-0096,0.55448,35.121635,semi_permanent,31,12600,3905000.0,100,0.01,NZ-100-0096,high,1.86,1.009,10.95,1.0,0.5175,2020788.03,78100.0,1942688.03,synthetic spatial flood-hazard scenario; not observed flood data,synthetic vulnerability/depth-damage function,True
NZA-0097,1.13978,35.045193,semi_permanent,36,9800,3530000.0,100,0.01,NZ-100-0097,high,1.581,0.624,10.36,1.0,0.4235,1494809.07,70600.0,1424209.07,synthetic spatial flood-hazard scenario; not observed flood data,synthetic vulnerability/depth-damage function,True
NZA-0098,0.287208,34.272346,semi_permanent,34,9300,3160000.0,100,0.01,NZ-100-0098,high,2.11,0.969,11.56,1.0,0.5788,1829131.54,63200.0,1765931.54,synthetic spatial flood-hazard scenario; not observed flood data,synthetic vulnerability/depth-damage function,True
NZA-0099,0.466166,34.278975,semi_permanent,36,13600,4895000.0,100,0.01,NZ-100-0099,high,2.191,1.163,12.86,1.0,0.6122,2996946.54,97900.0,2899046.54,synthetic spatial flood-hazard scenario; not observed flood data,synthetic vulnerability/depth-damage function,True
NZA-0100,1.005207,34.458564,semi_permanent,20,10600,2120000.0,100,0.01,NZ-100-0100,high,2.187,0.964,13.01,1.0,0.6019,1276043.35,42400.0,1233643.35,synthetic spatial flood-hazard scenario; not observed flood data,synthetic vulnerability/depth-damage function,True
NZA-0101,0.937372,33.9658,permanent_masonry,47,50700,23830000.0,100,0.01,NZ-100-0101,high,1.786,0.919,10.89,0.9,0.4583,10920712.82,250000.0,10670712.82,synthetic spatial flood-hazard scenario; not observed flood data,synthetic vulnerability/depth-damage function,True
NZA-0102,0.108665,34.357779,informal_iron_sheet,13,7200,935000.0,100,0.01,NZ-100-0102,high,1.94,1.074,12.26,1.35,0.6555,612894.26,18700.0,594194.26,synthetic spatial flood-hazard scenario; not observed flood data,synthetic vulnerability/depth-damage function,True
NZA-0103,1.268372,34.631029,concrete_rcc,270,53000,143100000.0,100,0.01,NZ-100-0103,high,2.334,1.018,15.03,0.7,0.5151,73714402.26,250000.0,73464402.26,synthetic spatial flood-hazard scenario; not observed flood data,synthetic vulnerability/depth-damage function,True
NZA-0104,0.841549,34.199113,semi_permanent,34,10700,3640000.0,100,0.01,NZ-100-0104,high,1.82,0.974,12.37,1.0,0.5109,1859628.54,72800.0,1786828.54,synthetic spatial flood-hazard scenario; not observed flood data,synthetic vulnerability/depth-damage function,True
NZA-0105,-0.085248,33.982683,permanent_masonry,75,42600,31950000.0,100,0.01,NZ-100-0105,high,1.79,0.849,11.07,0.9,0.4566,14587433.63,250000.0,14337433.63,synthetic spatial flood-hazard scenario; not observed flood data,synthetic vulnerability/depth-damage function,True
NZA-0106,-0.032723,33.849705,informal_iron_sheet,27,9200,2485000.0,100,0.01,NZ-100-0106,high,2.187,0.985,12.51,1.35,0.7108,1766379.77,49700.0,1716679.77,synthetic spatial flood-hazard scenario; not observed flood data,synthetic vulnerability/depth-damage function,True
NZA-0107,0.025416,34.471492,informal_iron_sheet,13,6700,870000.0,100,0.01,NZ-100-0107,high,1.928,1.04,10.78,1.35,0.645,561172.58,17400.0,543772.58,synthetic spatial flood-hazard scenario; not observed flood data,synthetic vulnerability/depth-damage function,True
NZA-0108,1.232718,34.600323,semi_permanent,45,8600,3870000.0,100,0.01,NZ-100-0108,high,2.036,0.999,11.94,1.0,0.5645,2184660.54,77400.0,2107260.54,synthetic spatial flood-hazard scenario; not observed flood data,synthetic vulnerability/depth-damage function,True
NZA-0109,0.915031,34.220677,semi_permanent,23,13800,3175000.0,100,0.01,NZ-100-0109,high,1.899,0.9,10.46,1.0,0.5202,1651580.87,63500.0,1588080.87,synthetic spatial flood-hazard scenario; not observed flood data,synthetic vulnerability/depth-damage function,True
NZA-0110,1.251304,33.71429,informal_iron_sheet,15,5100,765000.0,100,0.01,NZ-100-0110,high,1.553,0.744,10.67,1.35,0.5233,400291.37,15300.0,384991.37,synthetic spatial flood-hazard scenario; not observed flood data,synthetic vulnerability/depth-damage function,True
NZA-0111,1.054713,34.501981,informal_iron_sheet,12,5400,650000.0,100,0.01,NZ-100-0111,high,1.654,0.81,10.41,1.35,0.5562,361532.84,13000.0,348532.84,synthetic spatial flood-hazard scenario; not observed flood data,synthetic vulnerability/depth-damage function,True
NZA-0112,0.534791,35.321616,informal_iron_sheet,13,9300,1210000.0,100,0.01,NZ-100-0112,high,1.866,1.035,10.52,1.35,0.6274,759193.86,24200.0,734993.86,synthetic spatial flood-hazard scenario; not observed flood data,synthetic vulnerability/depth-damage function,True
NZA-0113,1.073646,34.684736,permanent_masonry,218,51700,112705000.0,100,0.01,NZ-100-0113,high,2.061,0.928,12.21,0.9,0.53,59734987.21,250000.0,59484987.21,synthetic spatial flood-hazard scenario; not observed flood data,synthetic vulnerability/depth-damage function,True
NZA-0114,0.148965,34.514328,semi_permanent,30,12800,3840000.0,100,0.01,NZ-100-0114,high,2.03,1.032,11.3,1.0,0.562,2158107.01,76800.0,2081307.01,synthetic spatial flood-hazard scenario; not observed flood data,synthetic vulnerability/depth-damage function,True
NZA-0115,0.740535,34.471813,permanent_masonry,80,42900,34320000.0,100,0.01,NZ-100-0115,high,1.937,0.95,11.83,0.9,0.5003,17170047.36,250000.0,16920047.36,synthetic spatial flood-hazard scenario; not observed flood data,synthetic vulnerability/depth-damage function,True
NZA-0116,0.780175,34.262123,semi_permanent,37,15900,5885000.0,100,0.01,NZ-100-0116,high,1.803,0.902,10.54,1.0,0.4962,2920151.47,117700.0,2802451.47,synthetic spatial flood-hazard scenario; not observed flood data,synthetic vulnerability/depth-damage function,True
NZA-0117,0.95021,34.707419,concrete_rcc,860,51800,445480000.0,100,0.01,NZ-100-0117,high,1.846,1.031,10.89,0.7,0.3973,176973663.57,250000.0,176723663.57,synthetic spatial flood-hazard scenario; not observed flood data,synthetic vulnerability/depth-damage function,True
NZA-0118,1.064374,34.026167,semi_permanent,27,13600,3670000.0,100,0.01,NZ-100-0118,high,1.888,1.064,11.45,1.0,0.5292,1942104.06,73400.0,1868704.06,synthetic spatial flood-hazard scenario; not observed flood data,synthetic vulnerability/depth-damage function,True
NZA-0119,1.166562,35.217196,informal_iron_sheet,28,9800,2745000.0,100,0.01,NZ-100-0119,moderate,1.471,0.689,10.0,1.35,0.4926,1352295.95,54900.0,1297395.95,synthetic spatial flood-hazard scenario; not observed flood data,synthetic vulnerability/depth-damage function,True
NZA-0120,-0.116746,34.471442,concrete_rcc,214,52800,112990000.0,100,0.01,NZ-100-0120,high,2.204,0.994,13.02,0.7,0.4802,54254243.08,250000.0,54004243.08,synthetic spatial flood-hazard scenario; not observed flood data,synthetic vulnerability/depth-damage function,True
NZA-0121,-0.273176,34.832228,informal_iron_sheet,15,8900,1335000.0,100,0.01,NZ-100-0121,high,1.977,0.922,12.06,1.35,0.6564,876345.97,26700.0,849645.97,synthetic spatial flood-hazard scenario; not observed flood data,synthetic vulnerability/depth-damage function,True
NZA-0122,0.393685,33.808057,permanent_masonry,83,39400,32700000.0,100,0.01,NZ-100-0122,high,1.879,1.016,12.27,0.9,0.4908,16047755.87,250000.0,15797755.87,synthetic spatial flood-hazard scenario; not observed flood data,synthetic vulnerability/depth-damage function,True
NZA-0123,0.905739,34.322729,semi_permanent,46,14700,6760000.0,100,0.01,NZ-100-0123,high,1.955,0.925,11.24,1.0,0.5383,3638629.94,135200.0,3503429.94,synthetic spatial flood-hazard scenario; not observed flood data,synthetic vulnerability/depth-damage function,True
NZA-0124,0.280358,33.956709,semi_permanent,46,14900,6855000.0,100,0.01,NZ-100-0124,high,1.608,0.958,11.08,1.0,0.4487,3075809.29,137100.0,2938709.29,synthetic spatial flood-hazard scenario; not observed flood data,synthetic vulnerability/depth-damage function,True
NZA-0125,1.258103,34.015952,informal_iron_sheet,8,7900,630000.0,100,0.01,NZ-100-0125,high,1.868,1.007,10.09,1.35,0.6248,393617.1,12600.0,381017.1,synthetic spatial flood-hazard scenario; not observed flood data,synthetic vulnerability/depth-damage function,True
NZA-0126,1.233615,34.788823,permanent_masonry,184,58300,107270000.0,100,0.01,NZ-100-0126,high,1.85,0.847,11.89,0.9,0.4743,50878686.14,250000.0,50628686.14,synthetic spatial flood-hazard scenario; not observed flood data,synthetic vulnerability/depth-damage function,True
NZA-0127,0.657424,34.819639,permanent_masonry,92,64900,59710000.0,100,0.01,NZ-100-0127,high,2.096,1.041,12.4,0.9,0.5444,32503563.25,250000.0,32253563.25,synthetic spatial flood-hazard scenario; not observed flood data,synthetic vulnerability/depth-damage function,True
NZA-0128,1.090665,34.7761,permanent_masonry,138,55300,76315000.0,100,0.01,NZ-100-0128,high,1.852,1.027,12.63,0.9,0.4859,37084632.29,250000.0,36834632.29,synthetic spatial flood-hazard scenario; not observed flood data,synthetic vulnerability/depth-damage function,True
NZA-0129,0.845693,34.25638,informal_iron_sheet,9,9100,820000.0,100,0.01,NZ-100-0129,high,2.297,0.93,12.31,1.35,0.731,599414.87,16400.0,583014.87,synthetic spatial flood-hazard scenario; not observed flood data,synthetic vulnerability/depth-damage function,True
NZA-0130,0.184154,35.153252,permanent_masonry,45,43100,19395000.0,100,0.01,NZ-100-0130,high,2.172,0.958,12.98,0.9,0.5597,10855776.07,250000.0,10605776.07,synthetic spatial flood-hazard scenario; not observed flood data,synthetic vulnerability/depth-damage function,True
NZA-0131,0.978099,35.02468,concrete_rcc,260,53800,139880000.0,100,0.01,NZ-100-0131,high,2.085,0.846,11.59,0.7,0.4433,62006433.67,250000.0,61756433.67,synthetic spatial flood-hazard scenario; not observed flood data,synthetic vulnerability/depth-damage function,True
NZA-0132,0.858911,34.714492,informal_iron_sheet,8,6400,510000.0,100,0.01,NZ-100-0132,high,2.103,1.043,11.61,1.35,0.6913,352539.13,10200.0,342339.13,synthetic spatial flood-hazard scenario; not observed flood data,synthetic vulnerability/depth-damage function,True
NZA-0133,1.033917,34.337831,concrete_rcc,180,68300,122940000.0,100,0.01,NZ-100-0133,high,2.255,1.083,12.32,0.7,0.4924,60530154.31,250000.0,60280154.31,synthetic spatial flood-hazard scenario; not observed flood data,synthetic vulnerability/depth-damage function,True
NZA-0134,-0.164067,34.954761,informal_iron_sheet,12,8900,1070000.0,100,0.01,NZ-100-0134,high,1.742,0.932,10.56,1.35,0.5881,629316.41,21400.0,607916.41,synthetic spatial flood-hazard scenario; not observed flood data,synthetic vulnerability/depth-damage function,True
NZA-0135,0.153592,34.152529,semi_permanent,44,14800,6510000.0,100,0.01,NZ-100-0135,high,2.007,1.037,12.54,1.0,0.5616,3656237.42,130200.0,3526037.42,synthetic spatial flood-hazard scenario; not observed flood data,synthetic vulnerability/depth-damage function,True
NZA-0136,0.492036,34.098308,semi_permanent,39,13000,5070000.0,100,0.01,NZ-100-0136,high,1.999,0.887,12.42,1.0,0.5516,2796408.99,101400.0,2695008.99,synthetic spatial flood-hazard scenario; not observed flood data,synthetic vulnerability/depth-damage function,True
NZA-0137,0.917142,33.749836,permanent_masonry,105,62400,65520000.0,100,0.01,NZ-100-0137,high,1.714,0.865,10.68,0.9,0.4368,28616367.19,250000.0,28366367.19,synthetic spatial flood-hazard scenario; not observed flood data,synthetic vulnerability/depth-damage function,True
NZA-0138,1.224768,34.962286,permanent_masonry,102,55500,56610000.0,100,0.01,NZ-100-0138,high,1.995,0.998,11.66,0.9,0.5158,29200542.46,250000.0,28950542.46,synthetic spatial flood-hazard scenario; not observed flood data,synthetic vulnerability/depth-damage function,True
NZA-0139,-0.266738,33.973491,informal_iron_sheet,16,8200,1310000.0,100,0.01,NZ-100-0139,high,1.782,0.901,11.24,1.35,0.6006,786737.26,26200.0,760537.26,synthetic spatial flood-hazard scenario; not observed flood data,synthetic vulnerability/depth-damage function,True
NZA-0140,-0.016867,34.265159,informal_iron_sheet,9,9500,855000.0,100,0.01,NZ-100-0140,high,2.257,1.096,11.34,1.35,0.727,621626.31,17100.0,604526.31,synthetic spatial flood-hazard scenario; not observed flood data,synthetic vulnerability/depth-damage function,True
NZA-0141,0.486875,34.517157,informal_iron_sheet,20,5800,1160000.0,100,0.01,NZ-100-0141,high,2.134,1.107,12.22,1.35,0.7037,816343.14,23200.0,793143.14,synthetic spatial flood-hazard scenario; not observed flood data,synthetic vulnerability/depth-damage function,True
NZA-0142,0.284666,34.510305,informal_iron_sheet,21,9200,1930000.0,100,0.01,NZ-100-0142,high,2.069,1.111,12.71,1.35,0.6906,1332919.51,38600.0,1294319.51,synthetic spatial flood-hazard scenario; not observed flood data,synthetic vulnerability/depth-damage function,True
NZA-0143,0.174623,35.060375,informal_iron_sheet,23,6800,1565000.0,100,0.01,NZ-100-0143,high,2.171,1.009,11.87,1.35,0.7059,1104695.61,31300.0,1073395.61,synthetic spatial flood-hazard scenario; not observed flood data,synthetic vulnerability/depth-damage function,True
NZA-0144,0.425533,33.925462,semi_permanent,49,9700,4755000.0,100,0.01,NZ-100-0144,high,1.954,1.026,11.13,1.0,0.5426,2580148.21,95100.0,2485048.21,synthetic spatial flood-hazard scenario; not observed flood data,synthetic vulnerability/depth-damage function,True
NZA-0145,0.538147,34.75978,informal_iron_sheet,17,5000,850000.0,100,0.01,NZ-100-0145,high,2.2,1.119,15.57,1.35,0.7313,621599.51,17000.0,604599.51,synthetic spatial flood-hazard scenario; not observed flood data,synthetic vulnerability/depth-damage function,True
NZA-0146,0.985414,34.587465,semi_permanent,33,12100,3995000.0,100,0.01,NZ-100-0146,high,1.902,1.06,10.58,1.0,0.5294,2115020.94,79900.0,2035120.94,synthetic spatial flood-hazard scenario; not observed flood data,synthetic vulnerability/depth-damage function,True
NZA-0147,0.900762,34.081402,permanent_masonry,86,47100,40505000.0,100,0.01,NZ-100-0147,high,1.764,0.93,13.03,0.9,0.4606,18654696.37,250000.0,18404696.37,synthetic spatial flood-hazard scenario; not observed flood data,synthetic vulnerability/depth-damage function,True
NZA-0148,0.478766,34.228147,semi_permanent,40,8900,3560000.0,100,0.01,NZ-100-0148,high,1.821,0.889,11.55,1.0,0.5039,1794055.37,71200.0,1722855.37,synthetic spatial flood-hazard scenario; not observed flood data,synthetic vulnerability/depth-damage function,True
NZA-0149,0.209102,34.367164,semi_permanent,58,14000,8120000.0,100,0.01,NZ-100-0149,high,2.284,0.866,12.04,1.0,0.6146,4990759.53,162400.0,4828359.53,synthetic spatial flood-hazard scenario; not observed flood data,synthetic vulnerability/depth-damage function,True
NZA-0150,0.475855,33.904578,semi_permanent,27,11000,2970000.0,100,0.01,NZ-100-0150,high,1.905,0.948,9.95,1.0,0.5221,1550553.22,59400.0,1491153.22,synthetic spatial flood-hazard scenario; not observed flood data,synthetic vulnerability/depth-damage function,True
NZA-0151,0.811132,33.785321,permanent_masonry,93,61200,56915000.0,100,0.01,NZ-100-0151,high,1.556,0.963,11.02,0.9,0.401,22825033.49,250000.0,22575033.49,synthetic spatial flood-hazard scenario; not observed flood data,synthetic vulnerability/depth-damage function,True
NZA-0152,1.091808,33.963898,informal_iron_sheet,11,6200,680000.0,100,0.01,NZ-100-0152,high,1.761,0.805,9.44,1.35,0.5827,396247.21,13600.0,382647.21,synthetic spatial flood-hazard scenario; not observed flood data,synthetic vulnerability/depth-damage function,True
NZA-0153,0.22262,34.382704,informal_iron_sheet,24,7000,1680000.0,100,0.01,NZ-100-0153,high,2.27,1.041,13.91,1.35,0.7367,1237578.42,33600.0,1203978.42,synthetic spatial flood-hazard scenario; not observed flood data,synthetic vulnerability/depth-damage function,True
NZA-0154,0.108316,35.154712,informal_iron_sheet,10,8700,870000.0,100,0.01,NZ-100-0154,high,1.786,0.989,11.68,1.35,0.6079,528859.2,17400.0,511459.2,synthetic spatial flood-hazard scenario; not observed flood data,synthetic vulnerability/depth-damage function,True
NZA-0155,-0.146898,34.202851,semi_permanent,42,14600,6130000.0,100,0.01,NZ-100-0155,high,1.486,0.807,8.23,1.0,0.3984,2442428.43,122600.0,2319828.43,synthetic spatial flood-hazard scenario; not observed flood data,synthetic vulnerability/depth-damage function,True
NZA-0156,-0.178586,35.094475,permanent_masonry,108,58100,62750000.0,100,0.01,NZ-100-0156,high,2.028,0.983,10.87,0.9,0.52,32632186.21,250000.0,32382186.21,synthetic spatial flood-hazard scenario; not observed flood data,synthetic vulnerability/depth-damage function,True
NZA-0157,0.549955,35.195553,informal_iron_sheet,14,5200,730000.0,100,0.01,NZ-100-0157,high,1.893,1.006,11.26,1.35,0.636,464267.27,14600.0,449667.27,synthetic spatial flood-hazard scenario; not observed flood data,synthetic vulnerability/depth-damage function,True
NZA-0158,0.032916,34.083035,permanent_masonry,109,52900,57660000.0,100,0.01,NZ-100-0158,high,1.717,0.881,11.14,0.9,0.4399,25364567.1,250000.0,25114567.1,synthetic spatial flood-hazard scenario; not observed flood data,synthetic vulnerability/depth-damage function,True
NZA-0159,1.255492,35.098112,concrete_rcc,185,71300,131905000.0,100,0.01,NZ-100-0159,high,1.667,0.672,9.2,0.7,0.3376,44532899.38,250000.0,44282899.38,synthetic spatial flood-hazard scenario; not observed flood data,synthetic vulnerability/depth-damage function,True
NZA-0160,0.512475,34.494717,semi_permanent,40,9200,3680000.0,100,0.01,NZ-100-0160,high,2.205,1.141,15.46,1.0,0.6242,2297119.52,73600.0,2223519.52,synthetic spatial flood-hazard scenario; not observed flood data,synthetic vulnerability/depth-damage function,True
NZA-0161,0.887231,34.583379,permanent_masonry,123,37500,46125000.0,100,0.01,NZ-100-0161,high,2.103,1.183,14.05,0.9,0.5592,25793709.52,250000.0,25543709.52,synthetic spatial flood-hazard scenario; not observed flood data,synthetic vulnerability/depth-damage function,True
NZA-0162,1.042057,35.022524,semi_permanent,31,14500,4495000.0,100,0.01,NZ-100-0162,high,2.25,0.887,11.81,1.0,0.6075,2730698.72,89900.0,2640798.72,synthetic spatial flood-hazard scenario; not observed flood data,synthetic vulnerability/depth-damage function,True
NZA-0163,-0.135662,34.531432,semi_permanent,32,13100,4190000.0,100,0.01,NZ-100-0163,high,2.0,0.934,11.67,1.0,0.5514,2310522.49,83800.0,2226722.49,synthetic spatial flood-hazard scenario; not observed flood data,synthetic vulnerability/depth-damage function,True
NZA-0164,0.377008,34.788419,semi_permanent,30,12700,3810000.0,100,0.01,NZ-100-0164,high,2.055,1.03,11.87,1.0,0.5703,2172845.18,76200.0,2096645.18,synthetic spatial flood-hazard scenario; not observed flood data,synthetic vulnerability/depth-damage function,True
NZA-0165,1.295562,33.94838,informal_iron_sheet,8,8800,705000.0,100,0.01,NZ-100-0165,high,1.652,0.988,10.64,1.35,0.5653,398551.87,14100.0,384451.87,synthetic spatial flood-hazard scenario; not observed flood data,synthetic vulnerability/depth-damage function,True
NZA-0166,-0.004246,33.806293,permanent_masonry,81,59600,48275000.0,100,0.01,NZ-100-0166,high,1.771,0.948,10.49,0.9,0.4545,21941874.54,250000.0,21691874.54,synthetic spatial flood-hazard scenario; not observed flood data,synthetic vulnerability/depth-damage function,True
NZA-0167,-0.174577,35.134691,informal_iron_sheet,20,9300,1860000.0,100,0.01,NZ-100-0167,high,1.626,0.905,9.34,1.35,0.5486,1020420.49,37200.0,983220.49,synthetic spatial flood-hazard scenario; not observed flood data,synthetic vulnerability/depth-damage function,True
NZA-0168,0.084656,34.599648,informal_iron_sheet,13,5700,740000.0,100,0.01,NZ-100-0168,high,2.227,1.086,12.75,1.35,0.7254,536792.32,14800.0,521992.32,synthetic spatial flood-hazard scenario; not observed flood data,synthetic vulnerability/depth-damage function,True
NZA-0169,0.330014,33.785135,informal_iron_sheet,19,5700,1085000.0,100,0.01,NZ-100-0169,high,1.999,1.062,10.32,1.35,0.6623,718541.76,21700.0,696841.76,synthetic spatial flood-hazard scenario; not observed flood data,synthetic vulnerability/depth-damage function,True
NZA-0170,1.164046,34.99134,permanent_masonry,128,53500,68480000.0,100,0.01,NZ-100-0170,high,1.946,0.942,11.54,0.9,0.501,34307660.22,250000.0,34057660.22,synthetic spatial flood-hazard scenario; not observed flood data,synthetic vulnerability/depth-damage function,True
NZA-0171,1.193402,34.990573,semi_permanent,23,15100,3475000.0,100,0.01,NZ-100-0171,high,1.702,0.862,10.11,1.0,0.4663,1620264.52,69500.0,1550764.52,synthetic spatial flood-hazard scenario; not observed flood data,synthetic vulnerability/depth-damage function,True
NZA-0172,0.347723,34.131278,semi_permanent,44,12700,5590000.0,100,0.01,NZ-100-0172,high,1.925,1.113,12.13,1.0,0.5435,3037952.33,111800.0,2926152.33,synthetic spatial flood-hazard scenario; not observed flood data,synthetic vulnerability/depth-damage function,True
NZA-0173,0.629879,34.896,semi_permanent,50,14700,7350000.0,100,0.01,NZ-100-0173,high,1.927,0.894,12.39,1.0,0.5341,3925286.89,147000.0,3778286.89,synthetic spatial flood-hazard scenario; not observed flood data,synthetic vulnerability/depth-damage function,True
NZA-0174,0.330706,35.332061,semi_permanent,32,12100,3870000.0,100,0.01,NZ-100-0174,high,1.956,0.875,11.08,1.0,0.5356,2072638.8,77400.0,1995238.8,synthetic spatial flood-hazard scenario; not observed flood data,synthetic vulnerability/depth-damage function,True
NZA-0175,0.98325,34.695033,semi_permanent,43,14800,6365000.0,100,0.01,NZ-100-0175,high,1.799,0.963,10.98,1.0,0.4996,3180033.61,127300.0,3052733.61,synthetic spatial flood-hazard scenario; not observed flood data,synthetic vulnerability/depth-damage function,True
NZA-0176,0.574189,35.188998,informal_iron_sheet,20,9500,1900000.0,100,0.01,NZ-100-0176,high,2.111,0.949,12.21,1.35,0.6907,1312410.53,38000.0,1274410.53,synthetic spatial flood-hazard scenario; not observed flood data,synthetic vulnerability/depth-damage function,True
NZA-0177,0.506191,33.885311,semi_permanent,48,11900,5710000.0,100,0.01,NZ-100-0177,high,1.987,1.032,11.26,1.0,0.5516,3149680.05,114200.0,3035480.05,synthetic spatial flood-hazard scenario; not observed flood data,synthetic vulnerability/depth-damage function,True
NZA-0178,0.976733,33.853665,semi_permanent,31,8100,2510000.0,100,0.01,NZ-100-0178,high,1.956,0.902,12.25,1.0,0.5413,1358613.6,50200.0,1308413.6,synthetic spatial flood-hazard scenario; not observed flood data,synthetic vulnerability/depth-damage function,True
NZA-0179,0.613792,34.321792,permanent_masonry,101,64600,65245000.0,100,0.01,NZ-100-0179,high,1.965,1.06,11.78,0.9,0.5122,33419842.41,250000.0,33169842.41,synthetic spatial flood-hazard scenario; not observed flood data,synthetic vulnerability/depth-damage function,True
NZA-0180,0.718625,33.923511,permanent_masonry,55,48500,26675000.0,100,0.01,NZ-100-0180,high,1.786,0.745,10.96,0.9,0.4505,12015781.31,250000.0,11765781.31,synthetic spatial flood-hazard scenario; not observed flood data,synthetic vulnerability/depth-damage function,True
NZA-0181,0.153304,35.389068,informal_iron_sheet,11,5200,570000.0,100,0.01,NZ-100-0181,high,1.667,0.912,11.36,1.35,0.5687,324183.01,11400.0,312783.01,synthetic spatial flood-hazard scenario; not observed flood data,synthetic vulnerability/depth-damage function,True
NZA-0182,0.227874,33.987182,permanent_masonry,111,41200,45730000.0,100,0.01,NZ-100-0182,high,2.002,0.953,12.85,0.9,0.5197,23765838.81,250000.0,23515838.81,synthetic spatial flood-hazard scenario; not observed flood data,synthetic vulnerability/depth-damage function,True
NZA-0183,0.765659,34.543054,informal_iron_sheet,13,8900,1155000.0,100,0.01,NZ-100-0183,high,2.118,1.119,12.72,1.35,0.7027,811573.83,23100.0,788473.83,synthetic spatial flood-hazard scenario; not observed flood data,synthetic vulnerability/depth-damage function,True
NZA-0184,-0.160013,33.827759,semi_permanent,52,14400,7490000.0,100,0.01,NZ-100-0184,high,2.178,0.969,11.15,1.0,0.5931,4442178.15,149800.0,4292378.15,synthetic spatial flood-hazard scenario; not observed flood data,synthetic vulnerability/depth-damage function,True
NZA-0185,1.059973,33.772395,permanent_masonry,124,39300,48730000.0,100,0.01,NZ-100-0185,high,1.686,0.81,10.88,0.9,0.428,20855321.31,250000.0,20605321.31,synthetic spatial flood-hazard scenario; not observed flood data,synthetic vulnerability/depth-damage function,True
NZA-0186,0.682634,34.983255,informal_iron_sheet,11,5800,640000.0,100,0.01,NZ-100-0186,high,1.783,0.777,10.95,1.35,0.5934,379756.78,12800.0,366956.78,synthetic spatial flood-hazard scenario; not observed flood data,synthetic vulnerability/depth-damage function,True
NZA-0187,0.113213,34.833715,semi_permanent,26,12100,3145000.0,100,0.01,NZ-100-0187,high,1.79,1.042,11.02,1.0,0.5013,1576651.42,62900.0,1513751.42,synthetic spatial flood-hazard scenario; not observed flood data,synthetic vulnerability/depth-damage function,True
NZA-0188,0.978559,34.363694,informal_iron_sheet,14,8300,1160000.0,100,0.01,NZ-100-0188,high,2.033,0.972,13.17,1.35,0.677,785329.05,23200.0,762129.05,synthetic spatial flood-hazard scenario; not observed flood data,synthetic vulnerability/depth-damage function,True
NZA-0189,0.350124,35.109995,semi_permanent,29,9800,2840000.0,100,0.01,NZ-100-0189,high,1.827,1.132,11.35,1.0,0.5165,1466875.92,56800.0,1410075.92,synthetic spatial flood-hazard scenario; not observed flood data,synthetic vulnerability/depth-damage function,True
NZA-0190,0.066907,34.937693,permanent_masonry,185,49300,91205000.0,100,0.01,NZ-100-0190,high,1.458,0.797,10.29,0.9,0.3655,33339207.88,250000.0,33089207.88,synthetic spatial flood-hazard scenario; not observed flood data,synthetic vulnerability/depth-damage function,True
NZA-0191,0.900958,34.589677,permanent_masonry,110,36000,39600000.0,100,0.01,NZ-100-0191,high,1.711,0.994,11.84,0.9,0.446,17661795.63,250000.0,17411795.63,synthetic spatial flood-hazard scenario; not observed flood data,synthetic vulnerability/depth-damage function,True
NZA-0192,1.038165,35.008153,permanent_masonry,81,57300,46415000.0,100,0.01,NZ-100-0192,high,1.923,0.92,11.88,0.9,0.4956,23005285.69,250000.0,22755285.69,synthetic spatial flood-hazard scenario; not observed flood data,synthetic vulnerability/depth-damage function,True
NZA-0193,-0.070194,34.756022,concrete_rcc,443,75200,333135000.0,100,0.01,NZ-100-0193,high,1.797,1.044,11.48,0.7,0.3887,129482824.62,250000.0,129232824.62,synthetic spatial flood-hazard scenario; not observed flood data,synthetic vulnerability/depth-damage function,True
NZA-0194,-0.078109,33.841378,permanent_masonry,290,40000,116000000.0,100,0.01,NZ-100-0194,high,1.696,0.896,11.71,0.9,0.4371,50706815.11,250000.0,50456815.11,synthetic spatial flood-hazard scenario; not observed flood data,synthetic vulnerability/depth-damage function,True
NZA-0195,0.913456,34.12594,semi_permanent,65,9200,5980000.0,100,0.01,NZ-100-0195,high,1.824,1.024,10.69,1.0,0.5081,3038643.98,119600.0,2919043.98,synthetic spatial flood-hazard scenario; not observed flood data,synthetic vulnerability/depth-damage function,True
NZA-0196,1.210137,34.610609,informal_iron_sheet,16,7100,1135000.0,100,0.01,NZ-100-0196,high,1.723,0.773,11.3,1.35,0.5775,655485.05,22700.0,632785.05,synthetic spatial flood-hazard scenario; not observed flood data,synthetic vulnerability/depth-damage function,True
NZA-0197,0.961132,34.216405,semi_permanent,73,11100,8105000.0,100,0.01,NZ-100-0197,high,1.769,1.019,12.19,1.0,0.4989,4043321.8,162100.0,3881221.8,synthetic spatial flood-hazard scenario; not observed flood data,synthetic vulnerability/depth-damage function,True
NZA-0198,0.792632,34.650565,semi_permanent,39,9800,3820000.0,100,0.01,NZ-100-0198,high,1.842,0.914,11.22,1.0,0.5094,1945935.42,76400.0,1869535.42,synthetic spatial flood-hazard scenario; not observed flood data,synthetic vulnerability/depth-damage function,True
NZA-0199,-0.072626,34.828982,permanent_masonry,136,53500,72760000.0,100,0.01,NZ-100-0199,high,1.909,0.814,12.31,0.9,0.4886,35548302.03,250000.0,35298302.03,synthetic spatial flood-hazard scenario; not observed flood data,synthetic vulnerability/depth-damage function,True
NZA-0200,-0.00027,34.220095,informal_iron_sheet,10,9200,920000.0,100,0.01,NZ-100-0200,high,1.965,0.881,11.73,1.35,0.6501,598065.59,18400.0,579665.59,synthetic spatial flood-hazard scenario; not observed flood data,synthetic vulnerability/depth-damage function,True
NZA-0201,0.002237,34.709034,permanent_masonry,45,44800,20160000.0,100,0.01,NZ-100-0201,high,2.365,0.952,13.05,0.9,0.6016,12128726.64,250000.0,11878726.64,synthetic spatial flood-hazard scenario; not observed flood data,synthetic vulnerability/depth-damage function,True
NZA-0202,1.055605,34.184847,informal_iron_sheet,14,6300,880000.0,100,0.01,NZ-100-0202,high,2.19,1.085,12.03,1.35,0.7145,628803.57,17600.0,611203.57,synthetic spatial flood-hazard scenario; not observed flood data,synthetic vulnerability/depth-damage function,True
NZA-0203,1.28914,34.853038,permanent_masonry,126,52500,66150000.0,100,0.01,NZ-100-0203,high,1.779,0.698,9.33,0.9,0.4408,29155856.93,250000.0,28905856.93,synthetic spatial flood-hazard scenario; not observed flood data,synthetic vulnerability/depth-damage function,True
NZA-0204,-0.055852,33.719756,informal_iron_sheet,14,9200,1290000.0,100,0.01,NZ-100-0204,high,1.642,0.837,9.42,1.35,0.55,709499.88,25800.0,683699.88,synthetic spatial flood-hazard scenario; not observed flood data,synthetic vulnerability/depth-damage function,True
NZA-0205,0.376545,35.3465,informal_iron_sheet,13,6300,820000.0,100,0.01,NZ-100-0205,high,1.766,0.804,10.18,1.35,0.587,481370.68,16400.0,464970.68,synthetic spatial flood-hazard scenario; not observed flood data,synthetic vulnerability/depth-damage function,True
NZA-0206,1.127888,34.607065,informal_iron_sheet,28,8800,2465000.0,100,0.01,NZ-100-0206,high,1.979,0.887,13.62,1.35,0.6609,1629019.04,49300.0,1579719.04,synthetic spatial flood-hazard scenario; not observed flood data,synthetic vulnerability/depth-damage function,True
NZA-0207,1.245841,34.340392,permanent_masonry,73,58100,42415000.0,100,0.01,NZ-100-0207,high,1.953,0.915,11.98,0.9,0.5029,21332597.48,250000.0,21082597.48,synthetic spatial flood-hazard scenario; not observed flood data,synthetic vulnerability/depth-damage function,True
NZA-0208,0.460521,34.445185,semi_permanent,25,14000,3500000.0,100,0.01,NZ-100-0208,high,2.144,1.01,12.6,1.0,0.5929,2075246.16,70000.0,2005246.16,synthetic spatial flood-hazard scenario; not observed flood data,synthetic vulnerability/depth-damage function,True
NZA-0209,-0.281133,33.981186,permanent_masonry,79,54100,42740000.0,100,0.01,NZ-100-0209,high,1.823,0.934,10.08,0.9,0.4653,19887506.81,250000.0,19637506.81,synthetic spatial flood-hazard scenario; not observed flood data,synthetic vulnerability/depth-damage function,True
NZA-0210,0.816474,35.262409,semi_permanent,53,14900,7895000.0,100,0.01,NZ-100-0210,high,1.727,0.965,10.07,1.0,0.4776,3770979.29,157900.0,3613079.29,synthetic spatial flood-hazard scenario; not observed flood data,synthetic vulnerability/depth-damage function,True
NZA-0211,0.961856,34.521307,semi_permanent,31,11300,3505000.0,100,0.01,NZ-100-0211,high,2.412,1.117,13.25,1.0,0.6593,2310700.26,70100.0,2240600.26,synthetic spatial flood-hazard scenario; not observed flood data,synthetic vulnerability/depth-damage function,True
NZA-0212,-0.065838,34.54263,concrete_rcc,404,70400,284415000.0,100,0.01,NZ-100-0212,high,1.853,0.85,12.02,0.7,0.3947,112266199.39,250000.0,112016199.39,synthetic spatial flood-hazard scenario; not observed flood data,synthetic vulnerability/depth-damage function,True
NZA-0213,0.91605,33.907819,permanent_masonry,176,64000,112640000.0,100,0.01,NZ-100-0213,high,1.717,0.906,11.52,0.9,0.4423,49816350.55,250000.0,49566350.55,synthetic spatial flood-hazard scenario; not observed flood data,synthetic vulnerability/depth-damage function,True
NZA-0214,0.07754,34.549123,informal_iron_sheet,11,7800,860000.0,100,0.01,NZ-100-0214,high,2.213,1.039,13.68,1.35,0.7235,622209.17,17200.0,605009.17,synthetic spatial flood-hazard scenario; not observed flood data,synthetic vulnerability/depth-damage function,True
NZA-0215,-0.202341,34.161636,informal_iron_sheet,10,9400,940000.0,100,0.01,NZ-100-0215,high,1.973,1.048,10.76,1.35,0.6566,617208.63,18800.0,598408.63,synthetic spatial flood-hazard scenario; not observed flood data,synthetic vulnerability/depth-damage function,True
NZA-0216,0.833242,34.463678,informal_iron_sheet,14,7500,1050000.0,100,0.01,NZ-100-0216,high,1.963,1.042,13.86,1.35,0.6658,699136.4,21000.0,678136.4,synthetic spatial flood-hazard scenario; not observed flood data,synthetic vulnerability/depth-damage function,True
NZA-0217,-0.098812,34.8947,informal_iron_sheet,21,9200,1930000.0,100,0.01,NZ-100-0217,high,1.945,0.872,11.87,1.35,0.645,1244760.74,38600.0,1206160.74,synthetic spatial flood-hazard scenario; not observed flood data,synthetic vulnerability/depth-damage function,True
NZA-0218,0.507474,34.920729,semi_permanent,54,9200,4970000.0,100,0.01,NZ-100-0218,high,2.085,1.057,12.75,1.0,0.582,2892779.81,99400.0,2793379.81,synthetic spatial flood-hazard scenario; not observed flood data,synthetic vulnerability/depth-damage function,True
NZA-0219,1.054706,34.124126,semi_permanent,43,12300,5290000.0,100,0.01,NZ-100-0219,high,1.798,0.938,11.74,1.0,0.501,2650143.74,105800.0,2544343.74,synthetic spatial flood-hazard scenario; not observed flood data,synthetic vulnerability/depth-damage function,True
NZA-0220,0.729331,34.535484,semi_permanent,50,15600,7800000.0,100,0.01,NZ-100-0220,high,2.537,1.21,13.07,1.0,0.688,5366147.88,156000.0,5210147.88,synthetic spatial flood-hazard scenario; not observed flood data,synthetic vulnerability/depth-damage function,True
NZA-0221,0.139703,35.199674,semi_permanent,49,14300,7005000.0,100,0.01,NZ-100-0221,high,1.838,0.878,11.14,1.0,0.5062,3545917.8,140100.0,3405817.8,synthetic spatial flood-hazard scenario; not observed flood data,synthetic vulnerability/depth-damage function,True
NZA-0222,0.963084,34.705498,semi_permanent,36,15400,5545000.0,100,0.01,NZ-100-0222,high,2.087,0.843,12.35,1.0,0.5701,3161125.91,110900.0,3050225.91,synthetic spatial flood-hazard scenario; not observed flood data,synthetic vulnerability/depth-damage function,True
NZA-0223,0.285659,34.150175,semi_permanent,30,11200,3360000.0,100,0.01,NZ-100-0223,high,2.26,1.007,10.93,1.0,0.6122,2057104.23,67200.0,1989904.23,synthetic spatial flood-hazard scenario; not observed flood data,synthetic vulnerability/depth-damage function,True
NZA-0224,0.166684,33.973535,permanent_masonry,100,49700,49700000.0,100,0.01,NZ-100-0224,high,1.816,0.87,10.85,0.9,0.4632,23021087.11,250000.0,22771087.11,synthetic spatial flood-hazard scenario; not observed flood data,synthetic vulnerability/depth-damage function,True
NZA-0225,0.981894,33.990876,informal_iron_sheet,15,8200,1230000.0,100,0.01,NZ-100-0225,high,1.618,0.823,11.1,1.35,0.5486,674773.05,24600.0,650173.05,synthetic spatial flood-hazard scenario; not observed flood data,synthetic vulnerability/depth-damage function,True
NZA-0226,0.129184,34.293588,informal_iron_sheet,23,6600,1520000.0,100,0.01,NZ-100-0226,high,2.056,1.032,12.47,1.35,0.6829,1037944.39,30400.0,1007544.39,synthetic spatial flood-hazard scenario; not observed flood data,synthetic vulnerability/depth-damage function,True
NZA-0227,0.173777,33.973324,informal_iron_sheet,21,9000,1890000.0,100,0.01,NZ-100-0227,high,1.536,0.689,11.32,1.35,0.5178,978568.99,37800.0,940768.99,synthetic spatial flood-hazard scenario; not observed flood data,synthetic vulnerability/depth-damage function,True
NZA-0228,0.337195,35.035908,informal_iron_sheet,19,7800,1480000.0,100,0.01,NZ-100-0228,high,1.901,0.882,11.83,1.35,0.6339,938168.15,29600.0,908568.15,synthetic spatial flood-hazard scenario; not observed flood data,synthetic vulnerability/depth-damage function,True
NZA-0229,-0.248699,35.31671,semi_permanent,27,12600,3400000.0,100,0.01,NZ-100-0229,high,1.658,0.742,10.78,1.0,0.4513,1534549.15,68000.0,1466549.15,synthetic spatial flood-hazard scenario; not observed flood data,synthetic vulnerability/depth-damage function,True
NZA-0230,0.728115,35.387876,semi_permanent,38,12000,4560000.0,100,0.01,NZ-100-0230,high,1.815,0.936,11.22,1.0,0.5035,2296102.41,91200.0,2204902.41,synthetic spatial flood-hazard scenario; not observed flood data,synthetic vulnerability/depth-damage function,True
NZA-0231,-0.080244,34.892939,semi_permanent,43,9100,3915000.0,100,0.01,NZ-100-0231,high,2.134,1.013,12.39,1.0,0.5899,2309612.39,78300.0,2231312.39,synthetic spatial flood-hazard scenario; not observed flood data,synthetic vulnerability/depth-damage function,True
NZA-0232,0.247534,34.558433,informal_iron_sheet,11,8200,900000.0,100,0.01,NZ-100-0232,high,2.127,0.928,12.56,1.35,0.6945,625055.95,18000.0,607055.95,synthetic spatial flood-hazard scenario; not observed flood data,synthetic vulnerability/depth-damage function,True
NZA-0233,0.922151,35.061651,concrete_rcc,363,76200,276605000.0,100,0.01,NZ-100-0233,high,2.057,0.848,11.66,0.7,0.4377,121064177.27,250000.0,120814177.27,synthetic spatial flood-hazard scenario; not observed flood data,synthetic vulnerability/depth-damage function,True
NZA-0234,-0.102681,34.4462,informal_iron_sheet,15,6200,930000.0,100,0.01,NZ-100-0234,high,2.03,1.112,13.49,1.35,0.6843,636393.43,18600.0,617793.43,synthetic spatial flood-hazard scenario; not observed flood data,synthetic vulnerability/depth-damage function,True
NZA-0235,0.277237,33.7611,concrete_rcc,540,66800,360720000.0,100,0.01,NZ-100-0235,high,1.832,0.882,12.86,0.7,0.3941,142152145.92,250000.0,141902145.92,synthetic spatial flood-hazard scenario; not observed flood data,synthetic vulnerability/depth-damage function,True
NZA-0236,1.051056,35.348716,concrete_rcc,377,59100,222805000.0,100,0.01,NZ-100-0236,high,1.46,0.759,10.0,0.7,0.2964,66041074.19,250000.0,65791074.19,synthetic spatial flood-hazard scenario; not observed flood data,synthetic vulnerability/depth-damage function,True
NZA-0237,0.664035,33.87008,semi_permanent,40,8700,3480000.0,100,0.01,NZ-100-0237,high,1.859,1.022,11.86,1.0,0.5212,1813913.11,69600.0,1744313.11,synthetic spatial flood-hazard scenario; not observed flood data,synthetic vulnerability/depth-damage function,True
NZA-0238,-0.203953,33.787429,informal_iron_sheet,14,9400,1315000.0,100,0.01,NZ-100-0238,high,1.781,0.961,9.76,1.35,0.5977,785985.55,26300.0,759685.55,synthetic spatial flood-hazard scenario; not observed flood data,synthetic vulnerability/depth-damage function,True
NZA-0239,0.094046,34.98894,informal_iron_sheet,12,8100,970000.0,100,0.01,NZ-100-0239,high,1.943,1.046,11.9,1.35,0.6535,633879.68,19400.0,614479.68,synthetic spatial flood-hazard scenario; not observed flood data,synthetic vulnerability/depth-damage function,True
NZA-0240,0.839308,34.623191,informal_iron_sheet,10,5400,540000.0,100,0.01,NZ-100-0240,high,1.921,1.0,11.71,1.35,0.6448,348216.24,10800.0,337416.24,synthetic spatial flood-hazard scenario; not observed flood data,synthetic vulnerability/depth-damage function,True
NZA-0241,0.903049,34.77593,informal_iron_sheet,10,7600,760000.0,100,0.01,NZ-100-0241,high,1.721,0.802,11.29,1.35,0.5785,439674.72,15200.0,424474.72,synthetic spatial flood-hazard scenario; not observed flood data,synthetic vulnerability/depth-damage function,True
NZA-0242,-0.27746,34.786991,informal_iron_sheet,12,9300,1115000.0,100,0.01,NZ-100-0242,high,1.455,0.815,8.49,1.35,0.4881,544248.65,22300.0,521948.65,synthetic spatial flood-hazard scenario; not observed flood data,synthetic vulnerability/depth-damage function,True
NZA-0243,0.311782,34.453673,informal_iron_sheet,22,7900,1740000.0,100,0.01,NZ-100-0243,high,2.234,1.127,12.38,1.35,0.7274,1265747.77,34800.0,1230947.77,synthetic spatial flood-hazard scenario; not observed flood data,synthetic vulnerability/depth-damage function,True
NZA-0244,0.405315,33.820881,informal_iron_sheet,20,9100,1820000.0,100,0.01,NZ-100-0244,high,2.106,1.021,12.51,1.35,0.6943,1263611.21,36400.0,1227211.21,synthetic spatial flood-hazard scenario; not observed flood data,synthetic vulnerability/depth-damage function,True
NZA-0245,0.470147,34.610429,informal_iron_sheet,8,6300,505000.0,100,0.01,NZ-100-0245,high,1.99,0.964,12.59,1.35,0.6638,335229.27,10100.0,325129.27,synthetic spatial flood-hazard scenario; not observed flood data,synthetic vulnerability/depth-damage function,True
NZA-0246,0.786112,35.372968,semi_permanent,31,14800,4590000.0,100,0.01,NZ-100-0246,high,1.557,0.696,9.11,1.0,0.4161,1909909.69,91800.0,1818109.69,synthetic spatial flood-hazard scenario; not observed flood data,synthetic vulnerability/depth-damage function,True
NZA-0247,1.02771,34.603808,permanent_masonry,89,42900,38180000.0,100,0.01,NZ-100-0247,high,2.383,1.039,12.85,0.9,0.6089,23246465.11,250000.0,22996465.11,synthetic spatial flood-hazard scenario; not observed flood data,synthetic vulnerability/depth-damage function,True
NZA-0248,1.278619,35.180017,semi_permanent,38,15300,5815000.0,100,0.01,NZ-100-0248,high,1.736,0.847,10.25,1.0,0.4751,2762542.4,116300.0,2646242.4,synthetic spatial flood-hazard scenario; not observed flood data,synthetic vulnerability/depth-damage function,True
NZA-0249,0.784923,35.201385,semi_permanent,34,9100,3095000.0,100,0.01,NZ-100-0249,high,1.636,0.877,10.57,1.0,0.451,1395754.53,61900.0,1333854.53,synthetic spatial flood-hazard scenario; not observed flood data,synthetic vulnerability/depth-damage function,True
NZA-0250,0.30244,34.881249,semi_permanent,37,8300,3070000.0,100,0.01,NZ-100-0250,high,1.905,0.729,12.37,1.0,0.5203,1597443.06,61400.0,1536043.06,synthetic spatial flood-hazard scenario; not observed flood data,synthetic vulnerability/depth-damage function,True
NZA-0251,1.03318,34.046947,informal_iron_sheet,11,5400,595000.0,100,0.01,NZ-100-0251,high,2.239,1.129,12.67,1.35,0.7298,434215.03,11900.0,422315.03,synthetic spatial flood-hazard scenario; not observed flood data,synthetic vulnerability/depth-damage function,True
NZA-0252,1.194176,35.293823,informal_iron_sheet,11,8700,955000.0,100,0.01,NZ-100-0252,high,1.719,0.852,12.28,1.35,0.5844,558132.19,19100.0,539032.19,synthetic spatial flood-hazard scenario; not observed flood data,synthetic vulnerability/depth-damage function,True
NZA-0253,0.529755,35.078419,permanent_masonry,178,41500,73870000.0,100,0.01,NZ-100-0253,high,1.93,1.052,11.42,0.9,0.5019,37078258.75,250000.0,36828258.75,synthetic spatial flood-hazard scenario; not observed flood data,synthetic vulnerability/depth-damage function,True
NZA-0254,0.343724,35.047128,concrete_rcc,697,61100,425865000.0,100,0.01,NZ-100-0254,high,2.064,1.071,12.66,0.7,0.4528,192810840.4,250000.0,192560840.4,synthetic spatial flood-hazard scenario; not observed flood data,synthetic vulnerability/depth-damage function,True
NZA-0255,0.70253,33.825102,informal_iron_sheet,8,7400,590000.0,100,0.01,NZ-100-0255,high,1.818,0.823,11.96,1.35,0.6093,359476.76,11800.0,347676.76,synthetic spatial flood-hazard scenario; not observed flood data,synthetic vulnerability/depth-damage function,True
NZA-0256,-0.006645,35.185234,semi_permanent,37,14200,5255000.0,100,0.01,NZ-100-0256,high,1.855,0.725,10.76,1.0,0.5015,2635517.99,105100.0,2530417.99,synthetic spatial flood-hazard scenario; not observed flood data,synthetic vulnerability/depth-damage function,True
NZA-0257,0.631845,34.774512,informal_iron_sheet,12,5400,650000.0,100,0.01,NZ-100-0257,high,1.899,1.06,11.57,1.35,0.6414,416936.31,13000.0,403936.31,synthetic spatial flood-hazard scenario; not observed flood data,synthetic vulnerability/depth-damage function,True
NZA-0258,0.574405,34.730911,semi_permanent,45,9500,4275000.0,100,0.01,NZ-100-0258,high,2.198,0.998,12.65,1.0,0.6047,2584901.79,85500.0,2499401.79,synthetic spatial flood-hazard scenario; not observed flood data,synthetic vulnerability/depth-damage function,True
NZA-0259,0.980305,33.863152,informal_iron_sheet,14,8300,1160000.0,100,0.01,NZ-100-0259,high,1.817,0.928,10.24,1.35,0.6076,704868.36,23200.0,681668.36,synthetic spatial flood-hazard scenario; not observed flood data,synthetic vulnerability/depth-damage function,True
NZA-0260,-0.141532,35.034344,permanent_masonry,103,44900,46245000.0,100,0.01,NZ-100-0260,high,1.864,0.922,9.36,0.9,0.4722,21834950.15,250000.0,21584950.15,synthetic spatial flood-hazard scenario; not observed flood data,synthetic vulnerability/depth-damage function,True
NZA-0261,-0.204841,34.978545,informal_iron_sheet,17,6300,1070000.0,100,0.01,NZ-100-0261,high,1.813,1.074,12.27,1.35,0.6218,665361.83,21400.0,643961.83,synthetic spatial flood-hazard scenario; not observed flood data,synthetic vulnerability/depth-damage function,True
NZA-0262,0.336428,34.151892,semi_permanent,36,15500,5580000.0,100,0.01,NZ-100-0262,high,2.4,1.203,12.63,1.0,0.6587,3675375.06,111600.0,3563775.06,synthetic spatial flood-hazard scenario; not observed flood data,synthetic vulnerability/depth-damage function,True
NZA-0263,0.441061,33.936723,permanent_masonry,127,49700,63120000.0,100,0.01,NZ-100-0263,high,1.916,0.974,12.21,0.9,0.4977,31415780.07,250000.0,31165780.07,synthetic spatial flood-hazard scenario; not observed flood data,synthetic vulnerability/depth-damage function,True
NZA-0264,0.582415,34.863063,semi_permanent,69,11000,7590000.0,100,0.01,NZ-100-0264,high,2.175,0.946,14.19,1.0,0.6027,4574136.34,151800.0,4422336.34,synthetic spatial flood-hazard scenario; not observed flood data,synthetic vulnerability/depth-damage function,True
NZA-0265,1.103404,34.031378,permanent_masonry,141,61800,87140000.0,100,0.01,NZ-100-0265,high,1.869,0.936,12.26,0.9,0.4846,42229750.01,250000.0,41979750.01,synthetic spatial flood-hazard scenario; not observed flood data,synthetic vulnerability/depth-damage function,True
NZA-0266,-0.289731,34.413022,permanent_masonry,121,54300,65705000.0,100,0.01,NZ-100-0266,high,1.896,0.923,11.21,0.9,0.4868,31983870.56,250000.0,31733870.56,synthetic spatial flood-hazard scenario; not observed flood data,synthetic vulnerability/depth-damage function,True
NZA-0267,1.20618,34.952274,semi_permanent,34,15500,5270000.0,100,0.01,NZ-100-0267,high,1.735,0.816,11.46,1.0,0.4777,2517268.39,105400.0,2411868.39,synthetic spatial flood-hazard scenario; not observed flood data,synthetic vulnerability/depth-damage function,True
NZA-0268,1.080481,34.541392,permanent_masonry,149,48800,72710000.0,100,0.01,NZ-100-0268,high,2.019,1.137,11.3,0.9,0.527,38319768.36,250000.0,38069768.36,synthetic spatial flood-hazard scenario; not observed flood data,synthetic vulnerability/depth-damage function,True
NZA-0269,1.265353,35.013313,semi_permanent,52,15800,8215000.0,100,0.01,NZ-100-0269,high,1.579,0.768,9.38,1.0,0.4261,3500469.39,164300.0,3336169.39,synthetic spatial flood-hazard scenario; not observed flood data,synthetic vulnerability/depth-damage function,True
NZA-0270,0.162901,33.9899,concrete_rcc,372,55000,204600000.0,100,0.01,NZ-100-0270,high,2.573,1.095,12.58,0.7,0.5569,113945456.67,250000.0,113695456.67,synthetic spatial flood-hazard scenario; not observed flood data,synthetic vulnerability/depth-damage function,True
NZA-0271,0.91255,35.150675,informal_iron_sheet,11,6300,695000.0,100,0.01,NZ-100-0271,high,1.869,1.055,11.93,1.35,0.6348,441191.02,13900.0,427291.02,synthetic spatial flood-hazard scenario; not observed flood data,synthetic vulnerability/depth-damage function,True
NZA-0272,0.846355,34.649884,informal_iron_sheet,15,7500,1125000.0,100,0.01,NZ-100-0272,high,2.451,1.14,13.55,1.35,0.7755,872460.86,22500.0,849960.86,synthetic spatial flood-hazard scenario; not observed flood data,synthetic vulnerability/depth-damage function,True
NZA-0273,0.661502,34.61257,informal_iron_sheet,13,9800,1275000.0,100,0.01,NZ-100-0273,high,2.282,1.154,15.37,1.35,0.7496,955688.51,25500.0,930188.51,synthetic spatial flood-hazard scenario; not observed flood data,synthetic vulnerability/depth-damage function,True
NZA-0274,0.054072,33.889111,permanent_masonry,99,63600,62965000.0,100,0.01,NZ-100-0274,high,2.152,0.886,12.03,0.9,0.548,34502253.1,250000.0,34252253.1,synthetic spatial flood-hazard scenario; not observed flood data,synthetic vulnerability/depth-damage function,True
NZA-0275,0.627349,34.64853,informal_iron_sheet,28,5900,1650000.0,100,0.01,NZ-100-0275,high,1.864,0.816,10.36,1.35,0.6151,1014861.93,33000.0,981861.93,synthetic spatial flood-hazard scenario; not observed flood data,synthetic vulnerability/depth-damage function,True
NZA-0276,0.777207,34.376214,permanent_masonry,125,44600,55750000.0,100,0.01,NZ-100-0276,high,1.887,0.926,12.32,0.9,0.4886,27241577.77,250000.0,26991577.77,synthetic spatial flood-hazard scenario; not observed flood data,synthetic vulnerability/depth-damage function,True
NZA-0277,1.02503,35.248999,informal_iron_sheet,14,9500,1330000.0,100,0.01,NZ-100-0277,high,1.789,0.898,10.12,1.35,0.598,795291.33,26600.0,768691.33,synthetic spatial flood-hazard scenario; not observed flood data,synthetic vulnerability/depth-damage function,True
NZA-0278,0.628028,33.945231,permanent_masonry,85,58800,49980000.0,100,0.01,NZ-100-0278,high,1.987,1.037,11.56,0.9,0.5154,25759436.98,250000.0,25509436.98,synthetic spatial flood-hazard scenario; not observed flood data,synthetic vulnerability/depth-damage function,True
NZA-0279,0.517021,34.628905,semi_permanent,34,9400,3195000.0,100,0.01,NZ-100-0279,high,2.254,1.119,15.37,1.0,0.6336,2024470.53,63900.0,1960570.53,synthetic spatial flood-hazard scenario; not observed flood data,synthetic vulnerability/depth-damage function,True
NZA-0280,1.185841,34.483516,semi_permanent,41,10500,4305000.0,100,0.01,NZ-100-0280,high,2.189,1.232,12.78,1.0,0.6148,2646599.65,86100.0,2560499.65,synthetic spatial flood-hazard scenario; not observed flood data,synthetic vulnerability/depth-damage function,True
NZA-0281,0.439745,35.312734,concrete_rcc,706,66200,467370000.0,100,0.01,NZ-100-0281,high,1.824,0.926,10.53,0.7,0.3868,180794996.09,250000.0,180544996.09,synthetic spatial flood-hazard scenario; not observed flood data,synthetic vulnerability/depth-damage function,True
NZA-0282,0.791292,35.169288,semi_permanent,51,9300,4745000.0,100,0.01,NZ-100-0282,high,1.913,0.999,11.34,1.0,0.5319,2523789.0,94900.0,2428889.0,synthetic spatial flood-hazard scenario; not observed flood data,synthetic vulnerability/depth-damage function,True
NZA-0283,0.923322,34.530605,semi_permanent,27,13400,3620000.0,100,0.01,NZ-100-0283,high,2.004,1.074,13.41,1.0,0.5659,2048565.42,72400.0,1976165.42,synthetic spatial flood-hazard scenario; not observed flood data,synthetic vulnerability/depth-damage function,True
NZA-0284,0.769539,35.168805,informal_iron_sheet,12,8400,1010000.0,100,0.01,NZ-100-0284,high,1.827,0.862,11.07,1.35,0.6104,616470.88,20200.0,596270.88,synthetic spatial flood-hazard scenario; not observed flood data,synthetic vulnerability/depth-damage function,True
NZA-0285,0.574865,34.657637,permanent_masonry,103,35400,36460000.0,100,0.01,NZ-100-0285,high,1.981,1.175,11.06,0.9,0.5189,18917684.23,250000.0,18667684.23,synthetic spatial flood-hazard scenario; not observed flood data,synthetic vulnerability/depth-damage function,True
NZA-0286,0.178493,33.901017,permanent_masonry,59,54900,32390000.0,100,0.01,NZ-100-0286,high,1.675,0.782,11.02,0.9,0.4244,13745592.73,250000.0,13495592.73,synthetic spatial flood-hazard scenario; not observed flood data,synthetic vulnerability/depth-damage function,True
NZA-0287,-0.032237,33.866162,semi_permanent,39,12600,4915000.0,100,0.01,NZ-100-0287,high,1.685,0.84,9.92,1.0,0.46,2260890.05,98300.0,2162590.05,synthetic spatial flood-hazard scenario; not observed flood data,synthetic vulnerability/depth-damage function,True
NZA-0288,1.019005,34.386734,permanent_masonry,166,51200,84990000.0,100,0.01,NZ-100-0288,high,2.017,1.139,11.41,0.9,0.527,44785964.64,250000.0,44535964.64,synthetic spatial flood-hazard scenario; not observed flood data,synthetic vulnerability/depth-damage function,True
NZA-0289,0.87648,35.270379,semi_permanent,45,11400,5130000.0,100,0.01,NZ-100-0289,high,1.718,0.931,11.74,1.0,0.4796,2460428.45,102600.0,2357828.45,synthetic spatial flood-hazard scenario; not observed flood data,synthetic vulnerability/depth-damage function,True
NZA-0290,0.727901,34.986233,informal_iron_sheet,14,6400,895000.0,100,0.01,NZ-100-0290,high,1.94,1.04,11.29,1.35,0.65,581758.82,17900.0,563858.82,synthetic spatial flood-hazard scenario; not observed flood data,synthetic vulnerability/depth-damage function,True
NZA-0291,1.182063,35.231795,concrete_rcc,329,67200,221090000.0,100,0.01,NZ-100-0291,high,1.789,0.971,10.82,0.7,0.3818,84404400.16,250000.0,84154400.16,synthetic spatial flood-hazard scenario; not observed flood data,synthetic vulnerability/depth-damage function,True
NZA-0292,0.95596,35.318004,informal_iron_sheet,14,9400,1315000.0,100,0.01,NZ-100-0292,moderate,1.413,0.752,9.7,1.35,0.4761,626110.87,26300.0,599810.87,synthetic spatial flood-hazard scenario; not observed flood data,synthetic vulnerability/depth-damage function,True
NZA-0293,1.153901,34.966821,permanent_masonry,58,36800,21345000.0,100,0.01,NZ-100-0293,high,1.708,0.975,11.18,0.9,0.442,9434455.13,250000.0,9184455.13,synthetic spatial flood-hazard scenario; not observed flood data,synthetic vulnerability/depth-damage function,True
NZA-0294,0.965489,34.374677,concrete_rcc,274,51700,141660000.0,100,0.01,NZ-100-0294,high,1.906,0.923,11.03,0.7,0.4065,57578978.42,250000.0,57328978.42,synthetic spatial flood-hazard scenario; not observed flood data,synthetic vulnerability/depth-damage function,True
NZA-0295,0.368369,34.148271,concrete_rcc,576,67000,385920000.0,100,0.01,NZ-100-0295,high,2.248,0.899,12.27,0.7,0.4821,186064160.57,250000.0,185814160.57,synthetic spatial flood-hazard scenario; not observed flood data,synthetic vulnerability/depth-damage function,True
NZA-0296,0.834715,35.024396,semi_permanent,46,9400,4325000.0,100,0.01,NZ-100-0296,high,1.744,0.941,10.36,1.0,0.4819,2084426.75,86500.0,1997926.75,synthetic spatial flood-hazard scenario; not observed flood data,synthetic vulnerability/depth-damage function,True
NZA-0297,0.910832,35.060717,informal_iron_sheet,17,5100,865000.0,100,0.01,NZ-100-0297,high,1.562,0.903,9.82,1.35,0.5308,459116.92,17300.0,441816.92,synthetic spatial flood-hazard scenario; not observed flood data,synthetic vulnerability/depth-damage function,True
NZA-0298,0.35965,35.324168,informal_iron_sheet,23,5300,1220000.0,100,0.01,NZ-100-0298,high,1.754,0.807,10.17,1.35,0.5838,712188.75,24400.0,687788.75,synthetic spatial flood-hazard scenario; not observed flood data,synthetic vulnerability/depth-damage function,True
NZA-0299,0.153178,34.779217,semi_permanent,27,8800,2375000.0,100,0.01,NZ-100-0299,high,2.17,1.1,10.78,1.0,0.5964,1416354.03,47500.0,1368854.03,synthetic spatial flood-hazard scenario; not observed flood data,synthetic vulnerability/depth-damage function,True
NZA-0300,0.458554,35.18356,semi_permanent,24,15000,3600000.0,100,0.01,NZ-100-0300,high,1.875,0.984,11.55,1.0,0.5225,1880844.25,72000.0,1808844.25,synthetic spatial flood-hazard scenario; not observed flood data,synthetic vulnerability/depth-damage function,True
NZA-0301,-0.162183,34.160557,permanent_masonry,128,62300,79745000.0,100,0.01,NZ-100-0301,high,2.021,1.014,12.31,0.9,0.5253,41889119.35,250000.0,41639119.35,synthetic spatial flood-hazard scenario; not observed flood data,synthetic vulnerability/depth-damage function,True
NZA-0302,0.308398,34.177234,semi_permanent,51,15100,7700000.0,100,0.01,NZ-100-0302,high,2.151,1.055,12.97,1.0,0.598,4604825.61,154000.0,4450825.61,synthetic spatial flood-hazard scenario; not observed flood data,synthetic vulnerability/depth-damage function,True
NZA-0303,0.949621,34.475347,informal_iron_sheet,14,6400,895000.0,100,0.01,NZ-100-0303,high,1.825,0.96,11.97,1.35,0.6182,553323.17,17900.0,535423.17,synthetic spatial flood-hazard scenario; not observed flood data,synthetic vulnerability/depth-damage function,True
NZA-0304,0.668158,33.957035,concrete_rcc,403,63900,257515000.0,100,0.01,NZ-100-0304,high,1.855,1.151,12.36,0.7,0.4091,105346207.12,250000.0,105096207.12,synthetic spatial flood-hazard scenario; not observed flood data,synthetic vulnerability/depth-damage function,True
NZA-0305,0.980948,35.148597,informal_iron_sheet,13,5600,730000.0,100,0.01,NZ-100-0305,moderate,1.44,0.76,9.19,1.35,0.4832,352767.62,14600.0,338167.62,synthetic spatial flood-hazard scenario; not observed flood data,synthetic vulnerability/depth-damage function,True
NZA-0306,0.332437,35.079992,permanent_masonry,92,37300,34315000.0,100,0.01,NZ-100-0306,high,2.13,1.066,12.07,0.9,0.5521,18946185.04,250000.0,18696185.04,synthetic spatial flood-hazard scenario; not observed flood data,synthetic vulnerability/depth-damage function,True
NZA-0307,1.250294,35.241248,concrete_rcc,389,79400,308865000.0,100,0.01,NZ-100-0307,high,1.829,0.822,11.46,0.7,0.3864,119345471.0,250000.0,119095471.0,synthetic spatial flood-hazard scenario; not observed flood data,synthetic vulnerability/depth-damage function,True
NZA-0308,0.694308,33.996537,permanent_masonry,198,62200,123155000.0,100,0.01,NZ-100-0308,high,1.919,0.915,10.09,0.9,0.4878,60076060.89,250000.0,59826060.89,synthetic spatial flood-hazard scenario; not observed flood data,synthetic vulnerability/depth-damage function,True
NZA-0309,1.00907,34.814645,semi_permanent,65,11300,7345000.0,100,0.01,NZ-100-0309,high,1.904,0.997,10.31,1.0,0.5258,3861757.7,146900.0,3714857.7,synthetic spatial flood-hazard scenario; not observed flood data,synthetic vulnerability/depth-damage function,True
NZA-0310,-0.138074,33.746357,informal_iron_sheet,16,7700,1230000.0,100,0.01,NZ-100-0310,high,1.789,0.843,11.03,1.35,0.5987,736442.64,24600.0,711842.64,synthetic spatial flood-hazard scenario; not observed flood data,synthetic vulnerability/depth-damage function,True
NZA-0311,0.156966,33.874016,semi_permanent,44,8600,3785000.0,100,0.01,NZ-100-0311,moderate,1.858,0.947,9.57,1.0,0.5089,1926111.31,75700.0,1850411.31,synthetic spatial flood-hazard scenario; not observed flood data,synthetic vulnerability/depth-damage function,True
NZA-0312,-0.216944,34.610915,informal_iron_sheet,15,6000,900000.0,100,0.01,NZ-100-0312,high,1.94,1.011,12.38,1.35,0.6527,587463.43,18000.0,569463.43,synthetic spatial flood-hazard scenario; not observed flood data,synthetic vulnerability/depth-damage function,True
NZA-0313,-0.264664,34.910856,permanent_masonry,101,52500,53025000.0,100,0.01,NZ-100-0313,high,1.876,0.985,11.64,0.9,0.4865,25794757.46,250000.0,25544757.46,synthetic spatial flood-hazard scenario; not observed flood data,synthetic vulnerability/depth-damage function,True
NZA-0314,0.039246,34.809932,permanent_masonry,93,51900,48265000.0,100,0.01,NZ-100-0314,high,2.147,0.864,11.06,0.9,0.5421,26166248.83,250000.0,25916248.83,synthetic spatial flood-hazard scenario; not observed flood data,synthetic vulnerability/depth-damage function,True
NZA-0315,1.124506,33.892295,permanent_masonry,59,63800,37640000.0,100,0.01,NZ-100-0315,high,1.852,0.918,9.53,0.9,0.4696,17676777.87,250000.0,17426777.87,synthetic spatial flood-hazard scenario; not observed flood data,synthetic vulnerability/depth-damage function,True
NZA-0316,0.345467,34.256804,informal_iron_sheet,16,5800,930000.0,100,0.01,NZ-100-0316,high,2.178,0.895,12.93,1.35,0.706,656570.24,18600.0,637970.24,synthetic spatial flood-hazard scenario; not observed flood data,synthetic vulnerability/depth-damage function,True
NZA-0317,-0.19775,34.547148,semi_permanent,41,13200,5410000.0,100,0.01,NZ-100-0317,high,2.023,0.996,13.37,1.0,0.5665,3064774.03,108200.0,2956574.03,synthetic spatial flood-hazard scenario; not observed flood data,synthetic vulnerability/depth-damage function,True
NZA-0318,-0.180077,33.715615,informal_iron_sheet,15,6400,960000.0,100,0.01,NZ-100-0318,high,1.682,0.715,10.16,1.35,0.5584,536040.55,19200.0,516840.55,synthetic spatial flood-hazard scenario; not observed flood data,synthetic vulnerability/depth-damage function,True
NZA-0319,0.742574,34.693275,informal_iron_sheet,12,6800,815000.0,100,0.01,NZ-100-0319,high,2.079,1.058,13.38,1.35,0.6932,564919.1,16300.0,548619.1,synthetic spatial flood-hazard scenario; not observed flood data,synthetic vulnerability/depth-damage function,True
NZA-0320,0.767671,34.547825,semi_permanent,25,14800,3700000.0,100,0.01,NZ-100-0320,high,2.046,0.926,11.91,1.0,0.563,2083092.66,74000.0,2009092.66,synthetic spatial flood-hazard scenario; not observed flood data,synthetic vulnerability/depth-damage function,True
NZA-0321,0.276305,34.64447,concrete_rcc,186,66900,124435000.0,100,0.01,NZ-100-0321,high,2.203,0.876,14.32,0.7,0.4789,59589087.3,250000.0,59339087.3,synthetic spatial flood-hazard scenario; not observed flood data,synthetic vulnerability/depth-damage function,True
NZA-0322,1.25903,35.393372,permanent_masonry,47,39100,18375000.0,100,0.01,NZ-100-0322,moderate,1.463,1.036,9.52,0.9,0.3742,6876078.11,250000.0,6626078.11,synthetic spatial flood-hazard scenario; not observed flood data,synthetic vulnerability/depth-damage function,True
NZA-0323,-0.296545,34.470554,informal_iron_sheet,23,8500,1955000.0,100,0.01,NZ-100-0323,high,1.603,0.922,11.87,1.35,0.5522,1079477.06,39100.0,1040377.06,synthetic spatial flood-hazard scenario; not observed flood data,synthetic vulnerability/depth-damage function,True
NZA-0324,0.033137,35.342208,semi_permanent,45,9800,4410000.0,100,0.01,NZ-100-0324,high,1.879,0.891,10.85,1.0,0.5164,2277341.12,88200.0,2189141.12,synthetic spatial flood-hazard scenario; not observed flood data,synthetic vulnerability/depth-damage function,True
NZA-0325,0.594286,34.69312,semi_permanent,35,10100,3535000.0,100,0.01,NZ-100-0325,high,1.899,0.86,12.41,1.0,0.5255,1857684.49,70700.0,1786984.49,synthetic spatial flood-hazard scenario; not observed flood data,synthetic vulnerability/depth-damage function,True
NZA-0326,0.115034,34.472817,permanent_masonry,68,44300,30125000.0,100,0.01,NZ-100-0326,high,2.179,1.137,13.35,0.9,0.5716,17220745.25,250000.0,16970745.25,synthetic spatial flood-hazard scenario; not observed flood data,synthetic vulnerability/depth-damage function,True
NZA-0327,1.001417,34.038693,concrete_rcc,995,72800,724360000.0,100,0.01,NZ-100-0327,high,1.849,0.903,10.25,0.7,0.3904,282771153.19,250000.0,282521153.19,synthetic spatial flood-hazard scenario; not observed flood data,synthetic vulnerability/depth-damage function,True
NZA-0328,-0.104347,35.09238,semi_permanent,45,10900,4905000.0,100,0.01,NZ-100-0328,high,1.728,0.962,10.06,1.0,0.4777,2343127.49,98100.0,2245027.49,synthetic spatial flood-hazard scenario; not observed flood data,synthetic vulnerability/depth-damage function,True
NZA-0329,0.295155,34.238132,concrete_rcc,288,64000,184320000.0,100,0.01,NZ-100-0329,high,2.068,0.958,10.36,0.7,0.4407,81223316.65,250000.0,80973316.65,synthetic spatial flood-hazard scenario; not observed flood data,synthetic vulnerability/depth-damage function,True
NZA-0330,0.78048,34.173979,semi_permanent,47,15700,7380000.0,100,0.01,NZ-100-0330,high,1.963,0.911,11.92,1.0,0.5423,4002193.59,147600.0,3854593.59,synthetic spatial flood-hazard scenario; not observed flood data,synthetic vulnerability/depth-damage function,True
NZA-0331,-0.109391,34.341276,concrete_rcc,910,60100,546910000.0,100,0.01,NZ-100-0331,high,1.915,0.971,11.85,0.7,0.4131,225911899.08,250000.0,225661899.08,synthetic spatial flood-hazard scenario; not observed flood data,synthetic vulnerability/depth-damage function,True
NZA-0332,0.048393,34.565011,informal_iron_sheet,24,9700,2330000.0,100,0.01,NZ-100-0332,high,1.909,1.139,12.41,1.35,0.6514,1517798.92,46600.0,1471198.92,synthetic spatial flood-hazard scenario; not observed flood data,synthetic vulnerability/depth-damage function,True
NZA-0333,0.25734,34.321241,informal_iron_sheet,16,5500,880000.0,100,0.01,NZ-100-0333,high,2.179,0.865,12.99,1.35,0.7048,620236.88,17600.0,602636.88,synthetic spatial flood-hazard scenario; not observed flood data,synthetic vulnerability/depth-damage function,True
NZA-0334,0.69927,35.031547,permanent_masonry,106,58300,61800000.0,100,0.01,NZ-100-0334,high,2.033,1.119,12.01,0.9,0.5321,32884429.93,250000.0,32634429.93,synthetic spatial flood-hazard scenario; not observed flood data,synthetic vulnerability/depth-damage function,True
NZA-0335,0.481944,34.066823,concrete_rcc,585,78200,457470000.0,100,0.01,NZ-100-0335,high,1.989,1.037,12.15,0.7,0.4332,198186007.55,250000.0,197936007.55,synthetic spatial flood-hazard scenario; not observed flood data,synthetic vulnerability/depth-damage function,True
NZA-0336,1.241742,34.091352,permanent_masonry,64,56000,35840000.0,100,0.01,NZ-100-0336,high,1.865,1.018,11.31,0.9,0.484,17346166.12,250000.0,17096166.12,synthetic spatial flood-hazard scenario; not observed flood data,synthetic vulnerability/depth-damage function,True
NZA-0337,1.198726,34.755269,informal_iron_sheet,19,5900,1120000.0,100,0.01,NZ-100-0337,high,2.061,1.084,12.72,1.35,0.6876,770073.52,22400.0,747673.52,synthetic spatial flood-hazard scenario; not observed flood data,synthetic vulnerability/depth-damage function,True
NZA-0338,0.446663,33.736635,semi_permanent,63,8900,5605000.0,100,0.01,NZ-100-0338,high,2.407,1.127,11.36,1.0,0.6513,3650802.61,112100.0,3538702.61,synthetic spatial flood-hazard scenario; not observed flood data,synthetic vulnerability/depth-damage function,True
NZA-0339,0.024772,34.30548,permanent_masonry,106,47000,49820000.0,100,0.01,NZ-100-0339,high,2.218,1.135,13.33,0.9,0.5801,28902012.81,250000.0,28652012.81,synthetic spatial flood-hazard scenario; not observed flood data,synthetic vulnerability/depth-damage function,True
NZA-0340,0.171572,35.11162,permanent_masonry,106,43500,46110000.0,100,0.01,NZ-100-0340,high,1.643,0.963,11.32,0.9,0.4249,19594049.41,250000.0,19344049.41,synthetic spatial flood-hazard scenario; not observed flood data,synthetic vulnerability/depth-damage function,True
NZA-0341,0.795236,35.292739,semi_permanent,70,9600,6720000.0,100,0.01,NZ-100-0341,high,1.775,0.97,11.65,1.0,0.4963,3335074.53,134400.0,3200674.53,synthetic spatial flood-hazard scenario; not observed flood data,synthetic vulnerability/depth-damage function,True
NZA-0342,-0.126004,34.84036,informal_iron_sheet,13,8000,1040000.0,100,0.01,NZ-100-0342,high,2.005,0.935,12.99,1.35,0.6675,694166.33,20800.0,673366.33,synthetic spatial flood-hazard scenario; not observed flood data,synthetic vulnerability/depth-damage function,True
NZA-0343,-0.199741,34.026399,concrete_rcc,343,71500,245245000.0,100,0.01,NZ-100-0343,high,2.038,1.077,13.07,0.7,0.4487,110050836.88,250000.0,109800836.88,synthetic spatial flood-hazard scenario; not observed flood data,synthetic vulnerability/depth-damage function,True
NZA-0344,0.111087,34.308282,concrete_rcc,492,69000,339480000.0,100,0.01,NZ-100-0344,high,2.289,1.03,13.35,0.7,0.5007,169964073.25,250000.0,169714073.25,synthetic spatial flood-hazard scenario; not observed flood data,synthetic vulnerability/depth-damage function,True
NZA-0345,0.624731,34.421918,semi_permanent,43,15700,6750000.0,100,0.01,NZ-100-0345,high,1.922,1.113,13.91,1.0,0.5493,3707559.46,135000.0,3572559.46,synthetic spatial flood-hazard scenario; not observed flood data,synthetic vulnerability/depth-damage function,True
NZA-0346,1.240717,35.148812,semi_permanent,35,12100,4235000.0,100,0.01,NZ-100-0346,high,1.443,0.801,9.65,1.0,0.3908,1655093.15,84700.0,1570393.15,synthetic spatial flood-hazard scenario; not observed flood data,synthetic vulnerability/depth-damage function,True
NZA-0347,0.230103,34.12453,informal_iron_sheet,10,5600,560000.0,100,0.01,NZ-100-0347,high,1.996,0.988,11.94,1.35,0.6639,371760.72,11200.0,360560.72,synthetic spatial flood-hazard scenario; not observed flood data,synthetic vulnerability/depth-damage function,True
NZA-0348,-0.158487,34.968485,semi_permanent,41,12100,4960000.0,100,0.01,NZ-100-0348,high,1.647,0.794,10.89,1.0,0.4512,2238171.59,99200.0,2138971.59,synthetic spatial flood-hazard scenario; not observed flood data,synthetic vulnerability/depth-damage function,True
NZA-0349,0.964796,34.438534,permanent_masonry,148,40200,59495000.0,100,0.01,NZ-100-0349,high,2.076,0.872,12.18,0.9,0.5305,31564942.84,250000.0,31314942.84,synthetic spatial flood-hazard scenario; not observed flood data,synthetic vulnerability/depth-damage function,True
NZA-0350,1.0998,34.915436,permanent_masonry,143,43800,62635000.0,100,0.01,NZ-100-0350,high,1.954,0.867,11.31,0.9,0.4984,31219056.49,250000.0,30969056.49,synthetic spatial flood-hazard scenario; not observed flood data,synthetic vulnerability/depth-damage function,True
NZA-0351,0.273103,34.838045,concrete_rcc,364,66900,243515000.0,100,0.01,NZ-100-0351,high,2.223,1.014,13.59,0.7,0.4871,118609361.06,250000.0,118359361.06,synthetic spatial flood-hazard scenario; not observed flood data,synthetic vulnerability/depth-damage function,True
NZA-0352,0.508895,35.217335,informal_iron_sheet,8,9200,735000.0,100,0.01,NZ-100-0352,high,1.777,0.96,11.55,1.35,0.6035,443580.56,14700.0,428880.56,synthetic spatial flood-hazard scenario; not observed flood data,synthetic vulnerability/depth-damage function,True
NZA-0353,0.796888,34.850966,semi_permanent,49,15800,7740000.0,100,0.01,NZ-100-0353,high,1.681,0.996,10.11,1.0,0.4669,3614151.56,154800.0,3459351.56,synthetic spatial flood-hazard scenario; not observed flood data,synthetic vulnerability/depth-damage function,True
NZA-0354,0.787981,34.126489,semi_permanent,57,13100,7465000.0,100,0.01,NZ-100-0354,high,2.037,0.985,12.53,1.0,0.5661,4225850.9,149300.0,4076550.9,synthetic spatial flood-hazard scenario; not observed flood data,synthetic vulnerability/depth-damage function,True
NZA-0355,0.864138,34.433399,informal_iron_sheet,16,9700,1550000.0,100,0.01,NZ-100-0355,high,1.847,0.755,10.17,1.35,0.6065,940068.47,31000.0,909068.47,synthetic spatial flood-hazard scenario; not observed flood data,synthetic vulnerability/depth-damage function,True
NZA-0356,0.75526,34.406184,informal_iron_sheet,15,7400,1110000.0,100,0.01,NZ-100-0356,high,1.824,0.99,11.73,1.35,0.6186,686639.13,22200.0,664439.13,synthetic spatial flood-hazard scenario; not observed flood data,synthetic vulnerability/depth-damage function,True
NZA-0357,-0.274891,34.000098,semi_permanent,22,14100,3100000.0,100,0.01,NZ-100-0357,high,1.796,0.741,12.6,1.0,0.4939,1531160.1,62000.0,1469160.1,synthetic spatial flood-hazard scenario; not observed flood data,synthetic vulnerability/depth-damage function,True
NZA-0358,0.257418,35.240719,informal_iron_sheet,13,8600,1120000.0,100,0.01,NZ-100-0358,high,2.037,1.011,12.66,1.35,0.6779,759268.64,22400.0,736868.64,synthetic spatial flood-hazard scenario; not observed flood data,synthetic vulnerability/depth-damage function,True
NZA-0359,-0.179782,34.04073,informal_iron_sheet,19,7900,1500000.0,100,0.01,NZ-100-0359,high,1.7,1.012,10.69,1.35,0.5807,871054.14,30000.0,841054.14,synthetic spatial flood-hazard scenario; not observed flood data,synthetic vulnerability/depth-damage function,True
NZA-0360,-0.211896,34.215362,semi_permanent,46,14700,6760000.0,100,0.01,NZ-100-0360,high,1.754,0.969,11.7,1.0,0.491,3318932.49,135200.0,3183732.49,synthetic spatial flood-hazard scenario; not observed flood data,synthetic vulnerability/depth-damage function,True
NZA-0361,0.136668,35.356317,semi_permanent,33,8900,2935000.0,100,0.01,NZ-100-0361,high,1.828,0.753,11.3,1.0,0.4982,1462159.48,58700.0,1403459.48,synthetic spatial flood-hazard scenario; not observed flood data,synthetic vulnerability/depth-damage function,True
NZA-0362,0.993362,34.81099,semi_permanent,32,10900,3490000.0,100,0.01,NZ-100-0362,high,2.024,0.972,13.04,1.0,0.5644,1969871.15,69800.0,1900071.15,synthetic spatial flood-hazard scenario; not observed flood data,synthetic vulnerability/depth-damage function,True
NZA-0363,0.093722,35.125256,informal_iron_sheet,17,7400,1260000.0,100,0.01,NZ-100-0363,high,1.713,0.848,9.85,1.35,0.573,722005.62,25200.0,696805.62,synthetic spatial flood-hazard scenario; not observed flood data,synthetic vulnerability/depth-damage function,True
NZA-0364,0.481802,33.718245,semi_permanent,38,14000,5320000.0,100,0.01,NZ-100-0364,high,2.049,0.876,12.19,1.0,0.5622,2990648.7,106400.0,2884248.7,synthetic spatial flood-hazard scenario; not observed flood data,synthetic vulnerability/depth-damage function,True
NZA-0365,0.803341,34.813402,semi_permanent,48,14800,7105000.0,100,0.01,NZ-100-0365,high,1.918,0.824,11.87,1.0,0.5266,3741575.64,142100.0,3599475.64,synthetic spatial flood-hazard scenario; not observed flood data,synthetic vulnerability/depth-damage function,True
NZA-0366,0.435186,34.383184,permanent_masonry,67,36500,24455000.0,100,0.01,NZ-100-0366,high,2.264,1.07,12.45,0.9,0.5836,14272485.53,250000.0,14022485.53,synthetic spatial flood-hazard scenario; not observed flood data,synthetic vulnerability/depth-damage function,True
NZA-0367,0.79895,35.329582,informal_iron_sheet,14,7900,1105000.0,100,0.01,NZ-100-0367,high,1.643,0.706,10.66,1.35,0.5485,606070.21,22100.0,583970.21,synthetic spatial flood-hazard scenario; not observed flood data,synthetic vulnerability/depth-damage function,True
NZA-0368,1.140014,35.187459,concrete_rcc,505,56000,282800000.0,100,0.01,NZ-100-0368,high,1.753,0.97,10.73,0.7,0.3733,105555113.76,250000.0,105305113.76,synthetic spatial flood-hazard scenario; not observed flood data,synthetic vulnerability/depth-damage function,True
NZA-0369,1.153627,34.759466,semi_permanent,39,13300,5185000.0,100,0.01,NZ-100-0369,high,1.703,0.933,11.84,1.0,0.476,2467808.18,103700.0,2364108.18,synthetic spatial flood-hazard scenario; not observed flood data,synthetic vulnerability/depth-damage function,True
NZA-0370,0.134927,35.299035,permanent_masonry,115,47500,54625000.0,100,0.01,NZ-100-0370,high,1.767,0.981,9.98,0.9,0.4532,24754227.35,250000.0,24504227.35,synthetic spatial flood-hazard scenario; not observed flood data,synthetic vulnerability/depth-damage function,True
NZA-0371,0.41675,34.966914,permanent_masonry,63,52400,33010000.0,100,0.01,NZ-100-0371,high,1.937,1.037,11.27,0.9,0.5023,16581759.44,250000.0,16331759.44,synthetic spatial flood-hazard scenario; not observed flood data,synthetic vulnerability/depth-damage function,True
NZA-0372,0.188227,33.875189,informal_iron_sheet,15,6200,930000.0,100,0.01,NZ-100-0372,high,1.763,0.936,9.56,1.35,0.5905,549191.63,18600.0,530591.63,synthetic spatial flood-hazard scenario; not observed flood data,synthetic vulnerability/depth-damage function,True
NZA-0373,1.002419,34.710645,concrete_rcc,282,54300,153125000.0,100,0.01,NZ-100-0373,high,2.249,1.034,11.56,0.7,0.4861,74434749.22,250000.0,74184749.22,synthetic spatial flood-hazard scenario; not observed flood data,synthetic vulnerability/depth-damage function,True
NZA-0374,0.148013,35.314808,semi_permanent,30,13100,3930000.0,100,0.01,NZ-100-0374,high,1.829,0.888,10.98,1.0,0.5038,1980125.37,78600.0,1901525.37,synthetic spatial flood-hazard scenario; not observed flood data,synthetic vulnerability/depth-damage function,True
NZA-0375,0.328548,33.936989,informal_iron_sheet,20,5500,1100000.0,100,0.01,NZ-100-0375,high,1.768,1.082,10.02,1.35,0.6009,661025.76,22000.0,639025.76,synthetic spatial flood-hazard scenario; not observed flood data,synthetic vulnerability/depth-damage function,True
NZA-0376,-0.061283,34.733168,informal_iron_sheet,11,8100,890000.0,100,0.01,NZ-100-0376,high,1.821,0.911,10.72,1.35,0.6097,542644.6,17800.0,524844.6,synthetic spatial flood-hazard scenario; not observed flood data,synthetic vulnerability/depth-damage function,True
NZA-0377,0.008762,33.820651,concrete_rcc,578,73700,425985000.0,100,0.01,NZ-100-0377,high,1.599,0.904,10.05,0.7,0.3337,142139681.27,250000.0,141889681.27,synthetic spatial flood-hazard scenario; not observed flood data,synthetic vulnerability/depth-damage function,True
NZA-0378,0.616033,34.419873,semi_permanent,38,10300,3915000.0,100,0.01,NZ-100-0378,high,2.238,1.051,13.11,1.0,0.6182,2420126.46,78300.0,2341826.46,synthetic spatial flood-hazard scenario; not observed flood data,synthetic vulnerability/depth-damage function,True
NZA-0379,-0.247038,34.960714,semi_permanent,61,9400,5735000.0,100,0.01,NZ-100-0379,high,2.061,1.009,10.4,1.0,0.5649,3239637.68,114700.0,3124937.68,synthetic spatial flood-hazard scenario; not observed flood data,synthetic vulnerability/depth-damage function,True
NZA-0380,1.028664,34.440164,permanent_masonry,140,59300,83020000.0,100,0.01,NZ-100-0380,high,2.081,1.083,13.93,0.9,0.5487,45556100.15,250000.0,45306100.15,synthetic spatial flood-hazard scenario; not observed flood data,synthetic vulnerability/depth-damage function,True
NZA-0381,0.03298,35.311184,informal_iron_sheet,23,5000,1150000.0,100,0.01,NZ-100-0381,high,1.933,0.98,10.22,1.35,0.6409,737040.84,23000.0,714040.84,synthetic spatial flood-hazard scenario; not observed flood data,synthetic vulnerability/depth-damage function,True
NZA-0382,0.134439,34.249404,permanent_masonry,89,39800,35420000.0,100,0.01,NZ-100-0382,high,2.069,1.112,12.78,0.9,0.5431,19236837.49,250000.0,18986837.49,synthetic spatial flood-hazard scenario; not observed flood data,synthetic vulnerability/depth-damage function,True
NZA-0383,-0.276326,35.077981,concrete_rcc,468,79500,372060000.0,100,0.01,NZ-100-0383,moderate,1.71,0.712,9.46,0.7,0.3495,130050411.92,250000.0,129800411.92,synthetic spatial flood-hazard scenario; not observed flood data,synthetic vulnerability/depth-damage function,True
NZA-0384,1.276649,33.751257,permanent_masonry,102,57600,58750000.0,100,0.01,NZ-100-0384,moderate,1.401,0.881,9.49,0.9,0.3513,20636220.95,250000.0,20386220.95,synthetic spatial flood-hazard scenario; not observed flood data,synthetic vulnerability/depth-damage function,True
NZA-0385,1.255817,34.341503,informal_iron_sheet,18,8400,1510000.0,100,0.01,NZ-100-0385,high,2.118,1.096,12.32,1.35,0.6999,1056910.75,30200.0,1026710.75,synthetic spatial flood-hazard scenario; not observed flood data,synthetic vulnerability/depth-damage function,True
NZA-0386,0.877986,35.214762,semi_permanent,42,15600,6550000.0,100,0.01,NZ-100-0386,high,1.661,0.874,11.29,1.0,0.4601,3013772.5,131000.0,2882772.5,synthetic spatial flood-hazard scenario; not observed flood data,synthetic vulnerability/depth-damage function,True
NZA-0387,0.846554,34.91434,informal_iron_sheet,14,8300,1160000.0,100,0.01,NZ-100-0387,high,2.106,1.071,13.24,1.35,0.6994,811361.49,23200.0,788161.49,synthetic spatial flood-hazard scenario; not observed flood data,synthetic vulnerability/depth-damage function,True
NZA-0388,-0.293337,35.001587,informal_iron_sheet,18,5700,1025000.0,100,0.01,NZ-100-0388,high,1.713,0.895,11.02,1.35,0.5799,594372.33,20500.0,573872.33,synthetic spatial flood-hazard scenario; not observed flood data,synthetic vulnerability/depth-damage function,True
NZA-0389,0.404294,34.409473,semi_permanent,52,14400,7490000.0,100,0.01,NZ-100-0389,high,1.988,1.075,11.26,1.0,0.554,4149604.28,149800.0,3999804.28,synthetic spatial flood-hazard scenario; not observed flood data,synthetic vulnerability/depth-damage function,True
NZA-0390,0.033382,34.710524,informal_iron_sheet,18,5400,970000.0,100,0.01,NZ-100-0390,high,2.317,0.954,12.75,1.35,0.7378,715671.51,19400.0,696271.51,synthetic spatial flood-hazard scenario; not observed flood data,synthetic vulnerability/depth-damage function,True
NZA-0391,0.780842,34.847427,semi_permanent,30,13700,4110000.0,100,0.01,NZ-100-0391,high,1.926,1.07,12.01,1.0,0.5411,2224121.14,82200.0,2141921.14,synthetic spatial flood-hazard scenario; not observed flood data,synthetic vulnerability/depth-damage function,True
NZA-0392,0.945937,34.461041,informal_iron_sheet,13,8400,1090000.0,100,0.01,NZ-100-0392,high,2.363,1.253,13.05,1.35,0.7621,830719.38,21800.0,808919.38,synthetic spatial flood-hazard scenario; not observed flood data,synthetic vulnerability/depth-damage function,True
NZA-0393,0.42372,34.738458,permanent_masonry,96,40100,38495000.0,100,0.01,NZ-100-0393,high,2.053,1.038,12.25,0.9,0.5337,20543975.39,250000.0,20293975.39,synthetic spatial flood-hazard scenario; not observed flood data,synthetic vulnerability/depth-damage function,True
NZA-0394,0.348756,34.631277,semi_permanent,39,14100,5500000.0,100,0.01,NZ-100-0394,high,2.134,0.953,13.41,1.0,0.5907,3248910.04,110000.0,3138910.04,synthetic spatial flood-hazard scenario; not observed flood data,synthetic vulnerability/depth-damage function,True
NZA-0395,0.585248,34.36428,permanent_masonry,143,49800,71215000.0,100,0.01,NZ-100-0395,high,2.121,1.126,14.33,0.9,0.5616,39992057.36,250000.0,39742057.36,synthetic spatial flood-hazard scenario; not observed flood data,synthetic vulnerability/depth-damage function,True
NZA-0396,-0.074978,34.587112,informal_iron_sheet,9,9100,820000.0,100,0.01,NZ-100-0396,high,2.076,1.009,11.52,1.35,0.6828,559936.51,16400.0,543536.51,synthetic spatial flood-hazard scenario; not observed flood data,synthetic vulnerability/depth-damage function,True
NZA-0397,-0.22939,34.641788,informal_iron_sheet,18,9900,1780000.0,100,0.01,NZ-100-0397,high,1.939,0.772,10.31,1.35,0.6321,1125164.43,35600.0,1089564.43,synthetic spatial flood-hazard scenario; not observed flood data,synthetic vulnerability/depth-damage function,True
NZA-0398,0.650527,34.741207,informal_iron_sheet,16,9900,1585000.0,100,0.01,NZ-100-0398,high,2.256,1.098,14.06,1.35,0.737,1168107.58,31700.0,1136407.58,synthetic spatial flood-hazard scenario; not observed flood data,synthetic vulnerability/depth-damage function,True
NZA-0399,0.885129,34.939104,semi_permanent,63,15100,9515000.0,100,0.01,NZ-100-0399,high,1.651,0.881,11.29,1.0,0.4577,4354906.48,190300.0,4164606.48,synthetic spatial flood-hazard scenario; not observed flood data,synthetic vulnerability/depth-damage function,True
NZA-0400,0.569339,34.882715,permanent_masonry,123,45800,56335000.0,100,0.01,NZ-100-0400,high,2.056,0.86,11.13,0.9,0.5216,29383209.19,250000.0,29133209.19,synthetic spatial flood-hazard scenario; not observed flood data,synthetic vulnerability/depth-damage function,True
NZA-0401,0.692191,35.232247,informal_iron_sheet,12,5600,670000.0,100,0.01,NZ-100-0401,high,1.772,0.996,10.28,1.35,0.5987,401152.35,13400.0,387752.35,synthetic spatial flood-hazard scenario; not observed flood data,synthetic vulnerability/depth-damage function,True
NZA-0402,0.084278,35.342177,permanent_masonry,135,58200,78570000.0,100,0.01,NZ-100-0402,high,1.708,0.809,10.03,0.9,0.4305,33821140.16,250000.0,33571140.16,synthetic spatial flood-hazard scenario; not observed flood data,synthetic vulnerability/depth-damage function,True
NZA-0403,0.719236,33.715352,concrete_rcc,338,63900,215980000.0,100,0.01,NZ-100-0403,high,1.962,0.881,9.87,0.7,0.4129,89173274.75,250000.0,88923274.75,synthetic spatial flood-hazard scenario; not observed flood data,synthetic vulnerability/depth-damage function,True
NZA-0404,-0.068859,34.897573,semi_permanent,21,13500,2835000.0,100,0.01,NZ-100-0404,high,2.017,1.007,11.34,1.0,0.5579,1581524.31,56700.0,1524824.31,synthetic spatial flood-hazard scenario; not observed flood data,synthetic vulnerability/depth-damage function,True
NZA-0405,-0.249223,35.147287,permanent_masonry,121,52100,63040000.0,100,0.01,NZ-100-0405,high,1.662,0.949,8.53,0.9,0.4198,26463966.56,250000.0,26213966.56,synthetic spatial flood-hazard scenario; not observed flood data,synthetic vulnerability/depth-damage function,True
NZA-0406,0.144545,34.672172,informal_iron_sheet,14,9700,1360000.0,100,0.01,NZ-100-0406,high,2.186,0.839,10.98,1.35,0.6976,948705.23,27200.0,921505.23,synthetic spatial flood-hazard scenario; not observed flood data,synthetic vulnerability/depth-damage function,True
NZA-0407,-0.09259,33.945155,informal_iron_sheet,12,7500,900000.0,100,0.01,NZ-100-0407,high,1.767,0.922,11.47,1.35,0.5984,538586.77,18000.0,520586.77,synthetic spatial flood-hazard scenario; not observed flood data,synthetic vulnerability/depth-damage function,True
NZA-0408,0.606909,35.344483,permanent_masonry,88,58400,51390000.0,100,0.01,NZ-100-0408,high,1.66,1.019,10.89,0.9,0.4306,22127597.44,250000.0,21877597.44,synthetic spatial flood-hazard scenario; not observed flood data,synthetic vulnerability/depth-damage function,True
NZA-0409,1.10873,35.000699,semi_permanent,33,12000,3960000.0,100,0.01,NZ-100-0409,high,1.919,0.922,11.49,1.0,0.5303,2099867.19,79200.0,2020667.19,synthetic spatial flood-hazard scenario; not observed flood data,synthetic vulnerability/depth-damage function,True
NZA-0410,0.063538,34.230758,semi_permanent,55,14300,7865000.0,100,0.01,NZ-100-0410,high,2.171,0.923,12.76,1.0,0.5952,4680996.26,157300.0,4523696.26,synthetic spatial flood-hazard scenario; not observed flood data,synthetic vulnerability/depth-damage function,True
NZA-0411,0.864845,34.215677,informal_iron_sheet,11,8400,925000.0,100,0.01,NZ-100-0411,high,1.872,1.028,13.08,1.35,0.6387,590784.8,18500.0,572284.8,synthetic spatial flood-hazard scenario; not observed flood data,synthetic vulnerability/depth-damage function,True
NZA-0412,0.538159,33.83332,permanent_masonry,129,61800,79720000.0,100,0.01,NZ-100-0412,high,2.048,0.98,12.56,0.9,0.5309,42321200.69,250000.0,42071200.69,synthetic spatial flood-hazard scenario; not observed flood data,synthetic vulnerability/depth-damage function,True
NZA-0413,0.428455,34.240755,permanent_masonry,129,63200,81530000.0,100,0.01,NZ-100-0413,high,2.584,1.204,14.94,0.9,0.6653,54244165.08,250000.0,53994165.08,synthetic spatial flood-hazard scenario; not observed flood data,synthetic vulnerability/depth-damage function,True
NZA-0414,0.647717,34.484053,concrete_rcc,840,57800,485520000.0,100,0.01,NZ-100-0414,high,2.148,1.139,12.57,0.7,0.4735,229887163.84,250000.0,229637163.84,synthetic spatial flood-hazard scenario; not observed flood data,synthetic vulnerability/depth-damage function,True
NZA-0415,0.413499,34.160793,informal_iron_sheet,20,7500,1500000.0,100,0.01,NZ-100-0415,high,2.024,1.212,12.11,1.35,0.6826,1023889.7,30000.0,993889.7,synthetic spatial flood-hazard scenario; not observed flood data,synthetic vulnerability/depth-damage function,True
NZA-0416,0.549676,33.843996,permanent_masonry,152,50500,76760000.0,100,0.01,NZ-100-0416,high,2.008,1.007,11.3,0.9,0.518,39758129.86,250000.0,39508129.86,synthetic spatial flood-hazard scenario; not observed flood data,synthetic vulnerability/depth-damage function,True
NZA-0417,0.08007,34.055394,informal_iron_sheet,9,5200,470000.0,100,0.01,NZ-100-0417,high,1.752,0.863,11.36,1.35,0.5907,277636.36,9400.0,268236.36,synthetic spatial flood-hazard scenario; not observed flood data,synthetic vulnerability/depth-damage function,True
NZA-0418,1.070937,33.783992,concrete_rcc,540,53100,286740000.0,100,0.01,NZ-100-0418,high,1.943,0.996,11.35,0.7,0.4187,120059419.08,250000.0,119809419.08,synthetic spatial flood-hazard scenario; not observed flood data,synthetic vulnerability/depth-damage function,True
NZA-0419,0.51704,34.371814,informal_iron_sheet,13,7300,950000.0,100,0.01,NZ-100-0419,high,2.079,1.152,13.14,1.35,0.6968,661956.06,19000.0,642956.06,synthetic spatial flood-hazard scenario; not observed flood data,synthetic vulnerability/depth-damage function,True
NZA-0420,0.773617,34.734959,permanent_masonry,68,60100,40870000.0,100,0.01,NZ-100-0420,high,2.194,1.12,13.42,0.9,0.5743,23473187.71,250000.0,23223187.71,synthetic spatial flood-hazard scenario; not observed flood data,synthetic vulnerability/depth-damage function,True
NZA-0421,0.010114,35.137946,permanent_masonry,70,36200,25340000.0,100,0.01,NZ-100-0421,high,1.793,0.759,10.38,0.9,0.4508,11422645.06,250000.0,11172645.06,synthetic spatial flood-hazard scenario; not observed flood data,synthetic vulnerability/depth-damage function,True
NZA-0422,0.435472,35.134517,informal_iron_sheet,10,6400,640000.0,100,0.01,NZ-100-0422,high,1.8,0.803,13.26,1.35,0.6082,389241.71,12800.0,376441.71,synthetic spatial flood-hazard scenario; not observed flood data,synthetic vulnerability/depth-damage function,True
NZA-0423,-0.198967,34.281169,permanent_masonry,159,61000,96990000.0,100,0.01,NZ-100-0423,high,2.182,0.973,13.53,0.9,0.5647,54768814.75,250000.0,54518814.75,synthetic spatial flood-hazard scenario; not observed flood data,synthetic vulnerability/depth-damage function,True
NZA-0424,-0.243639,34.696023,informal_iron_sheet,11,8200,900000.0,100,0.01,NZ-100-0424,high,1.852,1.1,11.55,1.35,0.631,567931.41,18000.0,549931.41,synthetic spatial flood-hazard scenario; not observed flood data,synthetic vulnerability/depth-damage function,True
NZA-0425,0.445653,34.787098,semi_permanent,37,13800,5105000.0,100,0.01,NZ-100-0425,high,2.355,1.161,12.62,1.0,0.647,3302723.35,102100.0,3200623.35,synthetic spatial flood-hazard scenario; not observed flood data,synthetic vulnerability/depth-damage function,True
NZA-0426,1.108655,33.954177,permanent_masonry,128,54600,69890000.0,100,0.01,NZ-100-0426,high,1.745,0.743,10.56,0.9,0.4387,30659063.22,250000.0,30409063.22,synthetic spatial flood-hazard scenario; not observed flood data,synthetic vulnerability/depth-damage function,True
NZA-0427,0.603417,34.781679,concrete_rcc,552,59700,329545000.0,100,0.01,NZ-100-0427,high,1.894,0.909,11.25,0.7,0.4038,133085218.45,250000.0,132835218.45,synthetic spatial flood-hazard scenario; not observed flood data,synthetic vulnerability/depth-damage function,True
NZA-0428,-0.27813,34.468108,informal_iron_sheet,12,9600,1150000.0,100,0.01,NZ-100-0428,high,2.024,1.012,13.29,1.35,0.6771,778704.95,23000.0,755704.95,synthetic spatial flood-hazard scenario; not observed flood data,synthetic vulnerability/depth-damage function,True
NZA-0429,0.283537,34.654823,semi_permanent,60,15900,9540000.0,100,0.01,NZ-100-0429,high,2.094,0.999,12.69,1.0,0.581,5543001.29,190800.0,5352201.29,synthetic spatial flood-hazard scenario; not observed flood data,synthetic vulnerability/depth-damage function,True
NZA-0430,0.137854,35.21501,informal_iron_sheet,16,6000,960000.0,100,0.01,NZ-100-0430,high,1.937,1.0,11.43,1.35,0.6477,621744.86,19200.0,602544.86,synthetic spatial flood-hazard scenario; not observed flood data,synthetic vulnerability/depth-damage function,True
NZA-0431,0.735051,34.152995,informal_iron_sheet,15,6400,960000.0,100,0.01,NZ-100-0431,high,1.84,0.982,11.46,1.35,0.6213,596451.83,19200.0,577251.83,synthetic spatial flood-hazard scenario; not observed flood data,synthetic vulnerability/depth-damage function,True
NZA-0432,0.13921,33.85235,informal_iron_sheet,22,9900,2180000.0,100,0.01,NZ-100-0432,high,1.672,0.991,9.54,1.35,0.5672,1236462.24,43600.0,1192862.24,synthetic spatial flood-hazard scenario; not observed flood data,synthetic vulnerability/depth-damage function,True
NZA-0433,0.741471,34.512865,semi_permanent,28,8100,2270000.0,100,0.01,NZ-100-0433,high,2.05,0.802,11.73,1.0,0.5569,1264260.63,45400.0,1218860.63,synthetic spatial flood-hazard scenario; not observed flood data,synthetic vulnerability/depth-damage function,True
NZA-0434,0.86609,33.79795,semi_permanent,61,11600,7075000.0,100,0.01,NZ-100-0434,high,1.973,1.058,9.66,1.0,0.5432,3843446.69,141500.0,3701946.69,synthetic spatial flood-hazard scenario; not observed flood data,synthetic vulnerability/depth-damage function,True
NZA-0435,0.316628,35.329571,semi_permanent,33,11600,3830000.0,100,0.01,NZ-100-0435,high,1.644,0.857,10.32,1.0,0.4513,1728379.57,76600.0,1651779.57,synthetic spatial flood-hazard scenario; not observed flood data,synthetic vulnerability/depth-damage function,True
NZA-0436,0.343231,35.12082,semi_permanent,26,12000,3120000.0,100,0.01,NZ-100-0436,high,1.705,0.949,10.39,1.0,0.472,1472698.57,62400.0,1410298.57,synthetic spatial flood-hazard scenario; not observed flood data,synthetic vulnerability/depth-damage function,True
NZA-0437,1.067907,34.033015,informal_iron_sheet,21,9800,2060000.0,100,0.01,NZ-100-0437,high,1.653,0.69,11.24,1.35,0.5529,1139064.01,41200.0,1097864.01,synthetic spatial flood-hazard scenario; not observed flood data,synthetic vulnerability/depth-damage function,True
NZA-0438,0.072169,34.488333,informal_iron_sheet,14,7900,1105000.0,100,0.01,NZ-100-0438,high,2.059,1.017,10.64,1.35,0.6758,746739.93,22100.0,724639.93,synthetic spatial flood-hazard scenario; not observed flood data,synthetic vulnerability/depth-damage function,True
NZA-0439,1.140787,35.278208,permanent_masonry,166,43300,71880000.0,100,0.01,NZ-100-0439,high,1.808,0.936,10.68,0.9,0.4638,33337243.14,250000.0,33087243.14,synthetic spatial flood-hazard scenario; not observed flood data,synthetic vulnerability/depth-damage function,True
NZA-0440,0.166063,33.736171,informal_iron_sheet,13,8600,1120000.0,100,0.01,NZ-100-0440,high,1.542,0.807,7.81,1.35,0.5122,573702.18,22400.0,551302.18,synthetic spatial flood-hazard scenario; not observed flood data,synthetic vulnerability/depth-damage function,True
NZA-0441,0.782204,34.975995,informal_iron_sheet,15,6800,1020000.0,100,0.01,NZ-100-0441,high,1.889,0.997,12.13,1.35,0.6377,650495.99,20400.0,630095.99,synthetic spatial flood-hazard scenario; not observed flood data,synthetic vulnerability/depth-damage function,True
NZA-0442,0.24136,34.408653,informal_iron_sheet,11,5300,585000.0,100,0.01,NZ-100-0442,high,2.083,0.87,11.57,1.35,0.6776,396376.51,11700.0,384676.51,synthetic spatial flood-hazard scenario; not observed flood data,synthetic vulnerability/depth-damage function,True
NZA-0443,1.241818,33.924614,semi_permanent,41,13300,5455000.0,100,0.01,NZ-100-0443,high,1.742,0.813,10.2,1.0,0.4747,2589747.65,109100.0,2480647.65,synthetic spatial flood-hazard scenario; not observed flood data,synthetic vulnerability/depth-damage function,True
NZA-0444,-0.033222,35.197986,permanent_masonry,138,40800,56305000.0,100,0.01,NZ-100-0444,high,1.782,0.907,11.07,0.9,0.4573,25749408.46,250000.0,25499408.46,synthetic spatial flood-hazard scenario; not observed flood data,synthetic vulnerability/depth-damage function,True
NZA-0445,0.738215,34.834251,informal_iron_sheet,12,9700,1165000.0,100,0.01,NZ-100-0445,high,1.851,0.96,11.1,1.35,0.6218,724418.69,23300.0,701118.69,synthetic spatial flood-hazard scenario; not observed flood data,synthetic vulnerability/depth-damage function,True
NZA-0446,0.360261,34.386075,permanent_masonry,110,41000,45100000.0,100,0.01,NZ-100-0446,high,2.122,1.056,12.83,0.9,0.5527,24926800.76,250000.0,24676800.76,synthetic spatial flood-hazard scenario; not observed flood data,synthetic vulnerability/depth-damage function,True
NZA-0447,-0.010498,34.050865,semi_permanent,38,8100,3080000.0,100,0.01,NZ-100-0447,high,1.837,0.933,10.65,1.0,0.507,1561499.98,61600.0,1499899.98,synthetic spatial flood-hazard scenario; not observed flood data,synthetic vulnerability/depth-damage function,True
NZA-0448,0.634956,35.208905,informal_iron_sheet,12,8400,1010000.0,100,0.01,NZ-100-0448,high,1.816,0.799,10.37,1.35,0.6012,607256.28,20200.0,587056.28,synthetic spatial flood-hazard scenario; not observed flood data,synthetic vulnerability/depth-damage function,True
NZA-0449,1.138511,33.956467,informal_iron_sheet,16,8200,1310000.0,100,0.01,NZ-100-0449,high,1.916,0.852,10.72,1.35,0.6321,828006.16,26200.0,801806.16,synthetic spatial flood-hazard scenario; not observed flood data,synthetic vulnerability/depth-damage function,True
NZA-0450,0.025876,34.752617,semi_permanent,34,15800,5370000.0,100,0.01,NZ-100-0450,high,2.131,1.039,11.94,1.0,0.5887,3161517.21,107400.0,3054117.21,synthetic spatial flood-hazard scenario; not observed flood data,synthetic vulnerability/depth-damage function,True
NZA-0451,-0.239392,34.774853,semi_permanent,40,10900,4360000.0,100,0.01,NZ-100-0451,high,1.787,1.042,12.22,1.0,0.5049,2201538.55,87200.0,2114338.55,synthetic spatial flood-hazard scenario; not observed flood data,synthetic vulnerability/depth-damage function,True
NZA-0452,0.986012,34.255889,permanent_masonry,76,36300,27590000.0,100,0.01,NZ-100-0452,high,2.033,1.003,12.33,0.9,0.5276,14556604.05,250000.0,14306604.05,synthetic spatial flood-hazard scenario; not observed flood data,synthetic vulnerability/depth-damage function,True
NZA-0453,0.381342,35.343772,informal_iron_sheet,15,7300,1095000.0,100,0.01,NZ-100-0453,high,1.781,0.944,11.17,1.35,0.6022,659387.62,21900.0,637487.62,synthetic spatial flood-hazard scenario; not observed flood data,synthetic vulnerability/depth-damage function,True
NZA-0454,0.987785,35.351112,semi_permanent,52,15300,7955000.0,100,0.01,NZ-100-0454,high,1.858,0.915,12.26,1.0,0.5174,4115837.07,159100.0,3956737.07,synthetic spatial flood-hazard scenario; not observed flood data,synthetic vulnerability/depth-damage function,True
NZA-0455,0.384702,35.084554,semi_permanent,44,12100,5325000.0,100,0.01,NZ-100-0455,high,2.018,1.105,12.36,1.0,0.5669,3018752.32,106500.0,2912252.32,synthetic spatial flood-hazard scenario; not observed flood data,synthetic vulnerability/depth-damage function,True
NZA-0456,-0.273825,34.047396,semi_permanent,41,12500,5125000.0,100,0.01,NZ-100-0456,high,1.609,0.861,10.5,1.0,0.4425,2267626.85,102500.0,2165126.85,synthetic spatial flood-hazard scenario; not observed flood data,synthetic vulnerability/depth-damage function,True
NZA-0457,0.867148,35.390504,informal_iron_sheet,14,9700,1360000.0,100,0.01,NZ-100-0457,high,1.48,0.799,10.05,1.35,0.501,681299.46,27200.0,654099.46,synthetic spatial flood-hazard scenario; not observed flood data,synthetic vulnerability/depth-damage function,True
NZA-0458,1.153097,35.246726,informal_iron_sheet,14,6200,870000.0,100,0.01,NZ-100-0458,high,1.806,0.904,11.6,1.35,0.6088,529634.26,17400.0,512234.26,synthetic spatial flood-hazard scenario; not observed flood data,synthetic vulnerability/depth-damage function,True
NZA-0459,0.889218,35.3286,permanent_masonry,74,51700,38260000.0,100,0.01,NZ-100-0459,high,1.827,0.844,10.55,0.9,0.4638,17745264.68,250000.0,17495264.68,synthetic spatial flood-hazard scenario; not observed flood data,synthetic vulnerability/depth-damage function,True
NZA-0460,0.957244,35.19988,informal_iron_sheet,16,8000,1280000.0,100,0.01,NZ-100-0460,high,1.905,0.789,10.98,1.35,0.6269,802445.9,25600.0,776845.9,synthetic spatial flood-hazard scenario; not observed flood data,synthetic vulnerability/depth-damage function,True
NZA-0461,1.072874,34.637427,permanent_masonry,66,56400,37225000.0,100,0.01,NZ-100-0461,high,2.194,0.869,11.58,0.9,0.5548,20653558.07,250000.0,20403558.07,synthetic spatial flood-hazard scenario; not observed flood data,synthetic vulnerability/depth-damage function,True
NZA-0462,1.100764,33.876284,semi_permanent,39,13400,5225000.0,100,0.01,NZ-100-0462,high,1.765,0.951,11.13,1.0,0.4907,2563967.5,104500.0,2459467.5,synthetic spatial flood-hazard scenario; not observed flood data,synthetic vulnerability/depth-damage function,True
NZA-0463,0.654545,34.374969,informal_iron_sheet,14,7100,995000.0,100,0.01,NZ-100-0463,high,2.175,1.117,13.86,1.35,0.7195,715912.42,19900.0,696012.42,synthetic spatial flood-hazard scenario; not observed flood data,synthetic vulnerability/depth-damage function,True
NZA-0464,0.146798,34.443591,informal_iron_sheet,12,7800,935000.0,100,0.01,NZ-100-0464,high,2.154,1.14,14.51,1.35,0.7184,671686.34,18700.0,652986.34,synthetic spatial flood-hazard scenario; not observed flood data,synthetic vulnerability/depth-damage function,True
NZA-0465,0.907775,34.652904,permanent_masonry,53,55800,29575000.0,100,0.01,NZ-100-0465,high,2.664,1.055,13.63,0.9,0.668,19756782.38,250000.0,19506782.38,synthetic spatial flood-hazard scenario; not observed flood data,synthetic vulnerability/depth-damage function,True
NZA-0466,1.181054,35.009734,informal_iron_sheet,13,7300,950000.0,100,0.01,NZ-100-0466,high,1.684,0.757,10.52,1.35,0.5626,534512.05,19000.0,515512.05,synthetic spatial flood-hazard scenario; not observed flood data,synthetic vulnerability/depth-damage function,True
NZA-0467,0.337107,34.999095,semi_permanent,38,14500,5510000.0,100,0.01,NZ-100-0467,high,1.897,0.912,12.87,1.0,0.5292,2916135.29,110200.0,2805935.29,synthetic spatial flood-hazard scenario; not observed flood data,synthetic vulnerability/depth-damage function,True
NZA-0468,1.242735,34.291571,semi_permanent,66,12300,8120000.0,100,0.01,NZ-100-0468,high,1.899,0.794,11.9,1.0,0.5203,4224860.91,162400.0,4062460.91,synthetic spatial flood-hazard scenario; not observed flood data,synthetic vulnerability/depth-damage function,True
NZA-0469,0.536934,35.013341,concrete_rcc,566,77400,438085000.0,100,0.01,NZ-100-0469,high,1.971,0.818,13.0,0.7,0.4224,185050130.54,250000.0,184800130.54,synthetic spatial flood-hazard scenario; not observed flood data,synthetic vulnerability/depth-damage function,True
NZA-0470,-0.082401,34.039054,permanent_masonry,226,60300,136280000.0,100,0.01,NZ-100-0470,high,1.824,0.998,9.91,0.9,0.4678,63752620.82,250000.0,63502620.82,synthetic spatial flood-hazard scenario; not observed flood data,synthetic vulnerability/depth-damage function,True
NZA-0471,0.735218,34.460097,concrete_rcc,704,56800,399870000.0,100,0.01,NZ-100-0471,high,1.865,1.055,11.73,0.7,0.4052,162036511.65,250000.0,161786511.65,synthetic spatial flood-hazard scenario; not observed flood data,synthetic vulnerability/depth-damage function,True
NZA-0472,0.594956,35.099327,informal_iron_sheet,14,5900,825000.0,100,0.01,NZ-100-0472,high,1.987,0.994,12.97,1.35,0.6661,549494.24,16500.0,532994.24,synthetic spatial flood-hazard scenario; not observed flood data,synthetic vulnerability/depth-damage function,True
NZA-0473,0.770908,34.817441,semi_permanent,24,14500,3480000.0,100,0.01,NZ-100-0473,high,2.079,1.03,12.43,1.0,0.578,2011467.79,69600.0,1941867.79,synthetic spatial flood-hazard scenario; not observed flood data,synthetic vulnerability/depth-damage function,True
NZA-0474,0.909586,33.756294,semi_permanent,24,12300,2950000.0,100,0.01,NZ-100-0474,high,1.655,0.846,11.82,1.0,0.4589,1353887.97,59000.0,1294887.97,synthetic spatial flood-hazard scenario; not observed flood data,synthetic vulnerability/depth-damage function,True
NZA-0475,1.132647,35.260655,permanent_masonry,110,51100,56210000.0,100,0.01,NZ-100-0475,high,1.684,0.743,8.76,0.9,0.4171,23446218.54,250000.0,23196218.54,synthetic spatial flood-hazard scenario; not observed flood data,synthetic vulnerability/depth-damage function,True
NZA-0476,0.140861,35.060387,concrete_rcc,576,55900,321985000.0,100,0.01,NZ-100-0476,high,1.942,1.007,12.15,0.7,0.4216,135745569.36,250000.0,135495569.36,synthetic spatial flood-hazard scenario; not observed flood data,synthetic vulnerability/depth-damage function,True
NZA-0477,-0.268106,34.530761,semi_permanent,34,15700,5340000.0,100,0.01,NZ-100-0477,high,2.094,1.225,12.46,1.0,0.5913,3157642.81,106800.0,3050842.81,synthetic spatial flood-hazard scenario; not observed flood data,synthetic vulnerability/depth-damage function,True
NZA-0478,-0.157211,34.444361,informal_iron_sheet,13,9300,1210000.0,100,0.01,NZ-100-0478,high,1.922,0.991,11.15,1.35,0.6423,777237.78,24200.0,753037.78,synthetic spatial flood-hazard scenario; not observed flood data,synthetic vulnerability/depth-damage function,True
NZA-0479,-0.173352,34.922677,permanent_masonry,140,58900,82460000.0,100,0.01,NZ-100-0479,high,2.089,0.882,11.04,0.9,0.5297,43676354.88,250000.0,43426354.88,synthetic spatial flood-hazard scenario; not observed flood data,synthetic vulnerability/depth-damage function,True
NZA-0480,0.651788,33.788847,semi_permanent,34,14300,4860000.0,100,0.01,NZ-100-0480,high,2.013,1.125,13.32,1.0,0.5704,2772108.41,97200.0,2674908.41,synthetic spatial flood-hazard scenario; not observed flood data,synthetic vulnerability/depth-damage function,True
NZA-0481,0.29228,34.356186,semi_permanent,59,10800,6370000.0,100,0.01,NZ-100-0481,high,2.035,0.969,12.4,1.0,0.5643,3594821.6,127400.0,3467421.6,synthetic spatial flood-hazard scenario; not observed flood data,synthetic vulnerability/depth-damage function,True
NZA-0482,0.130915,34.351599,semi_permanent,43,15100,6495000.0,100,0.01,NZ-100-0482,high,2.198,1.072,13.77,1.0,0.6128,3980364.06,129900.0,3850464.06,synthetic spatial flood-hazard scenario; not observed flood data,synthetic vulnerability/depth-damage function,True
NZA-0483,0.491714,35.224141,semi_permanent,51,9600,4895000.0,100,0.01,NZ-100-0483,high,2.018,1.053,11.69,1.0,0.5618,2750245.55,97900.0,2652345.55,synthetic spatial flood-hazard scenario; not observed flood data,synthetic vulnerability/depth-damage function,True
NZA-0484,0.419117,34.11669,semi_permanent,52,8500,4420000.0,100,0.01,NZ-100-0484,high,1.712,0.981,11.4,1.0,0.4791,2117408.52,88400.0,2029008.52,synthetic spatial flood-hazard scenario; not observed flood data,synthetic vulnerability/depth-damage function,True
NZA-0485,0.14098,33.90515,concrete_rcc,330,65000,214500000.0,100,0.01,NZ-100-0485,high,1.752,0.86,10.89,0.7,0.3691,79176410.46,250000.0,78926410.46,synthetic spatial flood-hazard scenario; not observed flood data,synthetic vulnerability/depth-damage function,True
NZA-0486,-0.279435,34.688574,informal_iron_sheet,8,9700,775000.0,100,0.01,NZ-100-0486,high,2.125,1.103,12.36,1.35,0.702,544051.94,15500.0,528551.94,synthetic spatial flood-hazard scenario; not observed flood data,synthetic vulnerability/depth-damage function,True
NZA-0487,0.32714,34.295446,semi_permanent,40,15600,6240000.0,100,0.01,NZ-100-0487,high,2.054,0.948,11.28,1.0,0.5637,3517225.85,124800.0,3392425.85,synthetic spatial flood-hazard scenario; not observed flood data,synthetic vulnerability/depth-damage function,True
NZA-0488,1.281058,33.899735,permanent_masonry,96,44200,42430000.0,100,0.01,NZ-100-0488,high,1.897,0.906,11.24,0.9,0.4862,20631406.53,250000.0,20381406.53,synthetic spatial flood-hazard scenario; not observed flood data,synthetic vulnerability/depth-damage function,True
NZA-0489,-0.252949,34.675029,permanent_masonry,96,43600,41855000.0,100,0.01,NZ-100-0489,high,2.073,1.136,11.15,0.9,0.5391,22563948.65,250000.0,22313948.65,synthetic spatial flood-hazard scenario; not observed flood data,synthetic vulnerability/depth-damage function,True
NZA-0490,0.891063,34.590685,informal_iron_sheet,12,7600,910000.0,100,0.01,NZ-100-0490,high,2.237,1.187,12.06,1.35,0.7297,664006.33,18200.0,645806.33,synthetic spatial flood-hazard scenario; not observed flood data,synthetic vulnerability/depth-damage function,True
NZA-0491,0.427999,34.721662,semi_permanent,26,14500,3770000.0,100,0.01,NZ-100-0491,high,2.659,1.17,12.66,1.0,0.7074,2666821.15,75400.0,2591421.15,synthetic spatial flood-hazard scenario; not observed flood data,synthetic vulnerability/depth-damage function,True
NZA-0492,0.227071,34.89631,informal_iron_sheet,14,7300,1020000.0,100,0.01,NZ-100-0492,high,2.112,1.126,13.04,1.35,0.7027,716756.97,20400.0,696356.97,synthetic spatial flood-hazard scenario; not observed flood data,synthetic vulnerability/depth-damage function,True
NZA-0493,1.242441,34.867189,informal_iron_sheet,12,5100,610000.0,100,0.01,NZ-100-0493,high,1.701,0.952,9.8,1.35,0.5746,350505.72,12200.0,338305.72,synthetic spatial flood-hazard scenario; not observed flood data,synthetic vulnerability/depth-damage function,True
NZA-0494,1.119788,35.14177,informal_iron_sheet,15,9200,1380000.0,100,0.01,NZ-100-0494,high,2.135,1.019,12.23,1.35,0.6998,965689.57,27600.0,938089.57,synthetic spatial flood-hazard scenario; not observed flood data,synthetic vulnerability/depth-damage function,True
NZA-0495,0.688268,34.158344,permanent_masonry,121,45000,54450000.0,100,0.01,NZ-100-0495,high,2.117,1.048,12.41,0.9,0.5496,29924481.81,250000.0,29674481.81,synthetic spatial flood-hazard scenario; not observed flood data,synthetic vulnerability/depth-damage function,True
NZA-0496,0.872427,33.962715,concrete_rcc,270,72600,196020000.0,100,0.01,NZ-100-0496,high,1.808,0.851,10.3,0.7,0.3794,74362825.53,250000.0,74112825.53,synthetic spatial flood-hazard scenario; not observed flood data,synthetic vulnerability/depth-damage function,True
NZA-0497,0.394684,34.492669,permanent_masonry,55,39200,21560000.0,100,0.01,NZ-100-0497,high,1.966,0.996,11.96,0.9,0.5099,10994397.98,250000.0,10744397.98,synthetic spatial flood-hazard scenario; not observed flood data,synthetic vulnerability/depth-damage function,True
NZA-0498,1.137023,34.069527,permanent_masonry,45,44700,20115000.0,100,0.01,NZ-100-0498,high,1.886,0.992,12.62,0.9,0.4927,9909988.3,250000.0,9659988.3,synthetic spatial flood-hazard scenario; not observed flood data,synthetic vulnerability/depth-damage function,True
NZA-0499,0.198281,34.118395,permanent_masonry,145,40200,58290000.0,100,0.01,NZ-100-0499,high,2.055,0.949,14.03,0.9,0.5364,31263909.28,250000.0,31013909.28,synthetic spatial flood-hazard scenario; not observed flood data,synthetic vulnerability/depth-damage function,True
NZA-0000,0.756568,33.971985,concrete_rcc,489,56000,273840000.0,200,0.005,NZ-200-0000,high,2.113,0.892,10.58,0.7,0.4479,122662911.38,250000.0,122412911.38,synthetic spatial flood-hazard scenario; not observed flood data,synthetic vulnerability/depth-damage function,True
NZA-0001,0.029978,34.696104,informal_iron_sheet,8,9600,770000.0,200,0.005,NZ-200-0001,high,2.289,0.904,12.91,1.35,0.7303,562332.9,15400.0,546932.9,synthetic spatial flood-hazard scenario; not observed flood data,synthetic vulnerability/depth-damage function,True
NZA-0002,1.077706,35.100523,concrete_rcc,385,72000,277200000.0,200,0.005,NZ-200-0002,high,2.513,0.948,12.3,0.7,0.5371,148888607.02,250000.0,148638607.02,synthetic spatial flood-hazard scenario; not observed flood data,synthetic vulnerability/depth-damage function,True
NZA-0003,0.59297,34.205342,concrete_rcc,519,51200,265730000.0,200,0.005,NZ-200-0003,high,2.24,1.123,12.05,0.7,0.4903,130294845.27,250000.0,130044845.27,synthetic spatial flood-hazard scenario; not observed flood data,synthetic vulnerability/depth-damage function,True
NZA-0004,0.853177,34.864329,permanent_masonry,97,52500,50925000.0,200,0.005,NZ-200-0004,high,2.242,1.045,12.85,0.9,0.5792,29496617.0,250000.0,29246617.0,synthetic spatial flood-hazard scenario; not observed flood data,synthetic vulnerability/depth-damage function,True
NZA-0005,0.51001,34.488603,informal_iron_sheet,13,7700,1000000.0,200,0.005,NZ-200-0005,high,2.519,1.066,13.79,1.35,0.7854,785350.87,20000.0,765350.87,synthetic spatial flood-hazard scenario; not observed flood data,synthetic vulnerability/depth-damage function,True
NZA-0006,1.251868,35.215308,informal_iron_sheet,8,8300,665000.0,200,0.005,NZ-200-0006,high,1.874,0.789,10.33,1.35,0.6161,409694.82,13300.0,396394.82,synthetic spatial flood-hazard scenario; not observed flood data,synthetic vulnerability/depth-damage function,True
NZA-0007,0.642984,34.660285,permanent_masonry,102,40400,41210000.0,200,0.005,NZ-200-0007,high,2.581,1.236,13.25,0.9,0.6598,27191043.22,250000.0,26941043.22,synthetic spatial flood-hazard scenario; not observed flood data,synthetic vulnerability/depth-damage function,True
NZA-0008,1.005254,35.388426,informal_iron_sheet,23,7200,1655000.0,200,0.005,NZ-200-0008,moderate,1.837,0.777,8.91,1.35,0.6001,993223.72,33100.0,960123.72,synthetic spatial flood-hazard scenario; not observed flood data,synthetic vulnerability/depth-damage function,True
NZA-0009,0.997211,34.112287,semi_permanent,50,9400,4700000.0,200,0.005,NZ-200-0009,high,2.337,0.96,11.91,1.0,0.6303,2962540.92,94000.0,2868540.92,synthetic spatial flood-hazard scenario; not observed flood data,synthetic vulnerability/depth-damage function,True
NZA-0010,0.236424,33.885804,semi_permanent,47,9000,4230000.0,200,0.005,NZ-200-0010,high,2.217,0.895,12.54,1.0,0.6033,2551752.9,84600.0,2467152.9,synthetic spatial flood-hazard scenario; not observed flood data,synthetic vulnerability/depth-damage function,True
NZA-0011,-0.010214,34.287435,permanent_masonry,81,55400,44875000.0,200,0.005,NZ-200-0011,high,2.51,0.999,12.8,0.9,0.6325,28381645.71,250000.0,28131645.71,synthetic spatial flood-hazard scenario; not observed flood data,synthetic vulnerability/depth-damage function,True
NZA-0012,0.531805,35.024665,permanent_masonry,97,42300,41030000.0,200,0.005,NZ-200-0012,high,2.72,0.938,12.53,0.9,0.6683,27419954.69,250000.0,27169954.69,synthetic spatial flood-hazard scenario; not observed flood data,synthetic vulnerability/depth-damage function,True
NZA-0013,0.444915,34.617409,semi_permanent,37,13200,4885000.0,200,0.005,NZ-200-0013,high,2.275,0.95,11.6,1.0,0.6153,3005608.7,97700.0,2907908.7,synthetic spatial flood-hazard scenario; not observed flood data,synthetic vulnerability/depth-damage function,True
NZA-0014,0.955461,35.271234,semi_permanent,54,13900,7505000.0,200,0.005,NZ-200-0014,high,2.241,1.034,10.27,1.0,0.607,4555509.38,150100.0,4405409.38,synthetic spatial flood-hazard scenario; not observed flood data,synthetic vulnerability/depth-damage function,True
NZA-0015,0.282611,35.390422,semi_permanent,25,15300,3825000.0,200,0.005,NZ-200-0015,high,2.393,1.099,12.54,1.0,0.6516,2492200.19,76500.0,2415700.19,synthetic spatial flood-hazard scenario; not observed flood data,synthetic vulnerability/depth-damage function,True
NZA-0016,0.527984,35.267816,semi_permanent,20,10200,2040000.0,200,0.005,NZ-200-0016,high,2.288,1.038,10.83,1.0,0.6197,1264142.12,40800.0,1223342.12,synthetic spatial flood-hazard scenario; not observed flood data,synthetic vulnerability/depth-damage function,True
NZA-0017,-0.117852,33.975926,permanent_masonry,137,39100,53565000.0,200,0.005,NZ-200-0017,high,1.98,0.963,10.56,0.9,0.5067,27141418.24,250000.0,26891418.24,synthetic spatial flood-hazard scenario; not observed flood data,synthetic vulnerability/depth-damage function,True
NZA-0018,0.279472,34.703121,concrete_rcc,165,56200,92730000.0,200,0.005,NZ-200-0018,high,2.388,0.941,12.52,0.7,0.5134,47603431.95,250000.0,47353431.95,synthetic spatial flood-hazard scenario; not observed flood data,synthetic vulnerability/depth-damage function,True
NZA-0019,0.147643,34.933593,permanent_masonry,95,61600,58520000.0,200,0.005,NZ-200-0019,high,2.259,0.989,11.73,0.9,0.5759,33701116.53,250000.0,33451116.53,synthetic spatial flood-hazard scenario; not observed flood data,synthetic vulnerability/depth-damage function,True
NZA-0020,0.265343,35.262243,informal_iron_sheet,16,5300,850000.0,200,0.005,NZ-200-0020,high,2.472,1.013,12.54,1.35,0.77,654466.94,17000.0,637466.94,synthetic spatial flood-hazard scenario; not observed flood data,synthetic vulnerability/depth-damage function,True
NZA-0021,1.220344,33.948898,semi_permanent,36,10800,3890000.0,200,0.005,NZ-200-0021,high,1.977,0.863,10.27,1.0,0.537,2088775.1,77800.0,2010975.1,synthetic spatial flood-hazard scenario; not observed flood data,synthetic vulnerability/depth-damage function,True
NZA-0022,1.004731,34.741446,informal_iron_sheet,11,6300,695000.0,200,0.005,NZ-200-0022,high,2.332,1.146,10.76,1.35,0.7427,516190.71,13900.0,502290.71,synthetic spatial flood-hazard scenario; not observed flood data,synthetic vulnerability/depth-damage function,True
NZA-0023,0.451159,33.791979,concrete_rcc,421,54700,230285000.0,200,0.005,NZ-200-0023,high,2.218,0.899,11.03,0.7,0.4714,108564661.63,250000.0,108314661.63,synthetic spatial flood-hazard scenario; not observed flood data,synthetic vulnerability/depth-damage function,True
NZA-0024,0.336526,34.963292,concrete_rcc,449,74800,335850000.0,200,0.005,NZ-200-0024,high,2.361,1.081,11.26,0.7,0.5101,171308848.73,250000.0,171058848.73,synthetic spatial flood-hazard scenario; not observed flood data,synthetic vulnerability/depth-damage function,True
NZA-0025,0.115454,34.674031,permanent_masonry,155,36800,57040000.0,200,0.005,NZ-200-0025,high,2.408,1.018,11.19,0.9,0.6067,34608687.83,250000.0,34358687.83,synthetic spatial flood-hazard scenario; not observed flood data,synthetic vulnerability/depth-damage function,True
NZA-0026,0.369143,33.915251,permanent_masonry,64,56300,36030000.0,200,0.005,NZ-200-0026,high,2.441,1.139,11.85,0.9,0.622,22411917.89,250000.0,22161917.89,synthetic spatial flood-hazard scenario; not observed flood data,synthetic vulnerability/depth-damage function,True
NZA-0027,1.249494,33.893252,informal_iron_sheet,16,8200,1310000.0,200,0.005,NZ-200-0027,high,2.171,1.083,12.05,1.35,0.7104,930579.44,26200.0,904379.44,synthetic spatial flood-hazard scenario; not observed flood data,synthetic vulnerability/depth-damage function,True
NZA-0028,0.023866,34.591599,informal_iron_sheet,20,8100,1620000.0,200,0.005,NZ-200-0028,high,2.706,1.139,14.95,1.35,0.8231,1333400.34,32400.0,1301000.34,synthetic spatial flood-hazard scenario; not observed flood data,synthetic vulnerability/depth-damage function,True
NZA-0029,1.034526,34.539818,informal_iron_sheet,14,9200,1290000.0,200,0.005,NZ-200-0029,high,2.181,0.892,10.48,1.35,0.697,899160.75,25800.0,873360.75,synthetic spatial flood-hazard scenario; not observed flood data,synthetic vulnerability/depth-damage function,True
NZA-0030,0.664276,34.615193,informal_iron_sheet,16,6700,1070000.0,200,0.005,NZ-200-0030,high,2.571,1.024,13.03,1.35,0.7898,845104.19,21400.0,823704.19,synthetic spatial flood-hazard scenario; not observed flood data,synthetic vulnerability/depth-damage function,True
NZA-0031,1.178456,35.361044,informal_iron_sheet,17,6100,1035000.0,200,0.005,NZ-200-0031,high,1.965,0.965,11.03,1.35,0.6516,674432.03,20700.0,653732.03,synthetic spatial flood-hazard scenario; not observed flood data,synthetic vulnerability/depth-damage function,True
NZA-0032,0.882083,35.363684,semi_permanent,34,12800,4350000.0,200,0.005,NZ-200-0032,high,2.205,0.971,11.11,1.0,0.599,2605587.31,87000.0,2518587.31,synthetic spatial flood-hazard scenario; not observed flood data,synthetic vulnerability/depth-damage function,True
NZA-0033,0.024413,34.202607,informal_iron_sheet,19,5600,1065000.0,200,0.005,NZ-200-0033,high,2.378,1.201,13.7,1.35,0.765,814689.05,21300.0,793389.05,synthetic spatial flood-hazard scenario; not observed flood data,synthetic vulnerability/depth-damage function,True
NZA-0034,1.23903,33.827218,permanent_masonry,47,62800,29515000.0,200,0.005,NZ-200-0034,high,2.033,0.93,11.81,0.9,0.5222,15412352.8,250000.0,15162352.8,synthetic spatial flood-hazard scenario; not observed flood data,synthetic vulnerability/depth-damage function,True
NZA-0035,1.211209,34.196232,concrete_rcc,350,68700,240450000.0,200,0.005,NZ-200-0035,high,2.159,0.884,10.78,0.7,0.4578,110082881.64,250000.0,109832881.64,synthetic spatial flood-hazard scenario; not observed flood data,synthetic vulnerability/depth-damage function,True
NZA-0036,-0.112918,35.082959,semi_permanent,32,10000,3200000.0,200,0.005,NZ-200-0036,high,2.293,0.869,11.61,1.0,0.615,1968102.93,64000.0,1904102.93,synthetic spatial flood-hazard scenario; not observed flood data,synthetic vulnerability/depth-damage function,True
NZA-0037,0.265233,34.14853,semi_permanent,31,8400,2605000.0,200,0.005,NZ-200-0037,high,2.397,0.936,13.24,1.0,0.6469,1685208.97,52100.0,1633108.97,synthetic spatial flood-hazard scenario; not observed flood data,synthetic vulnerability/depth-damage function,True
NZA-0038,-0.143883,33.941858,informal_iron_sheet,14,7700,1080000.0,200,0.005,NZ-200-0038,high,2.259,0.977,10.48,1.35,0.7183,775789.82,21600.0,754189.82,synthetic spatial flood-hazard scenario; not observed flood data,synthetic vulnerability/depth-damage function,True
NZA-0039,0.501551,34.726637,semi_permanent,44,9300,4090000.0,200,0.005,NZ-200-0039,high,2.675,1.014,13.9,1.0,0.7072,2892574.4,81800.0,2810774.4,synthetic spatial flood-hazard scenario; not observed flood data,synthetic vulnerability/depth-damage function,True
NZA-0040,1.140541,34.874385,informal_iron_sheet,17,9000,1530000.0,200,0.005,NZ-200-0040,high,2.257,0.823,12.93,1.35,0.7194,1100747.52,30600.0,1070147.52,synthetic spatial flood-hazard scenario; not observed flood data,synthetic vulnerability/depth-damage function,True
NZA-0041,0.918409,33.99557,permanent_masonry,92,47400,43610000.0,200,0.005,NZ-200-0041,high,2.529,1.077,12.3,0.9,0.6383,27837598.68,250000.0,27587598.68,synthetic spatial flood-hazard scenario; not observed flood data,synthetic vulnerability/depth-damage function,True
NZA-0042,0.766295,33.798706,permanent_masonry,115,58100,66815000.0,200,0.005,NZ-200-0042,high,1.94,0.902,10.6,0.9,0.4941,33012354.84,250000.0,32762354.84,synthetic spatial flood-hazard scenario; not observed flood data,synthetic vulnerability/depth-damage function,True
NZA-0043,0.426875,33.978446,informal_iron_sheet,8,6700,535000.0,200,0.005,NZ-200-0043,high,2.49,1.073,14.48,1.35,0.7828,418805.46,10700.0,408105.46,synthetic spatial flood-hazard scenario; not observed flood data,synthetic vulnerability/depth-damage function,True
NZA-0044,-0.049257,34.101783,semi_permanent,30,15000,4500000.0,200,0.005,NZ-200-0044,high,2.23,0.976,10.09,1.0,0.6008,2703439.05,90000.0,2613439.05,synthetic spatial flood-hazard scenario; not observed flood data,synthetic vulnerability/depth-damage function,True
NZA-0045,-0.088865,34.314237,informal_iron_sheet,18,6000,1080000.0,200,0.005,NZ-200-0045,high,2.543,1.006,12.14,1.35,0.7811,843585.24,21600.0,821985.24,synthetic spatial flood-hazard scenario; not observed flood data,synthetic vulnerability/depth-damage function,True
NZA-0046,0.545365,34.656193,informal_iron_sheet,14,9900,1385000.0,200,0.005,NZ-200-0046,high,2.65,1.213,13.52,1.35,0.8129,1125924.92,27700.0,1098224.92,synthetic spatial flood-hazard scenario; not observed flood data,synthetic vulnerability/depth-damage function,True
NZA-0047,0.253929,35.252561,permanent_masonry,106,53000,56180000.0,200,0.005,NZ-200-0047,high,2.313,0.899,11.67,0.9,0.5827,32735350.57,250000.0,32485350.57,synthetic spatial flood-hazard scenario; not observed flood data,synthetic vulnerability/depth-damage function,True
NZA-0048,0.987038,34.293721,semi_permanent,64,13300,8510000.0,200,0.005,NZ-200-0048,high,2.125,1.045,13.43,1.0,0.5934,5049520.83,170200.0,4879320.83,synthetic spatial flood-hazard scenario; not observed flood data,synthetic vulnerability/depth-damage function,True
NZA-0049,0.89248,34.7781,semi_permanent,52,12100,6290000.0,200,0.005,NZ-200-0049,high,2.564,1.07,12.94,1.0,0.6858,4313813.42,125800.0,4188013.42,synthetic spatial flood-hazard scenario; not observed flood data,synthetic vulnerability/depth-damage function,True
NZA-0050,0.887903,34.82692,permanent_masonry,65,54100,35165000.0,200,0.005,NZ-200-0050,high,2.199,0.975,12.12,0.9,0.5635,19814011.28,250000.0,19564011.28,synthetic spatial flood-hazard scenario; not observed flood data,synthetic vulnerability/depth-damage function,True
NZA-0051,0.002433,34.180603,permanent_masonry,94,52200,49070000.0,200,0.005,NZ-200-0051,high,2.248,1.067,12.47,0.9,0.5801,28464967.93,250000.0,28214967.93,synthetic spatial flood-hazard scenario; not observed flood data,synthetic vulnerability/depth-damage function,True
NZA-0052,0.721631,34.642,informal_iron_sheet,19,8100,1540000.0,200,0.005,NZ-200-0052,high,2.589,1.109,11.79,1.35,0.7925,1220458.14,30800.0,1189658.14,synthetic spatial flood-hazard scenario; not observed flood data,synthetic vulnerability/depth-damage function,True
NZA-0053,0.753149,35.370674,informal_iron_sheet,14,8300,1160000.0,200,0.005,NZ-200-0053,high,2.242,0.928,12.59,1.35,0.7203,835492.97,23200.0,812292.97,synthetic spatial flood-hazard scenario; not observed flood data,synthetic vulnerability/depth-damage function,True
NZA-0054,0.770123,35.394553,permanent_masonry,94,58000,54520000.0,200,0.005,NZ-200-0054,high,1.931,0.804,10.54,0.9,0.4869,26547594.23,250000.0,26297594.23,synthetic spatial flood-hazard scenario; not observed flood data,synthetic vulnerability/depth-damage function,True
NZA-0055,0.536436,34.421914,informal_iron_sheet,22,6900,1520000.0,200,0.005,NZ-200-0055,high,2.766,1.107,14.49,1.35,0.8293,1260579.6,30400.0,1230179.6,synthetic spatial flood-hazard scenario; not observed flood data,synthetic vulnerability/depth-damage function,True
NZA-0056,0.62561,35.101229,semi_permanent,30,8200,2460000.0,200,0.005,NZ-200-0056,high,2.348,0.988,11.34,1.0,0.6319,1554538.14,49200.0,1505338.14,synthetic spatial flood-hazard scenario; not observed flood data,synthetic vulnerability/depth-damage function,True
NZA-0057,0.845981,34.268036,permanent_masonry,231,52400,121045000.0,200,0.005,NZ-200-0057,high,2.581,1.033,11.79,0.9,0.6442,77974663.96,250000.0,77724663.96,synthetic spatial flood-hazard scenario; not observed flood data,synthetic vulnerability/depth-damage function,True
NZA-0058,1.263461,35.065468,concrete_rcc,175,70700,123725000.0,200,0.005,NZ-200-0058,high,1.992,1.027,10.17,0.7,0.4269,52815068.82,250000.0,52565068.82,synthetic spatial flood-hazard scenario; not observed flood data,synthetic vulnerability/depth-damage function,True
NZA-0059,-0.258789,34.342286,permanent_masonry,85,46000,39100000.0,200,0.005,NZ-200-0059,high,2.151,0.802,10.23,0.9,0.5368,20989914.23,250000.0,20739914.23,synthetic spatial flood-hazard scenario; not observed flood data,synthetic vulnerability/depth-damage function,True
NZA-0060,0.093027,35.024111,informal_iron_sheet,21,8600,1805000.0,200,0.005,NZ-200-0060,high,2.348,0.865,12.46,1.35,0.7388,1333497.21,36100.0,1297397.21,synthetic spatial flood-hazard scenario; not observed flood data,synthetic vulnerability/depth-damage function,True
NZA-0061,0.971682,33.832945,semi_permanent,56,10700,5990000.0,200,0.005,NZ-200-0061,high,1.916,0.978,9.37,1.0,0.5242,3139797.84,119800.0,3019997.84,synthetic spatial flood-hazard scenario; not observed flood data,synthetic vulnerability/depth-damage function,True
NZA-0062,0.625062,34.040311,semi_permanent,34,12500,4250000.0,200,0.005,NZ-200-0062,high,2.392,0.934,9.88,1.0,0.6326,2688696.44,85000.0,2603696.44,synthetic spatial flood-hazard scenario; not observed flood data,synthetic vulnerability/depth-damage function,True
NZA-0063,-0.02037,34.768432,concrete_rcc,397,65400,259640000.0,200,0.005,NZ-200-0063,high,2.32,0.826,10.64,0.7,0.4873,126514003.05,250000.0,126264003.05,synthetic spatial flood-hazard scenario; not observed flood data,synthetic vulnerability/depth-damage function,True
NZA-0064,0.076172,34.070264,permanent_masonry,66,36600,24155000.0,200,0.005,NZ-200-0064,high,2.365,1.061,12.59,0.9,0.6052,14619319.43,250000.0,14369319.43,synthetic spatial flood-hazard scenario; not observed flood data,synthetic vulnerability/depth-damage function,True
NZA-0065,0.828844,34.207395,concrete_rcc,251,79100,198540000.0,200,0.005,NZ-200-0065,high,2.441,1.017,11.61,0.7,0.5241,104050009.86,250000.0,103800009.86,synthetic spatial flood-hazard scenario; not observed flood data,synthetic vulnerability/depth-damage function,True
NZA-0066,0.363097,34.848581,permanent_masonry,158,57000,90060000.0,200,0.005,NZ-200-0066,high,2.583,1.095,13.05,0.9,0.6526,58777653.35,250000.0,58527653.35,synthetic spatial flood-hazard scenario; not observed flood data,synthetic vulnerability/depth-damage function,True
NZA-0067,0.939907,34.201686,permanent_masonry,75,38900,29175000.0,200,0.005,NZ-200-0067,high,2.261,0.971,11.57,0.9,0.5748,16769655.36,250000.0,16519655.36,synthetic spatial flood-hazard scenario; not observed flood data,synthetic vulnerability/depth-damage function,True
NZA-0068,1.227044,34.241811,permanent_masonry,61,52800,32210000.0,200,0.005,NZ-200-0068,high,2.0,0.801,11.1,0.9,0.5054,16279316.21,250000.0,16029316.21,synthetic spatial flood-hazard scenario; not observed flood data,synthetic vulnerability/depth-damage function,True
NZA-0069,0.317002,35.094154,concrete_rcc,241,58600,141225000.0,200,0.005,NZ-200-0069,high,2.462,0.89,12.04,0.7,0.5235,73938196.1,250000.0,73688196.1,synthetic spatial flood-hazard scenario; not observed flood data,synthetic vulnerability/depth-damage function,True
NZA-0070,1.025978,33.900142,informal_iron_sheet,13,6600,860000.0,200,0.005,NZ-200-0070,high,1.974,0.921,11.12,1.35,0.6518,560545.62,17200.0,543345.62,synthetic spatial flood-hazard scenario; not observed flood data,synthetic vulnerability/depth-damage function,True
NZA-0071,0.423824,33.766319,informal_iron_sheet,19,5700,1085000.0,200,0.005,NZ-200-0071,high,2.412,0.948,11.4,1.35,0.7515,815358.97,21700.0,793658.97,synthetic spatial flood-hazard scenario; not observed flood data,synthetic vulnerability/depth-damage function,True
NZA-0072,0.937466,35.111781,permanent_masonry,80,63100,50480000.0,200,0.005,NZ-200-0072,high,2.469,1.018,13.11,0.9,0.6265,31623986.9,250000.0,31373986.9,synthetic spatial flood-hazard scenario; not observed flood data,synthetic vulnerability/depth-damage function,True
NZA-0073,0.328458,35.232416,informal_iron_sheet,21,7000,1470000.0,200,0.005,NZ-200-0073,high,2.119,1.084,11.11,1.35,0.695,1021665.38,29400.0,992265.38,synthetic spatial flood-hazard scenario; not observed flood data,synthetic vulnerability/depth-damage function,True
NZA-0074,-0.090471,34.850549,informal_iron_sheet,17,8200,1395000.0,200,0.005,NZ-200-0074,high,2.306,1.01,12.24,1.35,0.7364,1027208.7,27900.0,999308.7,synthetic spatial flood-hazard scenario; not observed flood data,synthetic vulnerability/depth-damage function,True
NZA-0075,0.198354,34.765535,informal_iron_sheet,10,8200,820000.0,200,0.005,NZ-200-0075,high,2.387,1.066,13.65,1.35,0.7603,623457.86,16400.0,607057.86,synthetic spatial flood-hazard scenario; not observed flood data,synthetic vulnerability/depth-damage function,True
NZA-0076,0.739884,35.214994,permanent_masonry,107,53800,57565000.0,200,0.005,NZ-200-0076,high,2.05,0.899,10.56,0.9,0.5198,29919453.51,250000.0,29669453.51,synthetic spatial flood-hazard scenario; not observed flood data,synthetic vulnerability/depth-damage function,True
NZA-0077,1.228589,34.60225,concrete_rcc,221,79500,175695000.0,200,0.005,NZ-200-0077,high,2.391,1.004,11.68,0.7,0.5137,90259151.16,250000.0,90009151.16,synthetic spatial flood-hazard scenario; not observed flood data,synthetic vulnerability/depth-damage function,True
NZA-0078,0.217614,33.894971,permanent_masonry,60,48100,28860000.0,200,0.005,NZ-200-0078,high,2.394,0.883,12.0,0.9,0.6001,17319218.92,250000.0,17069218.92,synthetic spatial flood-hazard scenario; not observed flood data,synthetic vulnerability/depth-damage function,True
NZA-0079,0.524414,34.338563,informal_iron_sheet,13,5900,765000.0,200,0.005,NZ-200-0079,high,2.677,1.028,13.06,1.35,0.8078,617999.92,15300.0,602699.92,synthetic spatial flood-hazard scenario; not observed flood data,synthetic vulnerability/depth-damage function,True
NZA-0080,1.176979,34.44922,permanent_masonry,122,40000,48800000.0,200,0.005,NZ-200-0080,high,2.732,1.213,13.74,0.9,0.6886,33603061.65,250000.0,33353061.65,synthetic spatial flood-hazard scenario; not observed flood data,synthetic vulnerability/depth-damage function,True
NZA-0081,0.828157,35.14608,semi_permanent,72,13100,9430000.0,200,0.005,NZ-200-0081,high,2.289,0.996,11.17,1.0,0.619,5836720.66,188600.0,5648120.66,synthetic spatial flood-hazard scenario; not observed flood data,synthetic vulnerability/depth-damage function,True
NZA-0082,0.12854,34.738688,semi_permanent,54,12000,6480000.0,200,0.005,NZ-200-0082,high,2.54,0.951,12.13,1.0,0.672,4354695.41,129600.0,4225095.41,synthetic spatial flood-hazard scenario; not observed flood data,synthetic vulnerability/depth-damage function,True
NZA-0083,0.685219,33.810696,semi_permanent,32,10500,3360000.0,200,0.005,NZ-200-0083,high,1.96,0.847,9.6,1.0,0.5294,1778652.1,67200.0,1711452.1,synthetic spatial flood-hazard scenario; not observed flood data,synthetic vulnerability/depth-damage function,True
NZA-0084,0.333454,34.820253,semi_permanent,26,13800,3590000.0,200,0.005,NZ-200-0084,high,2.304,0.993,12.04,1.0,0.6256,2245781.18,71800.0,2173981.18,synthetic spatial flood-hazard scenario; not observed flood data,synthetic vulnerability/depth-damage function,True
NZA-0085,-0.170039,35.130264,concrete_rcc,516,50800,262130000.0,200,0.005,NZ-200-0085,high,2.373,0.906,12.01,0.7,0.5067,132831734.59,250000.0,132581734.59,synthetic spatial flood-hazard scenario; not observed flood data,synthetic vulnerability/depth-damage function,True
NZA-0086,0.410034,33.841346,informal_iron_sheet,17,5200,885000.0,200,0.005,NZ-200-0086,high,2.277,1.025,11.08,1.35,0.7269,643280.85,17700.0,625580.85,synthetic spatial flood-hazard scenario; not observed flood data,synthetic vulnerability/depth-damage function,True
NZA-0087,1.270221,35.260435,permanent_masonry,88,49100,43210000.0,200,0.005,NZ-200-0087,high,2.404,0.974,12.02,0.9,0.6068,26219979.8,250000.0,25969979.8,synthetic spatial flood-hazard scenario; not observed flood data,synthetic vulnerability/depth-damage function,True
NZA-0088,0.765436,33.808763,informal_iron_sheet,18,5400,970000.0,200,0.005,NZ-200-0088,high,1.934,0.874,10.38,1.35,0.6365,617405.69,19400.0,598005.69,synthetic spatial flood-hazard scenario; not observed flood data,synthetic vulnerability/depth-damage function,True
NZA-0089,0.701375,34.877199,informal_iron_sheet,11,7600,835000.0,200,0.005,NZ-200-0089,high,2.301,0.989,12.38,1.35,0.7348,613580.99,16700.0,596880.99,synthetic spatial flood-hazard scenario; not observed flood data,synthetic vulnerability/depth-damage function,True
NZA-0090,0.648595,34.32347,concrete_rcc,363,56200,204005000.0,200,0.005,NZ-200-0090,high,2.455,1.091,13.05,0.7,0.5357,109290609.48,250000.0,109040609.48,synthetic spatial flood-hazard scenario; not observed flood data,synthetic vulnerability/depth-damage function,True
NZA-0091,1.116301,34.555812,semi_permanent,23,11900,2735000.0,200,0.005,NZ-200-0091,high,2.551,1.122,13.79,1.0,0.6891,1884578.51,54700.0,1829878.51,synthetic spatial flood-hazard scenario; not observed flood data,synthetic vulnerability/depth-damage function,True
NZA-0092,0.367428,33.998338,semi_permanent,58,8100,4700000.0,200,0.005,NZ-200-0092,high,2.153,0.791,9.58,1.0,0.5721,2688905.93,94000.0,2594905.93,synthetic spatial flood-hazard scenario; not observed flood data,synthetic vulnerability/depth-damage function,True
NZA-0093,-0.233324,33.994118,permanent_masonry,81,53900,43660000.0,200,0.005,NZ-200-0093,high,2.18,0.83,11.58,0.9,0.5499,24007568.03,250000.0,23757568.03,synthetic spatial flood-hazard scenario; not observed flood data,synthetic vulnerability/depth-damage function,True
NZA-0094,0.30929,34.182535,semi_permanent,41,8900,3650000.0,200,0.005,NZ-200-0094,high,2.483,0.929,13.67,1.0,0.6656,2429335.31,73000.0,2356335.31,synthetic spatial flood-hazard scenario; not observed flood data,synthetic vulnerability/depth-damage function,True
NZA-0095,-0.274253,35.056461,permanent_masonry,76,58000,44080000.0,200,0.005,NZ-200-0095,high,2.096,0.982,10.26,0.9,0.5335,23517098.79,250000.0,23267098.79,synthetic spatial flood-hazard scenario; not observed flood data,synthetic vulnerability/depth-damage function,True
NZA-0096,0.55448,35.121635,semi_permanent,31,12600,3905000.0,200,0.005,NZ-200-0096,high,2.404,0.892,11.71,1.0,0.6402,2500007.42,78100.0,2421907.42,synthetic spatial flood-hazard scenario; not observed flood data,synthetic vulnerability/depth-damage function,True
NZA-0097,1.13978,35.045193,semi_permanent,36,9800,3530000.0,200,0.005,NZ-200-0097,high,1.976,0.843,9.75,1.0,0.5337,1884080.32,70600.0,1813480.32,synthetic spatial flood-hazard scenario; not observed flood data,synthetic vulnerability/depth-damage function,True
NZA-0098,0.287208,34.272346,semi_permanent,34,9300,3160000.0,200,0.005,NZ-200-0098,high,2.769,0.966,12.98,1.0,0.7181,2269294.21,63200.0,2206094.21,synthetic spatial flood-hazard scenario; not observed flood data,synthetic vulnerability/depth-damage function,True
NZA-0099,0.466166,34.278975,semi_permanent,36,13600,4895000.0,200,0.005,NZ-200-0099,high,2.545,1.157,12.97,1.0,0.6866,3361020.41,97900.0,3263120.41,synthetic spatial flood-hazard scenario; not observed flood data,synthetic vulnerability/depth-damage function,True
NZA-0100,1.005207,34.458564,semi_permanent,20,10600,2120000.0,200,0.005,NZ-200-0100,high,2.73,1.267,13.96,1.0,0.7294,1546361.79,42400.0,1503961.79,synthetic spatial flood-hazard scenario; not observed flood data,synthetic vulnerability/depth-damage function,True
NZA-0101,0.937372,33.9658,permanent_masonry,47,50700,23830000.0,200,0.005,NZ-200-0101,high,2.055,0.988,12.05,0.9,0.5308,12650063.12,250000.0,12400063.12,synthetic spatial flood-hazard scenario; not observed flood data,synthetic vulnerability/depth-damage function,True
NZA-0102,0.108665,34.357779,informal_iron_sheet,13,7200,935000.0,200,0.005,NZ-200-0102,high,2.321,0.964,12.15,1.35,0.7369,689026.27,18700.0,670326.27,synthetic spatial flood-hazard scenario; not observed flood data,synthetic vulnerability/depth-damage function,True
NZA-0103,1.268372,34.631029,concrete_rcc,270,53000,143100000.0,200,0.005,NZ-200-0103,high,2.709,1.012,13.86,0.7,0.5827,83384198.17,250000.0,83134198.17,synthetic spatial flood-hazard scenario; not observed flood data,synthetic vulnerability/depth-damage function,True
NZA-0104,0.841549,34.199113,semi_permanent,34,10700,3640000.0,200,0.005,NZ-200-0104,high,2.182,1.035,11.13,1.0,0.5971,2173528.23,72800.0,2100728.23,synthetic spatial flood-hazard scenario; not observed flood data,synthetic vulnerability/depth-damage function,True
NZA-0105,-0.085248,33.982683,permanent_masonry,75,42600,31950000.0,200,0.005,NZ-200-0105,high,2.173,0.896,9.92,0.9,0.5452,17420313.79,250000.0,17170313.79,synthetic spatial flood-hazard scenario; not observed flood data,synthetic vulnerability/depth-damage function,True
NZA-0106,-0.032723,33.849705,informal_iron_sheet,27,9200,2485000.0,200,0.005,NZ-200-0106,high,2.512,1.097,11.66,1.35,0.7781,1933519.87,49700.0,1883819.87,synthetic spatial flood-hazard scenario; not observed flood data,synthetic vulnerability/depth-damage function,True
NZA-0107,0.025416,34.471492,informal_iron_sheet,13,6700,870000.0,200,0.005,NZ-200-0107,high,2.442,0.928,11.26,1.35,0.7558,657581.17,17400.0,640181.17,synthetic spatial flood-hazard scenario; not observed flood data,synthetic vulnerability/depth-damage function,True
NZA-0108,1.232718,34.600323,semi_permanent,45,8600,3870000.0,200,0.005,NZ-200-0108,high,2.387,1.094,11.51,1.0,0.6462,2500776.42,77400.0,2423376.42,synthetic spatial flood-hazard scenario; not observed flood data,synthetic vulnerability/depth-damage function,True
NZA-0109,0.915031,34.220677,semi_permanent,23,13800,3175000.0,200,0.005,NZ-200-0109,high,2.299,0.978,10.47,1.0,0.6175,1960420.05,63500.0,1896920.05,synthetic spatial flood-hazard scenario; not observed flood data,synthetic vulnerability/depth-damage function,True
NZA-0110,1.251304,33.71429,informal_iron_sheet,15,5100,765000.0,200,0.005,NZ-200-0110,high,1.966,0.955,9.48,1.35,0.6453,493649.93,15300.0,478349.93,synthetic spatial flood-hazard scenario; not observed flood data,synthetic vulnerability/depth-damage function,True
NZA-0111,1.054713,34.501981,informal_iron_sheet,12,5400,650000.0,200,0.005,NZ-200-0111,high,2.192,0.918,11.41,1.35,0.7043,457812.62,13000.0,444812.62,synthetic spatial flood-hazard scenario; not observed flood data,synthetic vulnerability/depth-damage function,True
NZA-0112,0.534791,35.321616,informal_iron_sheet,13,9300,1210000.0,200,0.005,NZ-200-0112,high,2.142,1.104,10.77,1.35,0.6999,846896.4,24200.0,822696.4,synthetic spatial flood-hazard scenario; not observed flood data,synthetic vulnerability/depth-damage function,True
NZA-0113,1.073646,34.684736,permanent_masonry,218,51700,112705000.0,200,0.005,NZ-200-0113,high,2.281,1.007,10.87,0.9,0.5782,65170507.32,250000.0,64920507.32,synthetic spatial flood-hazard scenario; not observed flood data,synthetic vulnerability/depth-damage function,True
NZA-0114,0.148965,34.514328,semi_permanent,30,12800,3840000.0,200,0.005,NZ-200-0114,high,2.345,0.959,12.24,1.0,0.6332,2431671.69,76800.0,2354871.69,synthetic spatial flood-hazard scenario; not observed flood data,synthetic vulnerability/depth-damage function,True
NZA-0115,0.740535,34.471813,permanent_masonry,80,42900,34320000.0,200,0.005,NZ-200-0115,high,2.465,1.078,11.81,0.9,0.6238,21408733.83,250000.0,21158733.83,synthetic spatial flood-hazard scenario; not observed flood data,synthetic vulnerability/depth-damage function,True
NZA-0116,0.780175,34.262123,semi_permanent,37,15900,5885000.0,200,0.005,NZ-200-0116,high,2.265,0.942,10.9,1.0,0.6101,3590477.28,117700.0,3472777.28,synthetic spatial flood-hazard scenario; not observed flood data,synthetic vulnerability/depth-damage function,True
NZA-0117,0.95021,34.707419,concrete_rcc,860,51800,445480000.0,200,0.005,NZ-200-0117,high,2.114,1.0,11.85,0.7,0.4574,203761415.07,250000.0,203511415.07,synthetic spatial flood-hazard scenario; not observed flood data,synthetic vulnerability/depth-damage function,True
NZA-0118,1.064374,34.026167,semi_permanent,27,13600,3670000.0,200,0.005,NZ-200-0118,high,2.223,1.093,10.48,1.0,0.6069,2227222.92,73400.0,2153822.92,synthetic spatial flood-hazard scenario; not observed flood data,synthetic vulnerability/depth-damage function,True
NZA-0119,1.166562,35.217196,informal_iron_sheet,28,9800,2745000.0,200,0.005,NZ-200-0119,moderate,1.882,0.92,9.63,1.35,0.6223,1708202.09,54900.0,1653302.09,synthetic spatial flood-hazard scenario; not observed flood data,synthetic vulnerability/depth-damage function,True
NZA-0120,-0.116746,34.471442,concrete_rcc,214,52800,112990000.0,200,0.005,NZ-200-0120,high,2.686,1.176,14.59,0.7,0.5894,66597957.48,250000.0,66347957.48,synthetic spatial flood-hazard scenario; not observed flood data,synthetic vulnerability/depth-damage function,True
NZA-0121,-0.273176,34.832228,informal_iron_sheet,15,8900,1335000.0,200,0.005,NZ-200-0121,high,2.288,1.018,13.83,1.35,0.739,986502.22,26700.0,959802.22,synthetic spatial flood-hazard scenario; not observed flood data,synthetic vulnerability/depth-damage function,True
NZA-0122,0.393685,33.808057,permanent_masonry,83,39400,32700000.0,200,0.005,NZ-200-0122,high,2.363,1.018,15.28,0.9,0.6128,20038975.03,250000.0,19788975.03,synthetic spatial flood-hazard scenario; not observed flood data,synthetic vulnerability/depth-damage function,True
NZA-0123,0.905739,34.322729,semi_permanent,46,14700,6760000.0,200,0.005,NZ-200-0123,high,2.39,1.028,11.99,1.0,0.6453,4362485.46,135200.0,4227285.46,synthetic spatial flood-hazard scenario; not observed flood data,synthetic vulnerability/depth-damage function,True
NZA-0124,0.280358,33.956709,semi_permanent,46,14900,6855000.0,200,0.005,NZ-200-0124,high,2.064,0.927,11.76,1.0,0.5667,3884679.89,137100.0,3747579.89,synthetic spatial flood-hazard scenario; not observed flood data,synthetic vulnerability/depth-damage function,True
NZA-0125,1.258103,34.015952,informal_iron_sheet,8,7900,630000.0,200,0.005,NZ-200-0125,high,2.145,0.934,11.71,1.35,0.6959,438397.21,12600.0,425797.21,synthetic spatial flood-hazard scenario; not observed flood data,synthetic vulnerability/depth-damage function,True
NZA-0126,1.233615,34.788823,permanent_masonry,184,58300,107270000.0,200,0.005,NZ-200-0126,high,2.222,0.948,12.81,0.9,0.5696,61106270.47,250000.0,60856270.47,synthetic spatial flood-hazard scenario; not observed flood data,synthetic vulnerability/depth-damage function,True
NZA-0127,0.657424,34.819639,permanent_masonry,92,64900,59710000.0,200,0.005,NZ-200-0127,high,2.404,1.215,11.47,0.9,0.6168,36832022.58,250000.0,36582022.58,synthetic spatial flood-hazard scenario; not observed flood data,synthetic vulnerability/depth-damage function,True
NZA-0128,1.090665,34.7761,permanent_masonry,138,55300,76315000.0,200,0.005,NZ-200-0128,high,2.169,0.935,13.26,0.9,0.5589,42655121.04,250000.0,42405121.04,synthetic spatial flood-hazard scenario; not observed flood data,synthetic vulnerability/depth-damage function,True
NZA-0129,0.845693,34.25638,informal_iron_sheet,9,9100,820000.0,200,0.005,NZ-200-0129,high,2.837,1.117,14.17,1.35,0.839,687946.35,16400.0,671546.35,synthetic spatial flood-hazard scenario; not observed flood data,synthetic vulnerability/depth-damage function,True
NZA-0130,0.184154,35.153252,permanent_masonry,45,43100,19395000.0,200,0.005,NZ-200-0130,high,2.545,0.88,11.75,0.9,0.6292,12203099.4,250000.0,11953099.4,synthetic spatial flood-hazard scenario; not observed flood data,synthetic vulnerability/depth-damage function,True
NZA-0131,0.978099,35.02468,concrete_rcc,260,53800,139880000.0,200,0.005,NZ-200-0131,high,2.391,0.993,9.44,0.7,0.505,70639917.06,250000.0,70389917.06,synthetic spatial flood-hazard scenario; not observed flood data,synthetic vulnerability/depth-damage function,True
NZA-0132,0.858911,34.714492,informal_iron_sheet,8,6400,510000.0,200,0.005,NZ-200-0132,high,2.397,0.891,12.0,1.35,0.7481,381532.03,10200.0,371332.03,synthetic spatial flood-hazard scenario; not observed flood data,synthetic vulnerability/depth-damage function,True
NZA-0133,1.033917,34.337831,concrete_rcc,180,68300,122940000.0,200,0.005,NZ-200-0133,high,2.65,1.155,13.57,0.7,0.5779,71052761.29,250000.0,70802761.29,synthetic spatial flood-hazard scenario; not observed flood data,synthetic vulnerability/depth-damage function,True
NZA-0134,-0.164067,34.954761,informal_iron_sheet,12,8900,1070000.0,200,0.005,NZ-200-0134,high,2.092,0.955,10.63,1.35,0.6804,728061.6,21400.0,706661.6,synthetic spatial flood-hazard scenario; not observed flood data,synthetic vulnerability/depth-damage function,True
NZA-0135,0.153592,34.152529,semi_permanent,44,14800,6510000.0,200,0.005,NZ-200-0135,high,2.24,1.015,12.5,1.0,0.6144,3999802.67,130200.0,3869602.67,synthetic spatial flood-hazard scenario; not observed flood data,synthetic vulnerability/depth-damage function,True
NZA-0136,0.492036,34.098308,semi_permanent,39,13000,5070000.0,200,0.005,NZ-200-0136,high,2.529,1.108,11.83,1.0,0.6766,3430359.8,101400.0,3328959.8,synthetic spatial flood-hazard scenario; not observed flood data,synthetic vulnerability/depth-damage function,True
NZA-0137,0.917142,33.749836,permanent_masonry,105,62400,65520000.0,200,0.005,NZ-200-0137,high,2.146,1.009,12.19,0.9,0.5534,36256759.92,250000.0,36006759.92,synthetic spatial flood-hazard scenario; not observed flood data,synthetic vulnerability/depth-damage function,True
NZA-0138,1.224768,34.962286,permanent_masonry,102,55500,56610000.0,200,0.005,NZ-200-0138,high,2.328,0.877,11.34,0.9,0.5833,33022606.4,250000.0,32772606.4,synthetic spatial flood-hazard scenario; not observed flood data,synthetic vulnerability/depth-damage function,True
NZA-0139,-0.266738,33.973491,informal_iron_sheet,16,8200,1310000.0,200,0.005,NZ-200-0139,high,2.129,1.074,10.97,1.35,0.6962,912059.39,26200.0,885859.39,synthetic spatial flood-hazard scenario; not observed flood data,synthetic vulnerability/depth-damage function,True
NZA-0140,-0.016867,34.265159,informal_iron_sheet,9,9500,855000.0,200,0.005,NZ-200-0140,high,2.48,1.108,13.86,1.35,0.7805,667313.8,17100.0,650213.8,synthetic spatial flood-hazard scenario; not observed flood data,synthetic vulnerability/depth-damage function,True
NZA-0141,0.486875,34.517157,informal_iron_sheet,20,5800,1160000.0,200,0.005,NZ-200-0141,high,2.639,1.248,14.15,1.35,0.8146,944882.04,23200.0,921682.04,synthetic spatial flood-hazard scenario; not observed flood data,synthetic vulnerability/depth-damage function,True
NZA-0142,0.284666,34.510305,informal_iron_sheet,21,9200,1930000.0,200,0.005,NZ-200-0142,high,2.381,1.055,14.58,1.35,0.762,1470599.74,38600.0,1431999.74,synthetic spatial flood-hazard scenario; not observed flood data,synthetic vulnerability/depth-damage function,True
NZA-0143,0.174623,35.060375,informal_iron_sheet,23,6800,1565000.0,200,0.005,NZ-200-0143,high,2.758,1.005,11.87,1.35,0.8155,1276184.72,31300.0,1244884.72,synthetic spatial flood-hazard scenario; not observed flood data,synthetic vulnerability/depth-damage function,True
NZA-0144,0.425533,33.925462,semi_permanent,49,9700,4755000.0,200,0.005,NZ-200-0144,high,2.26,1.026,12.11,1.0,0.6177,2937377.51,95100.0,2842277.51,synthetic spatial flood-hazard scenario; not observed flood data,synthetic vulnerability/depth-damage function,True
NZA-0145,0.538147,34.75978,informal_iron_sheet,17,5000,850000.0,200,0.005,NZ-200-0145,high,2.546,1.172,12.3,1.35,0.7896,671201.0,17000.0,654201.0,synthetic spatial flood-hazard scenario; not observed flood data,synthetic vulnerability/depth-damage function,True
NZA-0146,0.985414,34.587465,semi_permanent,33,12100,3995000.0,200,0.005,NZ-200-0146,high,2.223,1.043,11.58,1.0,0.6086,2431475.38,79900.0,2351575.38,synthetic spatial flood-hazard scenario; not observed flood data,synthetic vulnerability/depth-damage function,True
NZA-0147,0.900762,34.081402,permanent_masonry,86,47100,40505000.0,200,0.005,NZ-200-0147,high,2.048,0.925,12.37,0.9,0.5273,21357391.12,250000.0,21107391.12,synthetic spatial flood-hazard scenario; not observed flood data,synthetic vulnerability/depth-damage function,True
NZA-0148,0.478766,34.228147,semi_permanent,40,8900,3560000.0,200,0.005,NZ-200-0148,high,2.299,0.94,10.8,1.0,0.6169,2196296.21,71200.0,2125096.21,synthetic spatial flood-hazard scenario; not observed flood data,synthetic vulnerability/depth-damage function,True
NZA-0149,0.209102,34.367164,semi_permanent,58,14000,8120000.0,200,0.005,NZ-200-0149,high,2.728,0.817,13.04,1.0,0.7038,5714687.6,162400.0,5552287.6,synthetic spatial flood-hazard scenario; not observed flood data,synthetic vulnerability/depth-damage function,True
NZA-0150,0.475855,33.904578,semi_permanent,27,11000,2970000.0,200,0.005,NZ-200-0150,high,2.253,1.062,11.67,1.0,0.6166,1831294.02,59400.0,1771894.02,synthetic spatial flood-hazard scenario; not observed flood data,synthetic vulnerability/depth-damage function,True
NZA-0151,0.811132,33.785321,permanent_masonry,93,61200,56915000.0,200,0.005,NZ-200-0151,high,2.003,1.041,9.46,0.9,0.5117,29124361.51,250000.0,28874361.51,synthetic spatial flood-hazard scenario; not observed flood data,synthetic vulnerability/depth-damage function,True
NZA-0152,1.091808,33.963898,informal_iron_sheet,11,6200,680000.0,200,0.005,NZ-200-0152,high,1.924,0.98,11.78,1.35,0.6447,438376.48,13600.0,424776.48,synthetic spatial flood-hazard scenario; not observed flood data,synthetic vulnerability/depth-damage function,True
NZA-0153,0.22262,34.382704,informal_iron_sheet,24,7000,1680000.0,200,0.005,NZ-200-0153,high,2.758,1.24,12.34,1.35,0.8269,1389197.43,33600.0,1355597.43,synthetic spatial flood-hazard scenario; not observed flood data,synthetic vulnerability/depth-damage function,True
NZA-0154,0.108316,35.154712,informal_iron_sheet,10,8700,870000.0,200,0.005,NZ-200-0154,high,2.268,1.005,11.87,1.35,0.727,632453.26,17400.0,615053.26,synthetic spatial flood-hazard scenario; not observed flood data,synthetic vulnerability/depth-damage function,True
NZA-0155,-0.146898,34.202851,semi_permanent,42,14600,6130000.0,200,0.005,NZ-200-0155,high,1.671,0.903,9.32,1.0,0.4571,2802196.22,122600.0,2679596.22,synthetic spatial flood-hazard scenario; not observed flood data,synthetic vulnerability/depth-damage function,True
NZA-0156,-0.178586,35.094475,permanent_masonry,108,58100,62750000.0,200,0.005,NZ-200-0156,high,2.4,0.906,10.78,0.9,0.5977,37504115.33,250000.0,37254115.33,synthetic spatial flood-hazard scenario; not observed flood data,synthetic vulnerability/depth-damage function,True
NZA-0157,0.549955,35.195553,informal_iron_sheet,14,5200,730000.0,200,0.005,NZ-200-0157,high,2.378,1.072,14.13,1.35,0.7606,555226.2,14600.0,540626.2,synthetic spatial flood-hazard scenario; not observed flood data,synthetic vulnerability/depth-damage function,True
NZA-0158,0.032916,34.083035,permanent_masonry,109,52900,57660000.0,200,0.005,NZ-200-0158,high,2.033,0.959,11.9,0.9,0.5238,30202607.27,250000.0,29952607.27,synthetic spatial flood-hazard scenario; not observed flood data,synthetic vulnerability/depth-damage function,True
NZA-0159,1.255492,35.098112,concrete_rcc,185,71300,131905000.0,200,0.005,NZ-200-0159,high,1.919,0.898,9.64,0.7,0.4035,53225067.05,250000.0,52975067.05,synthetic spatial flood-hazard scenario; not observed flood data,synthetic vulnerability/depth-damage function,True
NZA-0160,0.512475,34.494717,semi_permanent,40,9200,3680000.0,200,0.005,NZ-200-0160,high,2.709,1.214,13.33,1.0,0.721,2653379.88,73600.0,2579779.88,synthetic spatial flood-hazard scenario; not observed flood data,synthetic vulnerability/depth-damage function,True
NZA-0161,0.887231,34.583379,permanent_masonry,123,37500,46125000.0,200,0.005,NZ-200-0161,high,2.417,1.026,13.34,0.9,0.6171,28465513.53,250000.0,28215513.53,synthetic spatial flood-hazard scenario; not observed flood data,synthetic vulnerability/depth-damage function,True
NZA-0162,1.042057,35.022524,semi_permanent,31,14500,4495000.0,200,0.005,NZ-200-0162,high,2.738,1.053,11.51,1.0,0.7116,3198768.06,89900.0,3108868.06,synthetic spatial flood-hazard scenario; not observed flood data,synthetic vulnerability/depth-damage function,True
NZA-0163,-0.135662,34.531432,semi_permanent,32,13100,4190000.0,200,0.005,NZ-200-0163,high,2.361,0.999,10.44,1.0,0.6318,2647193.73,83800.0,2563393.73,synthetic spatial flood-hazard scenario; not observed flood data,synthetic vulnerability/depth-damage function,True
NZA-0164,0.377008,34.788419,semi_permanent,30,12700,3810000.0,200,0.005,NZ-200-0164,high,2.358,1.049,12.34,1.0,0.6409,2442005.3,76200.0,2365805.3,synthetic spatial flood-hazard scenario; not observed flood data,synthetic vulnerability/depth-damage function,True
NZA-0165,1.295562,33.94838,informal_iron_sheet,8,8800,705000.0,200,0.005,NZ-200-0165,high,2.049,0.893,11.07,1.35,0.6688,471471.56,14100.0,457371.56,synthetic spatial flood-hazard scenario; not observed flood data,synthetic vulnerability/depth-damage function,True
NZA-0166,-0.004246,33.806293,permanent_masonry,81,59600,48275000.0,200,0.005,NZ-200-0166,high,2.132,0.92,11.43,0.9,0.543,26211145.2,250000.0,25961145.2,synthetic spatial flood-hazard scenario; not observed flood data,synthetic vulnerability/depth-damage function,True
NZA-0167,-0.174577,35.134691,informal_iron_sheet,20,9300,1860000.0,200,0.005,NZ-200-0167,high,2.049,0.887,11.73,1.35,0.6709,1247871.76,37200.0,1210671.76,synthetic spatial flood-hazard scenario; not observed flood data,synthetic vulnerability/depth-damage function,True
NZA-0168,0.084656,34.599648,informal_iron_sheet,13,5700,740000.0,200,0.005,NZ-200-0168,high,2.64,0.985,12.78,1.35,0.7989,591217.26,14800.0,576417.26,synthetic spatial flood-hazard scenario; not observed flood data,synthetic vulnerability/depth-damage function,True
NZA-0169,0.330014,33.785135,informal_iron_sheet,19,5700,1085000.0,200,0.005,NZ-200-0169,high,2.31,0.805,11.34,1.35,0.7237,785265.45,21700.0,763565.45,synthetic spatial flood-hazard scenario; not observed flood data,synthetic vulnerability/depth-damage function,True
NZA-0170,1.164046,34.99134,permanent_masonry,128,53500,68480000.0,200,0.005,NZ-200-0170,high,2.518,1.059,13.01,0.9,0.6379,43680480.81,250000.0,43430480.81,synthetic spatial flood-hazard scenario; not observed flood data,synthetic vulnerability/depth-damage function,True
NZA-0171,1.193402,34.990573,semi_permanent,23,15100,3475000.0,200,0.005,NZ-200-0171,high,1.885,0.816,10.93,1.0,0.5143,1787152.44,69500.0,1717652.44,synthetic spatial flood-hazard scenario; not observed flood data,synthetic vulnerability/depth-damage function,True
NZA-0172,0.347723,34.131278,semi_permanent,44,12700,5590000.0,200,0.005,NZ-200-0172,high,2.336,1.079,12.09,1.0,0.637,3560608.57,111800.0,3448808.57,synthetic spatial flood-hazard scenario; not observed flood data,synthetic vulnerability/depth-damage function,True
NZA-0173,0.629879,34.896,semi_permanent,50,14700,7350000.0,200,0.005,NZ-200-0173,high,2.245,1.038,12.7,1.0,0.6175,4538973.58,147000.0,4391973.58,synthetic spatial flood-hazard scenario; not observed flood data,synthetic vulnerability/depth-damage function,True
NZA-0174,0.330706,35.332061,semi_permanent,32,12100,3870000.0,200,0.005,NZ-200-0174,high,2.376,1.072,10.87,1.0,0.6403,2477800.09,77400.0,2400400.09,synthetic spatial flood-hazard scenario; not observed flood data,synthetic vulnerability/depth-damage function,True
NZA-0175,0.98325,34.695033,semi_permanent,43,14800,6365000.0,200,0.005,NZ-200-0175,high,2.35,1.076,12.06,1.0,0.6395,4070512.52,127300.0,3943212.52,synthetic spatial flood-hazard scenario; not observed flood data,synthetic vulnerability/depth-damage function,True
NZA-0176,0.574189,35.188998,informal_iron_sheet,20,9500,1900000.0,200,0.005,NZ-200-0176,high,2.562,1.129,12.26,1.35,0.7904,1501780.43,38000.0,1463780.43,synthetic spatial flood-hazard scenario; not observed flood data,synthetic vulnerability/depth-damage function,True
NZA-0177,0.506191,33.885311,semi_permanent,48,11900,5710000.0,200,0.005,NZ-200-0177,high,2.398,0.953,12.18,1.0,0.6438,3675960.82,114200.0,3561760.82,synthetic spatial flood-hazard scenario; not observed flood data,synthetic vulnerability/depth-damage function,True
NZA-0178,0.976733,33.853665,semi_permanent,31,8100,2510000.0,200,0.005,NZ-200-0178,high,2.135,0.988,12.23,1.0,0.5883,1476688.25,50200.0,1426488.25,synthetic spatial flood-hazard scenario; not observed flood data,synthetic vulnerability/depth-damage function,True
NZA-0179,0.613792,34.321792,permanent_masonry,101,64600,65245000.0,200,0.005,NZ-200-0179,high,2.313,0.921,12.29,0.9,0.5861,38241397.26,250000.0,37991397.26,synthetic spatial flood-hazard scenario; not observed flood data,synthetic vulnerability/depth-damage function,True
NZA-0180,0.718625,33.923511,permanent_masonry,55,48500,26675000.0,200,0.005,NZ-200-0180,high,2.184,1.0,10.31,0.9,0.5545,14790291.71,250000.0,14540291.71,synthetic spatial flood-hazard scenario; not observed flood data,synthetic vulnerability/depth-damage function,True
NZA-0181,0.153304,35.389068,informal_iron_sheet,11,5200,570000.0,200,0.005,NZ-200-0181,high,1.995,0.779,9.92,1.35,0.6452,367766.67,11400.0,356366.67,synthetic spatial flood-hazard scenario; not observed flood data,synthetic vulnerability/depth-damage function,True
NZA-0182,0.227874,33.987182,permanent_masonry,111,41200,45730000.0,200,0.005,NZ-200-0182,high,2.466,0.999,13.24,0.9,0.6255,28603222.04,250000.0,28353222.04,synthetic spatial flood-hazard scenario; not observed flood data,synthetic vulnerability/depth-damage function,True
NZA-0183,0.765659,34.543054,informal_iron_sheet,13,8900,1155000.0,200,0.005,NZ-200-0183,high,2.394,1.07,12.62,1.35,0.7582,875715.77,23100.0,852615.77,synthetic spatial flood-hazard scenario; not observed flood data,synthetic vulnerability/depth-damage function,True
NZA-0184,-0.160013,33.827759,semi_permanent,52,14400,7490000.0,200,0.005,NZ-200-0184,high,2.553,0.884,12.09,1.0,0.671,5026057.02,149800.0,4876257.02,synthetic spatial flood-hazard scenario; not observed flood data,synthetic vulnerability/depth-damage function,True
NZA-0185,1.059973,33.772395,permanent_masonry,124,39300,48730000.0,200,0.005,NZ-200-0185,high,1.969,0.849,11.17,0.9,0.5006,24396406.42,250000.0,24146406.42,synthetic spatial flood-hazard scenario; not observed flood data,synthetic vulnerability/depth-damage function,True
NZA-0186,0.682634,34.983255,informal_iron_sheet,11,5800,640000.0,200,0.005,NZ-200-0186,high,2.273,1.063,12.95,1.35,0.7347,470211.08,12800.0,457411.08,synthetic spatial flood-hazard scenario; not observed flood data,synthetic vulnerability/depth-damage function,True
NZA-0187,0.113213,34.833715,semi_permanent,26,12100,3145000.0,200,0.005,NZ-200-0187,high,2.356,1.061,12.91,1.0,0.6434,2023585.33,62900.0,1960685.33,synthetic spatial flood-hazard scenario; not observed flood data,synthetic vulnerability/depth-damage function,True
NZA-0188,0.978559,34.363694,informal_iron_sheet,14,8300,1160000.0,200,0.005,NZ-200-0188,high,2.405,1.002,13.08,1.35,0.7588,880164.63,23200.0,856964.63,synthetic spatial flood-hazard scenario; not observed flood data,synthetic vulnerability/depth-damage function,True
NZA-0189,0.350124,35.109995,semi_permanent,29,9800,2840000.0,200,0.005,NZ-200-0189,high,2.18,1.116,11.91,1.0,0.6038,1714736.66,56800.0,1657936.66,synthetic spatial flood-hazard scenario; not observed flood data,synthetic vulnerability/depth-damage function,True
NZA-0190,0.066907,34.937693,permanent_masonry,185,49300,91205000.0,200,0.005,NZ-200-0190,high,1.877,0.765,9.36,0.9,0.468,42679877.06,250000.0,42429877.06,synthetic spatial flood-hazard scenario; not observed flood data,synthetic vulnerability/depth-damage function,True
NZA-0191,0.900958,34.589677,permanent_masonry,110,36000,39600000.0,200,0.005,NZ-200-0191,high,2.246,0.832,11.95,0.9,0.5659,22409836.53,250000.0,22159836.53,synthetic spatial flood-hazard scenario; not observed flood data,synthetic vulnerability/depth-damage function,True
NZA-0192,1.038165,35.008153,permanent_masonry,81,57300,46415000.0,200,0.005,NZ-200-0192,high,2.364,1.053,10.56,0.9,0.5969,27703060.22,250000.0,27453060.22,synthetic spatial flood-hazard scenario; not observed flood data,synthetic vulnerability/depth-damage function,True
NZA-0193,-0.070194,34.756022,concrete_rcc,443,75200,333135000.0,200,0.005,NZ-200-0193,high,2.174,0.965,12.91,0.7,0.4722,157310209.55,250000.0,157060209.55,synthetic spatial flood-hazard scenario; not observed flood data,synthetic vulnerability/depth-damage function,True
NZA-0194,-0.078109,33.841378,permanent_masonry,290,40000,116000000.0,200,0.005,NZ-200-0194,high,2.097,0.979,10.97,0.9,0.5361,62192531.99,250000.0,61942531.99,synthetic spatial flood-hazard scenario; not observed flood data,synthetic vulnerability/depth-damage function,True
NZA-0195,0.913456,34.12594,semi_permanent,65,9200,5980000.0,200,0.005,NZ-200-0195,high,2.288,1.05,11.23,1.0,0.6218,3718414.8,119600.0,3598814.8,synthetic spatial flood-hazard scenario; not observed flood data,synthetic vulnerability/depth-damage function,True
NZA-0196,1.210137,34.610609,informal_iron_sheet,16,7100,1135000.0,200,0.005,NZ-200-0196,high,2.113,0.905,11.02,1.35,0.6843,776715.29,22700.0,754015.29,synthetic spatial flood-hazard scenario; not observed flood data,synthetic vulnerability/depth-damage function,True
NZA-0197,0.961132,34.216405,semi_permanent,73,11100,8105000.0,200,0.005,NZ-200-0197,high,2.219,1.058,11.6,1.0,0.6085,4931518.92,162100.0,4769418.92,synthetic spatial flood-hazard scenario; not observed flood data,synthetic vulnerability/depth-damage function,True
NZA-0198,0.792632,34.650565,semi_permanent,39,9800,3820000.0,200,0.005,NZ-200-0198,high,2.271,1.052,11.12,1.0,0.6177,2359683.61,76400.0,2283283.61,synthetic spatial flood-hazard scenario; not observed flood data,synthetic vulnerability/depth-damage function,True
NZA-0199,-0.072626,34.828982,permanent_masonry,136,53500,72760000.0,200,0.005,NZ-200-0199,high,2.278,1.001,12.47,0.9,0.5834,42445721.88,250000.0,42195721.88,synthetic spatial flood-hazard scenario; not observed flood data,synthetic vulnerability/depth-damage function,True
NZA-0200,-0.00027,34.220095,informal_iron_sheet,10,9200,920000.0,200,0.005,NZ-200-0200,high,2.507,1.085,12.34,1.35,0.779,716675.7,18400.0,698275.7,synthetic spatial flood-hazard scenario; not observed flood data,synthetic vulnerability/depth-damage function,True
NZA-0201,0.002237,34.709034,permanent_masonry,45,44800,20160000.0,200,0.005,NZ-200-0201,high,2.855,1.045,12.59,0.9,0.6977,14065608.32,250000.0,13815608.32,synthetic spatial flood-hazard scenario; not observed flood data,synthetic vulnerability/depth-damage function,True
NZA-0202,1.055605,34.184847,informal_iron_sheet,14,6300,880000.0,200,0.005,NZ-200-0202,high,2.611,1.138,13.18,1.35,0.8021,705862.45,17600.0,688262.45,synthetic spatial flood-hazard scenario; not observed flood data,synthetic vulnerability/depth-damage function,True
NZA-0203,1.28914,34.853038,permanent_masonry,126,52500,66150000.0,200,0.005,NZ-200-0203,high,2.1,0.89,12.19,0.9,0.5371,35528452.0,250000.0,35278452.0,synthetic spatial flood-hazard scenario; not observed flood data,synthetic vulnerability/depth-damage function,True
NZA-0204,-0.055852,33.719756,informal_iron_sheet,14,9200,1290000.0,200,0.005,NZ-200-0204,high,2.089,0.927,10.55,1.35,0.678,874603.6,25800.0,848803.6,synthetic spatial flood-hazard scenario; not observed flood data,synthetic vulnerability/depth-damage function,True
NZA-0205,0.376545,35.3465,informal_iron_sheet,13,6300,820000.0,200,0.005,NZ-200-0205,high,1.886,0.952,11.13,1.35,0.6309,517356.16,16400.0,500956.16,synthetic spatial flood-hazard scenario; not observed flood data,synthetic vulnerability/depth-damage function,True
NZA-0206,1.127888,34.607065,informal_iron_sheet,28,8800,2465000.0,200,0.005,NZ-200-0206,high,2.46,1.131,13.63,1.35,0.7771,1915543.91,49300.0,1866243.91,synthetic spatial flood-hazard scenario; not observed flood data,synthetic vulnerability/depth-damage function,True
NZA-0207,1.245841,34.340392,permanent_masonry,73,58100,42415000.0,200,0.005,NZ-200-0207,high,2.314,1.031,11.44,0.9,0.5887,24967936.65,250000.0,24717936.65,synthetic spatial flood-hazard scenario; not observed flood data,synthetic vulnerability/depth-damage function,True
NZA-0208,0.460521,34.445185,semi_permanent,25,14000,3500000.0,200,0.005,NZ-200-0208,high,2.572,1.092,13.83,1.0,0.6916,2420759.33,70000.0,2350759.33,synthetic spatial flood-hazard scenario; not observed flood data,synthetic vulnerability/depth-damage function,True
NZA-0209,-0.281133,33.981186,permanent_masonry,79,54100,42740000.0,200,0.005,NZ-200-0209,high,2.022,1.109,11.19,0.9,0.5258,22473204.29,250000.0,22223204.29,synthetic spatial flood-hazard scenario; not observed flood data,synthetic vulnerability/depth-damage function,True
NZA-0210,0.816474,35.262409,semi_permanent,53,14900,7895000.0,200,0.005,NZ-200-0210,high,2.082,0.859,10.54,1.0,0.563,4444564.68,157900.0,4286664.68,synthetic spatial flood-hazard scenario; not observed flood data,synthetic vulnerability/depth-damage function,True
NZA-0211,0.961856,34.521307,semi_permanent,31,11300,3505000.0,200,0.005,NZ-200-0211,high,2.936,1.127,13.69,1.0,0.7562,2650492.9,70100.0,2580392.9,synthetic spatial flood-hazard scenario; not observed flood data,synthetic vulnerability/depth-damage function,True
NZA-0212,-0.065838,34.54263,concrete_rcc,404,70400,284415000.0,200,0.005,NZ-200-0212,high,2.224,0.925,12.05,0.7,0.4777,135865124.51,250000.0,135615124.51,synthetic spatial flood-hazard scenario; not observed flood data,synthetic vulnerability/depth-damage function,True
NZA-0213,0.91605,33.907819,permanent_masonry,176,64000,112640000.0,200,0.005,NZ-200-0213,high,2.032,0.801,11.59,0.9,0.5146,57962390.02,250000.0,57712390.02,synthetic spatial flood-hazard scenario; not observed flood data,synthetic vulnerability/depth-damage function,True
NZA-0214,0.07754,34.549123,informal_iron_sheet,11,7800,860000.0,200,0.005,NZ-200-0214,high,2.573,1.115,13.04,1.35,0.7943,683134.37,17200.0,665934.37,synthetic spatial flood-hazard scenario; not observed flood data,synthetic vulnerability/depth-damage function,True
NZA-0215,-0.202341,34.161636,informal_iron_sheet,10,9400,940000.0,200,0.005,NZ-200-0215,high,2.234,0.947,10.5,1.35,0.7115,668849.17,18800.0,650049.17,synthetic spatial flood-hazard scenario; not observed flood data,synthetic vulnerability/depth-damage function,True
NZA-0216,0.833242,34.463678,informal_iron_sheet,14,7500,1050000.0,200,0.005,NZ-200-0216,high,2.482,0.941,13.18,1.35,0.7707,809275.25,21000.0,788275.25,synthetic spatial flood-hazard scenario; not observed flood data,synthetic vulnerability/depth-damage function,True
NZA-0217,-0.098812,34.8947,informal_iron_sheet,21,9200,1930000.0,200,0.005,NZ-200-0217,high,2.265,0.839,11.29,1.35,0.7159,1381711.03,38600.0,1343111.03,synthetic spatial flood-hazard scenario; not observed flood data,synthetic vulnerability/depth-damage function,True
NZA-0218,0.507474,34.920729,semi_permanent,54,9200,4970000.0,200,0.005,NZ-200-0218,high,2.549,1.19,13.2,1.0,0.6898,3428125.97,99400.0,3328725.97,synthetic spatial flood-hazard scenario; not observed flood data,synthetic vulnerability/depth-damage function,True
NZA-0219,1.054706,34.124126,semi_permanent,43,12300,5290000.0,200,0.005,NZ-200-0219,high,2.143,0.945,10.54,1.0,0.5815,3075984.27,105800.0,2970184.27,synthetic spatial flood-hazard scenario; not observed flood data,synthetic vulnerability/depth-damage function,True
NZA-0220,0.729331,34.535484,semi_permanent,50,15600,7800000.0,200,0.005,NZ-200-0220,high,2.996,1.041,14.83,1.0,0.7656,5971894.06,156000.0,5815894.06,synthetic spatial flood-hazard scenario; not observed flood data,synthetic vulnerability/depth-damage function,True
NZA-0221,0.139703,35.199674,semi_permanent,49,14300,7005000.0,200,0.005,NZ-200-0221,high,2.181,1.054,10.93,1.0,0.5972,4183091.23,140100.0,4042991.23,synthetic spatial flood-hazard scenario; not observed flood data,synthetic vulnerability/depth-damage function,True
NZA-0222,0.963084,34.705498,semi_permanent,36,15400,5545000.0,200,0.005,NZ-200-0222,high,2.567,0.913,11.41,1.0,0.6727,3729875.74,110900.0,3618975.74,synthetic spatial flood-hazard scenario; not observed flood data,synthetic vulnerability/depth-damage function,True
NZA-0223,0.285659,34.150175,semi_permanent,30,11200,3360000.0,200,0.005,NZ-200-0223,high,2.777,0.972,12.32,1.0,0.7175,2410655.87,67200.0,2343455.87,synthetic spatial flood-hazard scenario; not observed flood data,synthetic vulnerability/depth-damage function,True
NZA-0224,0.166684,33.973535,permanent_masonry,100,49700,49700000.0,200,0.005,NZ-200-0224,high,2.168,0.952,9.94,0.9,0.547,27187463.68,250000.0,26937463.68,synthetic spatial flood-hazard scenario; not observed flood data,synthetic vulnerability/depth-damage function,True
NZA-0225,0.981894,33.990876,informal_iron_sheet,15,8200,1230000.0,200,0.005,NZ-200-0225,high,1.894,0.93,9.88,1.35,0.6269,771060.62,24600.0,746460.62,synthetic spatial flood-hazard scenario; not observed flood data,synthetic vulnerability/depth-damage function,True
NZA-0226,0.129184,34.293588,informal_iron_sheet,23,6600,1520000.0,200,0.005,NZ-200-0226,high,2.527,1.269,13.37,1.35,0.7942,1207199.24,30400.0,1176799.24,synthetic spatial flood-hazard scenario; not observed flood data,synthetic vulnerability/depth-damage function,True
NZA-0227,0.173777,33.973324,informal_iron_sheet,21,9000,1890000.0,200,0.005,NZ-200-0227,high,1.93,0.833,10.56,1.35,0.634,1198190.16,37800.0,1160390.16,synthetic spatial flood-hazard scenario; not observed flood data,synthetic vulnerability/depth-damage function,True
NZA-0228,0.337195,35.035908,informal_iron_sheet,19,7800,1480000.0,200,0.005,NZ-200-0228,high,2.142,0.986,11.1,1.35,0.6953,1028995.83,29600.0,999395.83,synthetic spatial flood-hazard scenario; not observed flood data,synthetic vulnerability/depth-damage function,True
NZA-0229,-0.248699,35.31671,semi_permanent,27,12600,3400000.0,200,0.005,NZ-200-0229,high,1.958,0.858,11.67,1.0,0.5372,1826622.76,68000.0,1758622.76,synthetic spatial flood-hazard scenario; not observed flood data,synthetic vulnerability/depth-damage function,True
NZA-0230,0.728115,35.387876,semi_permanent,38,12000,4560000.0,200,0.005,NZ-200-0230,high,2.253,0.972,11.15,1.0,0.6098,2780838.79,91200.0,2689638.79,synthetic spatial flood-hazard scenario; not observed flood data,synthetic vulnerability/depth-damage function,True
NZA-0231,-0.080244,34.892939,semi_permanent,43,9100,3915000.0,200,0.005,NZ-200-0231,high,2.412,1.055,11.69,1.0,0.6502,2545465.27,78300.0,2467165.27,synthetic spatial flood-hazard scenario; not observed flood data,synthetic vulnerability/depth-damage function,True
NZA-0232,0.247534,34.558433,informal_iron_sheet,11,8200,900000.0,200,0.005,NZ-200-0232,high,2.409,1.082,12.71,1.35,0.7619,685709.81,18000.0,667709.81,synthetic spatial flood-hazard scenario; not observed flood data,synthetic vulnerability/depth-damage function,True
NZA-0233,0.922151,35.061651,concrete_rcc,363,76200,276605000.0,200,0.005,NZ-200-0233,high,2.386,1.109,12.46,0.7,0.5208,144061091.34,250000.0,143811091.34,synthetic spatial flood-hazard scenario; not observed flood data,synthetic vulnerability/depth-damage function,True
NZA-0234,-0.102681,34.4462,informal_iron_sheet,15,6200,930000.0,200,0.005,NZ-200-0234,high,2.578,1.024,14.28,1.35,0.7953,739588.29,18600.0,720988.29,synthetic spatial flood-hazard scenario; not observed flood data,synthetic vulnerability/depth-damage function,True
NZA-0235,0.277237,33.7611,concrete_rcc,540,66800,360720000.0,200,0.005,NZ-200-0235,high,2.213,0.95,11.43,0.7,0.4743,171093760.8,250000.0,170843760.8,synthetic spatial flood-hazard scenario; not observed flood data,synthetic vulnerability/depth-damage function,True
NZA-0236,1.051056,35.348716,concrete_rcc,377,59100,222805000.0,200,0.005,NZ-200-0236,high,1.782,0.797,8.91,0.7,0.367,81770845.13,250000.0,81520845.13,synthetic spatial flood-hazard scenario; not observed flood data,synthetic vulnerability/depth-damage function,True
NZA-0237,0.664035,33.87008,semi_permanent,40,8700,3480000.0,200,0.005,NZ-200-0237,high,2.182,1.141,10.91,1.0,0.6015,2093232.67,69600.0,2023632.67,synthetic spatial flood-hazard scenario; not observed flood data,synthetic vulnerability/depth-damage function,True
NZA-0238,-0.203953,33.787429,informal_iron_sheet,14,9400,1315000.0,200,0.005,NZ-200-0238,high,2.241,1.016,11.57,1.35,0.7207,947695.31,26300.0,921395.31,synthetic spatial flood-hazard scenario; not observed flood data,synthetic vulnerability/depth-damage function,True
NZA-0239,0.094046,34.98894,informal_iron_sheet,12,8100,970000.0,200,0.005,NZ-200-0239,high,2.346,1.088,11.48,1.35,0.7456,723184.32,19400.0,703784.32,synthetic spatial flood-hazard scenario; not observed flood data,synthetic vulnerability/depth-damage function,True
NZA-0240,0.839308,34.623191,informal_iron_sheet,10,5400,540000.0,200,0.005,NZ-200-0240,high,2.383,1.18,11.5,1.35,0.7571,408842.95,10800.0,398042.95,synthetic spatial flood-hazard scenario; not observed flood data,synthetic vulnerability/depth-damage function,True
NZA-0241,0.903049,34.77593,informal_iron_sheet,10,7600,760000.0,200,0.005,NZ-200-0241,high,2.147,0.831,11.57,1.35,0.6904,524735.96,15200.0,509535.96,synthetic spatial flood-hazard scenario; not observed flood data,synthetic vulnerability/depth-damage function,True
NZA-0242,-0.27746,34.786991,informal_iron_sheet,12,9300,1115000.0,200,0.005,NZ-200-0242,high,1.956,0.829,9.97,1.35,0.6381,711484.42,22300.0,689184.42,synthetic spatial flood-hazard scenario; not observed flood data,synthetic vulnerability/depth-damage function,True
NZA-0243,0.311782,34.453673,informal_iron_sheet,22,7900,1740000.0,200,0.005,NZ-200-0243,high,2.597,1.158,14.43,1.35,0.8049,1400580.58,34800.0,1365780.58,synthetic spatial flood-hazard scenario; not observed flood data,synthetic vulnerability/depth-damage function,True
NZA-0244,0.405315,33.820881,informal_iron_sheet,20,9100,1820000.0,200,0.005,NZ-200-0244,high,2.53,1.008,13.25,1.35,0.7828,1424635.06,36400.0,1388235.06,synthetic spatial flood-hazard scenario; not observed flood data,synthetic vulnerability/depth-damage function,True
NZA-0245,0.470147,34.610429,informal_iron_sheet,8,6300,505000.0,200,0.005,NZ-200-0245,high,2.531,1.129,13.61,1.35,0.7896,398742.04,10100.0,388642.04,synthetic spatial flood-hazard scenario; not observed flood data,synthetic vulnerability/depth-damage function,True
NZA-0246,0.786112,35.372968,semi_permanent,31,14800,4590000.0,200,0.005,NZ-200-0246,high,2.042,1.021,10.84,1.0,0.5626,2582402.53,91800.0,2490602.53,synthetic spatial flood-hazard scenario; not observed flood data,synthetic vulnerability/depth-damage function,True
NZA-0247,1.02771,34.603808,permanent_masonry,89,42900,38180000.0,200,0.005,NZ-200-0247,high,2.809,1.133,13.46,0.9,0.6973,26622271.84,250000.0,26372271.84,synthetic spatial flood-hazard scenario; not observed flood data,synthetic vulnerability/depth-damage function,True
NZA-0248,1.278619,35.180017,semi_permanent,38,15300,5815000.0,200,0.005,NZ-200-0248,high,1.989,1.009,11.48,1.0,0.5518,3208862.02,116300.0,3092562.02,synthetic spatial flood-hazard scenario; not observed flood data,synthetic vulnerability/depth-damage function,True
NZA-0249,0.784923,35.201385,semi_permanent,34,9100,3095000.0,200,0.005,NZ-200-0249,high,1.942,0.877,10.17,1.0,0.5288,1636550.54,61900.0,1574650.54,synthetic spatial flood-hazard scenario; not observed flood data,synthetic vulnerability/depth-damage function,True
NZA-0250,0.30244,34.881249,semi_permanent,37,8300,3070000.0,200,0.005,NZ-200-0250,high,2.192,1.053,11.9,1.0,0.6033,1852052.77,61400.0,1790652.77,synthetic spatial flood-hazard scenario; not observed flood data,synthetic vulnerability/depth-damage function,True
NZA-0251,1.03318,34.046947,informal_iron_sheet,11,5400,595000.0,200,0.005,NZ-200-0251,high,2.57,1.013,11.74,1.35,0.7848,466977.25,11900.0,455077.25,synthetic spatial flood-hazard scenario; not observed flood data,synthetic vulnerability/depth-damage function,True
NZA-0252,1.194176,35.293823,informal_iron_sheet,11,8700,955000.0,200,0.005,NZ-200-0252,high,2.071,0.885,12.32,1.35,0.6784,647848.76,19100.0,628748.76,synthetic spatial flood-hazard scenario; not observed flood data,synthetic vulnerability/depth-damage function,True
NZA-0253,0.529755,35.078419,permanent_masonry,178,41500,73870000.0,200,0.005,NZ-200-0253,high,2.191,0.976,11.3,0.9,0.5585,41258326.61,250000.0,41008326.61,synthetic spatial flood-hazard scenario; not observed flood data,synthetic vulnerability/depth-damage function,True
NZA-0254,0.343724,35.047128,concrete_rcc,697,61100,425865000.0,200,0.005,NZ-200-0254,high,2.347,1.025,13.93,0.7,0.5143,219033424.98,250000.0,218783424.98,synthetic spatial flood-hazard scenario; not observed flood data,synthetic vulnerability/depth-damage function,True
NZA-0255,0.70253,33.825102,informal_iron_sheet,8,7400,590000.0,200,0.005,NZ-200-0255,high,2.208,0.988,10.77,1.35,0.709,418290.56,11800.0,406490.56,synthetic spatial flood-hazard scenario; not observed flood data,synthetic vulnerability/depth-damage function,True
NZA-0256,-0.006645,35.185234,semi_permanent,37,14200,5255000.0,200,0.005,NZ-200-0256,high,2.196,0.98,10.47,1.0,0.5949,3126216.12,105100.0,3021116.12,synthetic spatial flood-hazard scenario; not observed flood data,synthetic vulnerability/depth-damage function,True
NZA-0257,0.631845,34.774512,informal_iron_sheet,12,5400,650000.0,200,0.005,NZ-200-0257,high,2.434,1.058,13.51,1.35,0.7685,499555.23,13000.0,486555.23,synthetic spatial flood-hazard scenario; not observed flood data,synthetic vulnerability/depth-damage function,True
NZA-0258,0.574405,34.730911,semi_permanent,45,9500,4275000.0,200,0.005,NZ-200-0258,high,2.619,1.098,14.05,1.0,0.7017,2999559.54,85500.0,2914059.54,synthetic spatial flood-hazard scenario; not observed flood data,synthetic vulnerability/depth-damage function,True
NZA-0259,0.980305,33.863152,informal_iron_sheet,14,8300,1160000.0,200,0.005,NZ-200-0259,high,2.321,1.05,12.24,1.35,0.7415,860095.66,23200.0,836895.66,synthetic spatial flood-hazard scenario; not observed flood data,synthetic vulnerability/depth-damage function,True
NZA-0260,-0.141532,35.034344,permanent_masonry,103,44900,46245000.0,200,0.005,NZ-200-0260,high,2.118,0.988,11.72,0.9,0.5443,25170258.45,250000.0,24920258.45,synthetic spatial flood-hazard scenario; not observed flood data,synthetic vulnerability/depth-damage function,True
NZA-0261,-0.204841,34.978545,informal_iron_sheet,17,6300,1070000.0,200,0.005,NZ-200-0261,high,2.125,0.972,11.11,1.35,0.6907,739074.08,21400.0,717674.08,synthetic spatial flood-hazard scenario; not observed flood data,synthetic vulnerability/depth-damage function,True
NZA-0262,0.336428,34.151892,semi_permanent,36,15500,5580000.0,200,0.005,NZ-200-0262,high,2.774,1.052,12.97,1.0,0.7233,4035908.57,111600.0,3924308.57,synthetic spatial flood-hazard scenario; not observed flood data,synthetic vulnerability/depth-damage function,True
NZA-0263,0.441061,33.936723,permanent_masonry,127,49700,63120000.0,200,0.005,NZ-200-0263,high,2.293,0.976,11.4,0.9,0.5811,36678659.43,250000.0,36428659.43,synthetic spatial flood-hazard scenario; not observed flood data,synthetic vulnerability/depth-damage function,True
NZA-0264,0.582415,34.863063,semi_permanent,69,11000,7590000.0,200,0.005,NZ-200-0264,high,2.652,1.064,13.65,1.0,0.7047,5348717.87,151800.0,5196917.87,synthetic spatial flood-hazard scenario; not observed flood data,synthetic vulnerability/depth-damage function,True
NZA-0265,1.103404,34.031378,permanent_masonry,141,61800,87140000.0,200,0.005,NZ-200-0265,high,2.466,1.025,11.04,0.9,0.6182,53870593.13,250000.0,53620593.13,synthetic spatial flood-hazard scenario; not observed flood data,synthetic vulnerability/depth-damage function,True
NZA-0266,-0.289731,34.413022,permanent_masonry,121,54300,65705000.0,200,0.005,NZ-200-0266,high,2.256,1.075,12.81,0.9,0.5834,38332503.3,250000.0,38082503.3,synthetic spatial flood-hazard scenario; not observed flood data,synthetic vulnerability/depth-damage function,True
NZA-0267,1.20618,34.952274,semi_permanent,34,15500,5270000.0,200,0.005,NZ-200-0267,high,2.147,0.775,10.31,1.0,0.5727,3018331.05,105400.0,2912931.05,synthetic spatial flood-hazard scenario; not observed flood data,synthetic vulnerability/depth-damage function,True
NZA-0268,1.080481,34.541392,permanent_masonry,149,48800,72710000.0,200,0.005,NZ-200-0268,high,2.467,1.054,14.48,0.9,0.6331,46029902.2,250000.0,45779902.2,synthetic spatial flood-hazard scenario; not observed flood data,synthetic vulnerability/depth-damage function,True
NZA-0269,1.265353,35.013313,semi_permanent,52,15800,8215000.0,200,0.005,NZ-200-0269,high,1.875,0.861,11.41,1.0,0.5158,4237527.54,164300.0,4073227.54,synthetic spatial flood-hazard scenario; not observed flood data,synthetic vulnerability/depth-damage function,True
NZA-0270,0.162901,33.9899,concrete_rcc,372,55000,204600000.0,200,0.005,NZ-200-0270,high,2.951,0.992,13.98,0.7,0.6245,127777499.58,250000.0,127527499.58,synthetic spatial flood-hazard scenario; not observed flood data,synthetic vulnerability/depth-damage function,True
NZA-0271,0.91255,35.150675,informal_iron_sheet,11,6300,695000.0,200,0.005,NZ-200-0271,high,2.176,0.906,11.0,1.35,0.6986,485541.33,13900.0,471641.33,synthetic spatial flood-hazard scenario; not observed flood data,synthetic vulnerability/depth-damage function,True
NZA-0272,0.846355,34.649884,informal_iron_sheet,15,7500,1125000.0,200,0.005,NZ-200-0272,high,2.968,1.005,13.91,1.35,0.8513,957734.77,22500.0,935234.77,synthetic spatial flood-hazard scenario; not observed flood data,synthetic vulnerability/depth-damage function,True
NZA-0273,0.661502,34.61257,informal_iron_sheet,13,9800,1275000.0,200,0.005,NZ-200-0273,high,2.853,1.297,14.14,1.35,0.848,1081258.39,25500.0,1055758.39,synthetic spatial flood-hazard scenario; not observed flood data,synthetic vulnerability/depth-damage function,True
NZA-0274,0.054072,33.889111,permanent_masonry,99,63600,62965000.0,200,0.005,NZ-200-0274,high,2.589,1.059,11.81,0.9,0.6472,40753275.11,250000.0,40503275.11,synthetic spatial flood-hazard scenario; not observed flood data,synthetic vulnerability/depth-damage function,True
NZA-0275,0.627349,34.64853,informal_iron_sheet,28,5900,1650000.0,200,0.005,NZ-200-0275,high,2.047,0.945,11.61,1.35,0.6729,1110352.61,33000.0,1077352.61,synthetic spatial flood-hazard scenario; not observed flood data,synthetic vulnerability/depth-damage function,True
NZA-0276,0.777207,34.376214,permanent_masonry,125,44600,55750000.0,200,0.005,NZ-200-0276,high,2.182,0.967,12.3,0.9,0.5598,31208814.23,250000.0,30958814.23,synthetic spatial flood-hazard scenario; not observed flood data,synthetic vulnerability/depth-damage function,True
NZA-0277,1.02503,35.248999,informal_iron_sheet,14,9500,1330000.0,200,0.005,NZ-200-0277,high,2.103,0.895,9.31,1.35,0.6747,897387.98,26600.0,870787.98,synthetic spatial flood-hazard scenario; not observed flood data,synthetic vulnerability/depth-damage function,True
NZA-0278,0.628028,33.945231,permanent_masonry,85,58800,49980000.0,200,0.005,NZ-200-0278,high,2.401,1.041,11.18,0.9,0.6063,30304667.84,250000.0,30054667.84,synthetic spatial flood-hazard scenario; not observed flood data,synthetic vulnerability/depth-damage function,True
NZA-0279,0.517021,34.628905,semi_permanent,34,9400,3195000.0,200,0.005,NZ-200-0279,high,2.643,1.091,12.62,1.0,0.7004,2237926.05,63900.0,2174026.05,synthetic spatial flood-hazard scenario; not observed flood data,synthetic vulnerability/depth-damage function,True
NZA-0280,1.185841,34.483516,semi_permanent,41,10500,4305000.0,200,0.005,NZ-200-0280,high,2.693,1.244,14.49,1.0,0.7237,3115681.73,86100.0,3029581.73,synthetic spatial flood-hazard scenario; not observed flood data,synthetic vulnerability/depth-damage function,True
NZA-0281,0.439745,35.312734,concrete_rcc,706,66200,467370000.0,200,0.005,NZ-200-0281,high,2.14,0.869,10.66,0.7,0.4527,211594909.24,250000.0,211344909.24,synthetic spatial flood-hazard scenario; not observed flood data,synthetic vulnerability/depth-damage function,True
NZA-0282,0.791292,35.169288,semi_permanent,51,9300,4745000.0,200,0.005,NZ-200-0282,high,2.292,1.09,11.82,1.0,0.627,2974936.37,94900.0,2880036.37,synthetic spatial flood-hazard scenario; not observed flood data,synthetic vulnerability/depth-damage function,True
NZA-0283,0.923322,34.530605,semi_permanent,27,13400,3620000.0,200,0.005,NZ-200-0283,high,2.468,1.134,11.55,1.0,0.6649,2407001.21,72400.0,2334601.21,synthetic spatial flood-hazard scenario; not observed flood data,synthetic vulnerability/depth-damage function,True
NZA-0284,0.769539,35.168805,informal_iron_sheet,12,8400,1010000.0,200,0.005,NZ-200-0284,high,2.266,0.924,11.85,1.35,0.7225,729700.0,20200.0,709500.0,synthetic spatial flood-hazard scenario; not observed flood data,synthetic vulnerability/depth-damage function,True
NZA-0285,0.574865,34.657637,permanent_masonry,103,35400,36460000.0,200,0.005,NZ-200-0285,high,2.319,1.138,11.4,0.9,0.5948,21685202.36,250000.0,21435202.36,synthetic spatial flood-hazard scenario; not observed flood data,synthetic vulnerability/depth-damage function,True
NZA-0286,0.178493,33.901017,permanent_masonry,59,54900,32390000.0,200,0.005,NZ-200-0286,high,2.1,0.989,10.76,0.9,0.5366,17379325.46,250000.0,17129325.46,synthetic spatial flood-hazard scenario; not observed flood data,synthetic vulnerability/depth-damage function,True
NZA-0287,-0.032237,33.866162,semi_permanent,39,12600,4915000.0,200,0.005,NZ-200-0287,high,2.054,0.877,10.31,1.0,0.5562,2733951.85,98300.0,2635651.85,synthetic spatial flood-hazard scenario; not observed flood data,synthetic vulnerability/depth-damage function,True
NZA-0288,1.019005,34.386734,permanent_masonry,166,51200,84990000.0,200,0.005,NZ-200-0288,high,2.488,1.115,12.98,0.9,0.6347,53945791.85,250000.0,53695791.85,synthetic spatial flood-hazard scenario; not observed flood data,synthetic vulnerability/depth-damage function,True
NZA-0289,0.87648,35.270379,semi_permanent,45,11400,5130000.0,200,0.005,NZ-200-0289,high,2.164,0.994,11.18,1.0,0.5911,3032268.01,102600.0,2929668.01,synthetic spatial flood-hazard scenario; not observed flood data,synthetic vulnerability/depth-damage function,True
NZA-0290,0.727901,34.986233,informal_iron_sheet,14,6400,895000.0,200,0.005,NZ-200-0290,high,2.32,1.075,12.15,1.35,0.7421,664200.44,17900.0,646300.44,synthetic spatial flood-hazard scenario; not observed flood data,synthetic vulnerability/depth-damage function,True
NZA-0291,1.182063,35.231795,concrete_rcc,329,67200,221090000.0,200,0.005,NZ-200-0291,high,2.124,0.841,11.65,0.7,0.4515,99831699.85,250000.0,99581699.85,synthetic spatial flood-hazard scenario; not observed flood data,synthetic vulnerability/depth-damage function,True
NZA-0292,0.95596,35.318004,informal_iron_sheet,14,9400,1315000.0,200,0.005,NZ-200-0292,moderate,1.613,0.862,9.95,1.35,0.5447,716256.65,26300.0,689956.65,synthetic spatial flood-hazard scenario; not observed flood data,synthetic vulnerability/depth-damage function,True
NZA-0293,1.153901,34.966821,permanent_masonry,58,36800,21345000.0,200,0.005,NZ-200-0293,high,1.996,0.883,13.12,0.9,0.5159,11010957.52,250000.0,10760957.52,synthetic spatial flood-hazard scenario; not observed flood data,synthetic vulnerability/depth-damage function,True
NZA-0294,0.965489,34.374677,concrete_rcc,274,51700,141660000.0,200,0.005,NZ-200-0294,high,2.321,0.901,11.48,0.7,0.4942,70004716.15,250000.0,69754716.15,synthetic spatial flood-hazard scenario; not observed flood data,synthetic vulnerability/depth-damage function,True
NZA-0295,0.368369,34.148271,concrete_rcc,576,67000,385920000.0,200,0.005,NZ-200-0295,high,2.709,1.077,13.05,0.7,0.583,224981009.88,250000.0,224731009.88,synthetic spatial flood-hazard scenario; not observed flood data,synthetic vulnerability/depth-damage function,True
NZA-0296,0.834715,35.024396,semi_permanent,46,9400,4325000.0,200,0.005,NZ-200-0296,high,2.183,0.619,11.83,1.0,0.5785,2502156.36,86500.0,2415656.36,synthetic spatial flood-hazard scenario; not observed flood data,synthetic vulnerability/depth-damage function,True
NZA-0297,0.910832,35.060717,informal_iron_sheet,17,5100,865000.0,200,0.005,NZ-200-0297,high,1.859,0.902,10.36,1.35,0.6182,534755.67,17300.0,517455.67,synthetic spatial flood-hazard scenario; not observed flood data,synthetic vulnerability/depth-damage function,True
NZA-0298,0.35965,35.324168,informal_iron_sheet,23,5300,1220000.0,200,0.005,NZ-200-0298,high,2.096,0.924,10.33,1.35,0.6787,827984.21,24400.0,803584.21,synthetic spatial flood-hazard scenario; not observed flood data,synthetic vulnerability/depth-damage function,True
NZA-0299,0.153178,34.779217,semi_permanent,27,8800,2375000.0,200,0.005,NZ-200-0299,high,2.609,0.949,13.63,1.0,0.6909,1640841.62,47500.0,1593341.62,synthetic spatial flood-hazard scenario; not observed flood data,synthetic vulnerability/depth-damage function,True
NZA-0300,0.458554,35.18356,semi_permanent,24,15000,3600000.0,200,0.005,NZ-200-0300,high,2.263,1.107,11.45,1.0,0.62,2231929.31,72000.0,2159929.31,synthetic spatial flood-hazard scenario; not observed flood data,synthetic vulnerability/depth-damage function,True
NZA-0301,-0.162183,34.160557,permanent_masonry,128,62300,79745000.0,200,0.005,NZ-200-0301,high,2.22,0.871,12.13,0.9,0.5628,44877282.01,250000.0,44627282.01,synthetic spatial flood-hazard scenario; not observed flood data,synthetic vulnerability/depth-damage function,True
NZA-0302,0.308398,34.177234,semi_permanent,51,15100,7700000.0,200,0.005,NZ-200-0302,high,2.62,0.876,10.96,1.0,0.6791,5229087.04,154000.0,5075087.04,synthetic spatial flood-hazard scenario; not observed flood data,synthetic vulnerability/depth-damage function,True
NZA-0303,0.949621,34.475347,informal_iron_sheet,14,6400,895000.0,200,0.005,NZ-200-0303,high,2.316,0.901,11.18,1.35,0.7293,652738.33,17900.0,634838.33,synthetic spatial flood-hazard scenario; not observed flood data,synthetic vulnerability/depth-damage function,True
NZA-0304,0.668158,33.957035,concrete_rcc,403,63900,257515000.0,200,0.005,NZ-200-0304,high,2.39,1.017,13.12,0.7,0.5196,133809551.27,250000.0,133559551.27,synthetic spatial flood-hazard scenario; not observed flood data,synthetic vulnerability/depth-damage function,True
NZA-0305,0.980948,35.148597,informal_iron_sheet,13,5600,730000.0,200,0.005,NZ-200-0305,moderate,1.724,0.843,9.06,1.35,0.5729,418193.45,14600.0,403593.45,synthetic spatial flood-hazard scenario; not observed flood data,synthetic vulnerability/depth-damage function,True
NZA-0306,0.332437,35.079992,permanent_masonry,92,37300,34315000.0,200,0.005,NZ-200-0306,high,2.569,1.132,11.88,0.9,0.6473,22211344.62,250000.0,21961344.62,synthetic spatial flood-hazard scenario; not observed flood data,synthetic vulnerability/depth-damage function,True
NZA-0307,1.250294,35.241248,concrete_rcc,389,79400,308865000.0,200,0.005,NZ-200-0307,high,2.229,0.78,12.36,0.7,0.4729,146075842.64,250000.0,145825842.64,synthetic spatial flood-hazard scenario; not observed flood data,synthetic vulnerability/depth-damage function,True
NZA-0308,0.694308,33.996537,permanent_masonry,198,62200,123155000.0,200,0.005,NZ-200-0308,high,2.402,0.99,11.08,0.9,0.6036,74339414.21,250000.0,74089414.21,synthetic spatial flood-hazard scenario; not observed flood data,synthetic vulnerability/depth-damage function,True
NZA-0309,1.00907,34.814645,semi_permanent,65,11300,7345000.0,200,0.005,NZ-200-0309,high,2.188,0.932,11.32,1.0,0.5941,4363694.85,146900.0,4216794.85,synthetic spatial flood-hazard scenario; not observed flood data,synthetic vulnerability/depth-damage function,True
NZA-0310,-0.138074,33.746357,informal_iron_sheet,16,7700,1230000.0,200,0.005,NZ-200-0310,high,2.163,0.834,11.4,1.35,0.6935,853039.98,24600.0,828439.98,synthetic spatial flood-hazard scenario; not observed flood data,synthetic vulnerability/depth-damage function,True
NZA-0311,0.156966,33.874016,semi_permanent,44,8600,3785000.0,200,0.005,NZ-200-0311,moderate,2.198,0.802,9.71,1.0,0.5834,2208280.21,75700.0,2132580.21,synthetic spatial flood-hazard scenario; not observed flood data,synthetic vulnerability/depth-damage function,True
NZA-0312,-0.216944,34.610915,informal_iron_sheet,15,6000,900000.0,200,0.005,NZ-200-0312,high,2.21,1.011,12.42,1.35,0.7169,645182.7,18000.0,627182.7,synthetic spatial flood-hazard scenario; not observed flood data,synthetic vulnerability/depth-damage function,True
NZA-0313,-0.264664,34.910856,permanent_masonry,101,52500,53025000.0,200,0.005,NZ-200-0313,high,2.301,1.02,10.2,0.9,0.5804,30776351.8,250000.0,30526351.8,synthetic spatial flood-hazard scenario; not observed flood data,synthetic vulnerability/depth-damage function,True
NZA-0314,0.039246,34.809932,permanent_masonry,93,51900,48265000.0,200,0.005,NZ-200-0314,high,2.505,1.102,13.8,0.9,0.6406,30918565.49,250000.0,30668565.49,synthetic spatial flood-hazard scenario; not observed flood data,synthetic vulnerability/depth-damage function,True
NZA-0315,1.124506,33.892295,permanent_masonry,59,63800,37640000.0,200,0.005,NZ-200-0315,high,2.042,1.064,10.03,0.9,0.524,19723485.72,250000.0,19473485.72,synthetic spatial flood-hazard scenario; not observed flood data,synthetic vulnerability/depth-damage function,True
NZA-0316,0.345467,34.256804,informal_iron_sheet,16,5800,930000.0,200,0.005,NZ-200-0316,high,2.592,1.152,12.72,1.35,0.7981,742237.31,18600.0,723637.31,synthetic spatial flood-hazard scenario; not observed flood data,synthetic vulnerability/depth-damage function,True
NZA-0317,-0.19775,34.547148,semi_permanent,41,13200,5410000.0,200,0.005,NZ-200-0317,high,2.412,1.099,13.41,1.0,0.6588,3563988.85,108200.0,3455788.85,synthetic spatial flood-hazard scenario; not observed flood data,synthetic vulnerability/depth-damage function,True
NZA-0318,-0.180077,33.715615,informal_iron_sheet,15,6400,960000.0,200,0.005,NZ-200-0318,high,2.046,1.012,11.38,1.35,0.6751,648131.37,19200.0,628931.37,synthetic spatial flood-hazard scenario; not observed flood data,synthetic vulnerability/depth-damage function,True
NZA-0319,0.742574,34.693275,informal_iron_sheet,12,6800,815000.0,200,0.005,NZ-200-0319,high,2.552,1.103,12.9,1.35,0.7896,643555.72,16300.0,627255.72,synthetic spatial flood-hazard scenario; not observed flood data,synthetic vulnerability/depth-damage function,True
NZA-0320,0.767671,34.547825,semi_permanent,25,14800,3700000.0,200,0.005,NZ-200-0320,high,2.493,1.202,13.43,1.0,0.6804,2517376.5,74000.0,2443376.5,synthetic spatial flood-hazard scenario; not observed flood data,synthetic vulnerability/depth-damage function,True
NZA-0321,0.276305,34.64447,concrete_rcc,186,66900,124435000.0,200,0.005,NZ-200-0321,high,2.469,1.177,11.77,0.7,0.5378,66919310.2,250000.0,66669310.2,synthetic spatial flood-hazard scenario; not observed flood data,synthetic vulnerability/depth-damage function,True
NZA-0322,1.25903,35.393372,permanent_masonry,47,39100,18375000.0,200,0.005,NZ-200-0322,moderate,1.77,0.81,10.41,0.9,0.4475,8223487.83,250000.0,7973487.83,synthetic spatial flood-hazard scenario; not observed flood data,synthetic vulnerability/depth-damage function,True
NZA-0323,-0.296545,34.470554,informal_iron_sheet,23,8500,1955000.0,200,0.005,NZ-200-0323,high,1.999,0.925,10.0,1.35,0.6539,1278299.31,39100.0,1239199.31,synthetic spatial flood-hazard scenario; not observed flood data,synthetic vulnerability/depth-damage function,True
NZA-0324,0.033137,35.342208,semi_permanent,45,9800,4410000.0,200,0.005,NZ-200-0324,high,2.117,0.9,10.56,1.0,0.5732,2527841.21,88200.0,2439641.21,synthetic spatial flood-hazard scenario; not observed flood data,synthetic vulnerability/depth-damage function,True
NZA-0325,0.594286,34.69312,semi_permanent,35,10100,3535000.0,200,0.005,NZ-200-0325,high,2.34,1.051,12.5,1.0,0.6378,2254728.56,70700.0,2184028.56,synthetic spatial flood-hazard scenario; not observed flood data,synthetic vulnerability/depth-damage function,True
NZA-0326,0.115034,34.472817,permanent_masonry,68,44300,30125000.0,200,0.005,NZ-200-0326,high,2.623,1.052,13.78,0.9,0.6608,19905372.56,250000.0,19655372.56,synthetic spatial flood-hazard scenario; not observed flood data,synthetic vulnerability/depth-damage function,True
NZA-0327,1.001417,34.038693,concrete_rcc,995,72800,724360000.0,200,0.005,NZ-200-0327,high,2.366,1.068,9.83,0.7,0.5052,365911007.47,250000.0,365661007.47,synthetic spatial flood-hazard scenario; not observed flood data,synthetic vulnerability/depth-damage function,True
NZA-0328,-0.104347,35.09238,semi_permanent,45,10900,4905000.0,200,0.005,NZ-200-0328,high,2.054,0.849,10.32,1.0,0.555,2722050.03,98100.0,2623950.03,synthetic spatial flood-hazard scenario; not observed flood data,synthetic vulnerability/depth-damage function,True
NZA-0329,0.295155,34.238132,concrete_rcc,288,64000,184320000.0,200,0.005,NZ-200-0329,high,2.512,1.116,13.5,0.7,0.5498,101330225.23,250000.0,101080225.23,synthetic spatial flood-hazard scenario; not observed flood data,synthetic vulnerability/depth-damage function,True
NZA-0330,0.78048,34.173979,semi_permanent,47,15700,7380000.0,200,0.005,NZ-200-0330,high,2.294,0.962,12.88,1.0,0.6249,4611705.55,147600.0,4464105.55,synthetic spatial flood-hazard scenario; not observed flood data,synthetic vulnerability/depth-damage function,True
NZA-0331,-0.109391,34.341276,concrete_rcc,910,60100,546910000.0,200,0.005,NZ-200-0331,high,2.223,0.883,13.41,0.7,0.4802,262604865.92,250000.0,262354865.92,synthetic spatial flood-hazard scenario; not observed flood data,synthetic vulnerability/depth-damage function,True
NZA-0332,0.048393,34.565011,informal_iron_sheet,24,9700,2330000.0,200,0.005,NZ-200-0332,high,2.257,1.031,10.77,1.35,0.7217,1681539.3,46600.0,1634939.3,synthetic spatial flood-hazard scenario; not observed flood data,synthetic vulnerability/depth-damage function,True
NZA-0333,0.25734,34.321241,informal_iron_sheet,16,5500,880000.0,200,0.005,NZ-200-0333,high,2.568,0.987,14.89,1.35,0.794,698729.98,17600.0,681129.98,synthetic spatial flood-hazard scenario; not observed flood data,synthetic vulnerability/depth-damage function,True
NZA-0334,0.69927,35.031547,permanent_masonry,106,58300,61800000.0,200,0.005,NZ-200-0334,high,2.736,0.969,14.68,0.9,0.6808,42074640.59,250000.0,41824640.59,synthetic spatial flood-hazard scenario; not observed flood data,synthetic vulnerability/depth-damage function,True
NZA-0335,0.481944,34.066823,concrete_rcc,585,78200,457470000.0,200,0.005,NZ-200-0335,high,2.416,1.089,12.08,0.7,0.5242,239825912.4,250000.0,239575912.4,synthetic spatial flood-hazard scenario; not observed flood data,synthetic vulnerability/depth-damage function,True
NZA-0336,1.241742,34.091352,permanent_masonry,64,56000,35840000.0,200,0.005,NZ-200-0336,high,2.299,0.934,11.43,0.9,0.5804,20801024.21,250000.0,20551024.21,synthetic spatial flood-hazard scenario; not observed flood data,synthetic vulnerability/depth-damage function,True
NZA-0337,1.198726,34.755269,informal_iron_sheet,19,5900,1120000.0,200,0.005,NZ-200-0337,high,2.472,1.064,12.84,1.35,0.7734,866175.76,22400.0,843775.76,synthetic spatial flood-hazard scenario; not observed flood data,synthetic vulnerability/depth-damage function,True
NZA-0338,0.446663,33.736635,semi_permanent,63,8900,5605000.0,200,0.005,NZ-200-0338,high,2.958,0.897,13.4,1.0,0.7477,4190636.96,112100.0,4078536.96,synthetic spatial flood-hazard scenario; not observed flood data,synthetic vulnerability/depth-damage function,True
NZA-0339,0.024772,34.30548,permanent_masonry,106,47000,49820000.0,200,0.005,NZ-200-0339,high,2.667,0.971,14.4,0.9,0.6673,33245828.5,250000.0,32995828.5,synthetic spatial flood-hazard scenario; not observed flood data,synthetic vulnerability/depth-damage function,True
NZA-0340,0.171572,35.11162,permanent_masonry,106,43500,46110000.0,200,0.005,NZ-200-0340,high,2.116,0.815,10.96,0.9,0.5324,24549406.53,250000.0,24299406.53,synthetic spatial flood-hazard scenario; not observed flood data,synthetic vulnerability/depth-damage function,True
NZA-0341,0.795236,35.292739,semi_permanent,70,9600,6720000.0,200,0.005,NZ-200-0341,high,2.084,0.935,11.05,1.0,0.5693,3825371.61,134400.0,3690971.61,synthetic spatial flood-hazard scenario; not observed flood data,synthetic vulnerability/depth-damage function,True
NZA-0342,-0.126004,34.84036,informal_iron_sheet,13,8000,1040000.0,200,0.005,NZ-200-0342,high,2.435,0.9,11.83,1.35,0.7552,785438.04,20800.0,764638.04,synthetic spatial flood-hazard scenario; not observed flood data,synthetic vulnerability/depth-damage function,True
NZA-0343,-0.199741,34.026399,concrete_rcc,343,71500,245245000.0,200,0.005,NZ-200-0343,high,2.48,1.157,13.12,0.7,0.5441,133443450.61,250000.0,133193450.61,synthetic spatial flood-hazard scenario; not observed flood data,synthetic vulnerability/depth-damage function,True
NZA-0344,0.111087,34.308282,concrete_rcc,492,69000,339480000.0,200,0.005,NZ-200-0344,high,2.665,1.099,12.75,0.7,0.5748,195143558.4,250000.0,194893558.4,synthetic spatial flood-hazard scenario; not observed flood data,synthetic vulnerability/depth-damage function,True
NZA-0345,0.624731,34.421918,semi_permanent,43,15700,6750000.0,200,0.005,NZ-200-0345,high,2.458,1.045,13.01,1.0,0.6639,4481547.88,135000.0,4346547.88,synthetic spatial flood-hazard scenario; not observed flood data,synthetic vulnerability/depth-damage function,True
NZA-0346,1.240717,35.148812,semi_permanent,35,12100,4235000.0,200,0.005,NZ-200-0346,high,1.721,0.683,10.26,1.0,0.4634,1962482.94,84700.0,1877782.94,synthetic spatial flood-hazard scenario; not observed flood data,synthetic vulnerability/depth-damage function,True
NZA-0347,0.230103,34.12453,informal_iron_sheet,10,5600,560000.0,200,0.005,NZ-200-0347,high,2.287,1.177,13.13,1.35,0.7437,416457.95,11200.0,405257.95,synthetic spatial flood-hazard scenario; not observed flood data,synthetic vulnerability/depth-damage function,True
NZA-0348,-0.158487,34.968485,semi_permanent,41,12100,4960000.0,200,0.005,NZ-200-0348,high,2.071,0.873,10.77,1.0,0.562,2787341.13,99200.0,2688141.13,synthetic spatial flood-hazard scenario; not observed flood data,synthetic vulnerability/depth-damage function,True
NZA-0349,0.964796,34.438534,permanent_masonry,148,40200,59495000.0,200,0.005,NZ-200-0349,high,2.536,0.922,12.84,0.9,0.6339,37713461.65,250000.0,37463461.65,synthetic spatial flood-hazard scenario; not observed flood data,synthetic vulnerability/depth-damage function,True
NZA-0350,1.0998,34.915436,permanent_masonry,143,43800,62635000.0,200,0.005,NZ-200-0350,high,2.244,1.03,11.24,0.9,0.5727,35871737.7,250000.0,35621737.7,synthetic spatial flood-hazard scenario; not observed flood data,synthetic vulnerability/depth-damage function,True
NZA-0351,0.273103,34.838045,concrete_rcc,364,66900,243515000.0,200,0.005,NZ-200-0351,high,2.793,1.145,13.97,0.7,0.6049,147298583.13,250000.0,147048583.13,synthetic spatial flood-hazard scenario; not observed flood data,synthetic vulnerability/depth-damage function,True
NZA-0352,0.508895,35.217335,informal_iron_sheet,8,9200,735000.0,200,0.005,NZ-200-0352,high,2.196,0.972,11.97,1.35,0.7102,521961.93,14700.0,507261.93,synthetic spatial flood-hazard scenario; not observed flood data,synthetic vulnerability/depth-damage function,True
NZA-0353,0.796888,34.850966,semi_permanent,49,15800,7740000.0,200,0.005,NZ-200-0353,high,2.078,0.994,10.89,1.0,0.5701,4412296.11,154800.0,4257496.11,synthetic spatial flood-hazard scenario; not observed flood data,synthetic vulnerability/depth-damage function,True
NZA-0354,0.787981,34.126489,semi_permanent,57,13100,7465000.0,200,0.005,NZ-200-0354,high,2.644,1.143,14.2,1.0,0.709,5292957.27,149300.0,5143657.27,synthetic spatial flood-hazard scenario; not observed flood data,synthetic vulnerability/depth-damage function,True
NZA-0355,0.864138,34.433399,informal_iron_sheet,16,9700,1550000.0,200,0.005,NZ-200-0355,high,2.23,0.928,12.13,1.35,0.7161,1109917.6,31000.0,1078917.6,synthetic spatial flood-hazard scenario; not observed flood data,synthetic vulnerability/depth-damage function,True
NZA-0356,0.75526,34.406184,informal_iron_sheet,15,7400,1110000.0,200,0.005,NZ-200-0356,high,2.205,0.952,12.41,1.35,0.7127,791099.3,22200.0,768899.3,synthetic spatial flood-hazard scenario; not observed flood data,synthetic vulnerability/depth-damage function,True
NZA-0357,-0.274891,34.000098,semi_permanent,22,14100,3100000.0,200,0.005,NZ-200-0357,high,2.33,0.906,11.9,1.0,0.6262,1941099.25,62000.0,1879099.25,synthetic spatial flood-hazard scenario; not observed flood data,synthetic vulnerability/depth-damage function,True
NZA-0358,0.257418,35.240719,informal_iron_sheet,13,8600,1120000.0,200,0.005,NZ-200-0358,high,2.468,0.818,11.61,1.35,0.7567,847523.25,22400.0,825123.25,synthetic spatial flood-hazard scenario; not observed flood data,synthetic vulnerability/depth-damage function,True
NZA-0359,-0.179782,34.04073,informal_iron_sheet,19,7900,1500000.0,200,0.005,NZ-200-0359,high,1.953,0.931,9.31,1.35,0.6401,960094.81,30000.0,930094.81,synthetic spatial flood-hazard scenario; not observed flood data,synthetic vulnerability/depth-damage function,True
NZA-0360,-0.211896,34.215362,semi_permanent,46,14700,6760000.0,200,0.005,NZ-200-0360,high,2.152,1.063,10.63,1.0,0.5898,3987192.92,135200.0,3851992.92,synthetic spatial flood-hazard scenario; not observed flood data,synthetic vulnerability/depth-damage function,True
NZA-0361,0.136668,35.356317,semi_permanent,33,8900,2935000.0,200,0.005,NZ-200-0361,high,2.206,0.873,10.56,1.0,0.5922,1738110.51,58700.0,1679410.51,synthetic spatial flood-hazard scenario; not observed flood data,synthetic vulnerability/depth-damage function,True
NZA-0362,0.993362,34.81099,semi_permanent,32,10900,3490000.0,200,0.005,NZ-200-0362,high,2.468,1.035,12.68,1.0,0.6641,2317696.57,69800.0,2247896.57,synthetic spatial flood-hazard scenario; not observed flood data,synthetic vulnerability/depth-damage function,True
NZA-0363,0.093722,35.125256,informal_iron_sheet,17,7400,1260000.0,200,0.005,NZ-200-0363,high,1.972,0.883,9.05,1.35,0.6413,808091.87,25200.0,782891.87,synthetic spatial flood-hazard scenario; not observed flood data,synthetic vulnerability/depth-damage function,True
NZA-0364,0.481802,33.718245,semi_permanent,38,14000,5320000.0,200,0.005,NZ-200-0364,high,2.288,0.971,13.32,1.0,0.6258,3329385.56,106400.0,3222985.56,synthetic spatial flood-hazard scenario; not observed flood data,synthetic vulnerability/depth-damage function,True
NZA-0365,0.803341,34.813402,semi_permanent,48,14800,7105000.0,200,0.005,NZ-200-0365,high,2.496,1.028,13.44,1.0,0.6723,4776757.04,142100.0,4634657.04,synthetic spatial flood-hazard scenario; not observed flood data,synthetic vulnerability/depth-damage function,True
NZA-0366,0.435186,34.383184,permanent_masonry,67,36500,24455000.0,200,0.005,NZ-200-0366,high,2.554,1.04,14.47,0.9,0.6496,15885993.47,250000.0,15635993.47,synthetic spatial flood-hazard scenario; not observed flood data,synthetic vulnerability/depth-damage function,True
NZA-0367,0.79895,35.329582,informal_iron_sheet,14,7900,1105000.0,200,0.005,NZ-200-0367,high,1.941,0.874,10.18,1.35,0.6374,704361.48,22100.0,682261.48,synthetic spatial flood-hazard scenario; not observed flood data,synthetic vulnerability/depth-damage function,True
NZA-0368,1.140014,35.187459,concrete_rcc,505,56000,282800000.0,200,0.005,NZ-200-0368,high,2.036,0.977,10.53,0.7,0.4351,123056221.06,250000.0,122806221.06,synthetic spatial flood-hazard scenario; not observed flood data,synthetic vulnerability/depth-damage function,True
NZA-0369,1.153627,34.759466,semi_permanent,39,13300,5185000.0,200,0.005,NZ-200-0369,high,2.086,0.932,11.41,1.0,0.5708,2959702.97,103700.0,2856002.97,synthetic spatial flood-hazard scenario; not observed flood data,synthetic vulnerability/depth-damage function,True
NZA-0370,0.134927,35.299035,permanent_masonry,115,47500,54625000.0,200,0.005,NZ-200-0370,high,2.039,0.957,9.88,0.9,0.5176,28275708.86,250000.0,28025708.86,synthetic spatial flood-hazard scenario; not observed flood data,synthetic vulnerability/depth-damage function,True
NZA-0371,0.41675,34.966914,permanent_masonry,63,52400,33010000.0,200,0.005,NZ-200-0371,high,2.214,1.124,12.46,0.9,0.5754,18993272.64,250000.0,18743272.64,synthetic spatial flood-hazard scenario; not observed flood data,synthetic vulnerability/depth-damage function,True
NZA-0372,0.188227,33.875189,informal_iron_sheet,15,6200,930000.0,200,0.005,NZ-200-0372,high,2.104,0.767,11.52,1.35,0.6769,629534.66,18600.0,610934.66,synthetic spatial flood-hazard scenario; not observed flood data,synthetic vulnerability/depth-damage function,True
NZA-0373,1.002419,34.710645,concrete_rcc,282,54300,153125000.0,200,0.005,NZ-200-0373,high,2.812,0.957,13.98,0.7,0.5989,91700366.96,250000.0,91450366.96,synthetic spatial flood-hazard scenario; not observed flood data,synthetic vulnerability/depth-damage function,True
NZA-0374,0.148013,35.314808,semi_permanent,30,13100,3930000.0,200,0.005,NZ-200-0374,high,2.19,0.858,12.35,1.0,0.5947,2337173.39,78600.0,2258573.39,synthetic spatial flood-hazard scenario; not observed flood data,synthetic vulnerability/depth-damage function,True
NZA-0375,0.328548,33.936989,informal_iron_sheet,20,5500,1100000.0,200,0.005,NZ-200-0375,high,2.027,0.983,11.71,1.35,0.6705,737572.48,22000.0,715572.48,synthetic spatial flood-hazard scenario; not observed flood data,synthetic vulnerability/depth-damage function,True
NZA-0376,-0.061283,34.733168,informal_iron_sheet,11,8100,890000.0,200,0.005,NZ-200-0376,high,2.201,0.851,10.49,1.35,0.6995,622595.24,17800.0,604795.24,synthetic spatial flood-hazard scenario; not observed flood data,synthetic vulnerability/depth-damage function,True
NZA-0377,0.008762,33.820651,concrete_rcc,578,73700,425985000.0,200,0.005,NZ-200-0377,high,1.919,0.84,8.97,0.7,0.3988,169881520.04,250000.0,169631520.04,synthetic spatial flood-hazard scenario; not observed flood data,synthetic vulnerability/depth-damage function,True
NZA-0378,0.616033,34.419873,semi_permanent,38,10300,3915000.0,200,0.005,NZ-200-0378,high,2.85,0.993,12.84,1.0,0.7329,2869147.35,78300.0,2790847.35,synthetic spatial flood-hazard scenario; not observed flood data,synthetic vulnerability/depth-damage function,True
NZA-0379,-0.247038,34.960714,semi_permanent,61,9400,5735000.0,200,0.005,NZ-200-0379,high,2.602,1.049,11.7,1.0,0.6873,3941692.32,114700.0,3826992.32,synthetic spatial flood-hazard scenario; not observed flood data,synthetic vulnerability/depth-damage function,True
NZA-0380,1.028664,34.440164,permanent_masonry,140,59300,83020000.0,200,0.005,NZ-200-0380,high,2.494,1.246,12.94,0.9,0.6421,53308130.45,250000.0,53058130.45,synthetic spatial flood-hazard scenario; not observed flood data,synthetic vulnerability/depth-damage function,True
NZA-0381,0.03298,35.311184,informal_iron_sheet,23,5000,1150000.0,200,0.005,NZ-200-0381,high,2.09,0.96,11.07,1.35,0.6818,784106.74,23000.0,761106.74,synthetic spatial flood-hazard scenario; not observed flood data,synthetic vulnerability/depth-damage function,True
NZA-0382,0.134439,34.249404,permanent_masonry,89,39800,35420000.0,200,0.005,NZ-200-0382,high,2.445,1.061,14.49,0.9,0.6291,22284195.77,250000.0,22034195.77,synthetic spatial flood-hazard scenario; not observed flood data,synthetic vulnerability/depth-damage function,True
NZA-0383,-0.276326,35.077981,concrete_rcc,468,79500,372060000.0,200,0.005,NZ-200-0383,moderate,1.95,0.749,8.89,0.7,0.4013,149292089.62,250000.0,149042089.62,synthetic spatial flood-hazard scenario; not observed flood data,synthetic vulnerability/depth-damage function,True
NZA-0384,1.276649,33.751257,permanent_masonry,102,57600,58750000.0,200,0.005,NZ-200-0384,moderate,1.742,0.951,10.3,0.9,0.4464,26225643.51,250000.0,25975643.51,synthetic spatial flood-hazard scenario; not observed flood data,synthetic vulnerability/depth-damage function,True
NZA-0385,1.255817,34.341503,informal_iron_sheet,18,8400,1510000.0,200,0.005,NZ-200-0385,high,2.567,0.974,11.15,1.35,0.7805,1178489.92,30200.0,1148289.92,synthetic spatial flood-hazard scenario; not observed flood data,synthetic vulnerability/depth-damage function,True
NZA-0386,0.877986,35.214762,semi_permanent,42,15600,6550000.0,200,0.005,NZ-200-0386,high,2.027,0.949,11.51,1.0,0.5582,3655932.46,131000.0,3524932.46,synthetic spatial flood-hazard scenario; not observed flood data,synthetic vulnerability/depth-damage function,True
NZA-0387,0.846554,34.91434,informal_iron_sheet,14,8300,1160000.0,200,0.005,NZ-200-0387,high,2.688,1.003,13.4,1.35,0.8095,939072.6,23200.0,915872.6,synthetic spatial flood-hazard scenario; not observed flood data,synthetic vulnerability/depth-damage function,True
NZA-0388,-0.293337,35.001587,informal_iron_sheet,18,5700,1025000.0,200,0.005,NZ-200-0388,high,2.2,0.941,10.32,1.35,0.7031,720646.83,20500.0,700146.83,synthetic spatial flood-hazard scenario; not observed flood data,synthetic vulnerability/depth-damage function,True
NZA-0389,0.404294,34.409473,semi_permanent,52,14400,7490000.0,200,0.005,NZ-200-0389,high,2.401,0.976,12.58,1.0,0.6471,4846973.92,149800.0,4697173.92,synthetic spatial flood-hazard scenario; not observed flood data,synthetic vulnerability/depth-damage function,True
NZA-0390,0.033382,34.710524,informal_iron_sheet,18,5400,970000.0,200,0.005,NZ-200-0390,high,2.719,1.114,13.56,1.35,0.8196,795018.88,19400.0,775618.88,synthetic spatial flood-hazard scenario; not observed flood data,synthetic vulnerability/depth-damage function,True
NZA-0391,0.780842,34.847427,semi_permanent,30,13700,4110000.0,200,0.005,NZ-200-0391,high,2.385,1.135,11.93,1.0,0.6493,2668721.21,82200.0,2586521.21,synthetic spatial flood-hazard scenario; not observed flood data,synthetic vulnerability/depth-damage function,True
NZA-0392,0.945937,34.461041,informal_iron_sheet,13,8400,1090000.0,200,0.005,NZ-200-0392,high,2.814,1.234,13.18,1.35,0.8373,912619.42,21800.0,890819.42,synthetic spatial flood-hazard scenario; not observed flood data,synthetic vulnerability/depth-damage function,True
NZA-0393,0.42372,34.738458,permanent_masonry,96,40100,38495000.0,200,0.005,NZ-200-0393,high,2.533,0.987,11.93,0.9,0.6331,24372952.41,250000.0,24122952.41,synthetic spatial flood-hazard scenario; not observed flood data,synthetic vulnerability/depth-damage function,True
NZA-0394,0.348756,34.631277,semi_permanent,39,14100,5500000.0,200,0.005,NZ-200-0394,high,2.692,1.064,13.02,1.0,0.7096,3902705.26,110000.0,3792705.26,synthetic spatial flood-hazard scenario; not observed flood data,synthetic vulnerability/depth-damage function,True
NZA-0395,0.585248,34.36428,permanent_masonry,143,49800,71215000.0,200,0.005,NZ-200-0395,high,2.603,1.11,12.6,0.9,0.6553,46670643.32,250000.0,46420643.32,synthetic spatial flood-hazard scenario; not observed flood data,synthetic vulnerability/depth-damage function,True
NZA-0396,-0.074978,34.587112,informal_iron_sheet,9,9100,820000.0,200,0.005,NZ-200-0396,high,2.511,1.126,12.37,1.35,0.7817,640986.15,16400.0,624586.15,synthetic spatial flood-hazard scenario; not observed flood data,synthetic vulnerability/depth-damage function,True
NZA-0397,-0.22939,34.641788,informal_iron_sheet,18,9900,1780000.0,200,0.005,NZ-200-0397,high,2.359,1.033,12.36,1.35,0.7487,1332652.1,35600.0,1297052.1,synthetic spatial flood-hazard scenario; not observed flood data,synthetic vulnerability/depth-damage function,True
NZA-0398,0.650527,34.741207,informal_iron_sheet,16,9900,1585000.0,200,0.005,NZ-200-0398,high,2.666,1.128,12.7,1.35,0.8092,1282523.78,31700.0,1250823.78,synthetic spatial flood-hazard scenario; not observed flood data,synthetic vulnerability/depth-damage function,True
NZA-0399,0.885129,34.939104,semi_permanent,63,15100,9515000.0,200,0.005,NZ-200-0399,high,2.023,0.874,10.03,1.0,0.5478,5212094.33,190300.0,5021794.33,synthetic spatial flood-hazard scenario; not observed flood data,synthetic vulnerability/depth-damage function,True
NZA-0400,0.569339,34.882715,permanent_masonry,123,45800,56335000.0,200,0.005,NZ-200-0400,high,2.507,1.043,12.99,0.9,0.6348,35759247.7,250000.0,35509247.7,synthetic spatial flood-hazard scenario; not observed flood data,synthetic vulnerability/depth-damage function,True
NZA-0401,0.692191,35.232247,informal_iron_sheet,12,5600,670000.0,200,0.005,NZ-200-0401,high,2.21,0.993,10.74,1.35,0.7096,475440.78,13400.0,462040.78,synthetic spatial flood-hazard scenario; not observed flood data,synthetic vulnerability/depth-damage function,True
NZA-0402,0.084278,35.342177,permanent_masonry,135,58200,78570000.0,200,0.005,NZ-200-0402,high,2.013,0.99,12.29,0.9,0.5221,41018041.61,250000.0,40768041.61,synthetic spatial flood-hazard scenario; not observed flood data,synthetic vulnerability/depth-damage function,True
NZA-0403,0.719236,33.715352,concrete_rcc,338,63900,215980000.0,200,0.005,NZ-200-0403,high,2.232,0.835,11.85,0.7,0.4743,102430979.36,250000.0,102180979.36,synthetic spatial flood-hazard scenario; not observed flood data,synthetic vulnerability/depth-damage function,True
NZA-0404,-0.068859,34.897573,semi_permanent,21,13500,2835000.0,200,0.005,NZ-200-0404,high,2.526,1.095,11.08,1.0,0.6725,1906519.91,56700.0,1849819.91,synthetic spatial flood-hazard scenario; not observed flood data,synthetic vulnerability/depth-damage function,True
NZA-0405,-0.249223,35.147287,permanent_masonry,121,52100,63040000.0,200,0.005,NZ-200-0405,high,1.975,0.957,10.0,0.9,0.503,31709845.36,250000.0,31459845.36,synthetic spatial flood-hazard scenario; not observed flood data,synthetic vulnerability/depth-damage function,True
NZA-0406,0.144545,34.672172,informal_iron_sheet,14,9700,1360000.0,200,0.005,NZ-200-0406,high,2.588,0.942,11.8,1.35,0.7849,1067498.59,27200.0,1040298.59,synthetic spatial flood-hazard scenario; not observed flood data,synthetic vulnerability/depth-damage function,True
NZA-0407,-0.09259,33.945155,informal_iron_sheet,12,7500,900000.0,200,0.005,NZ-200-0407,high,1.971,0.964,10.64,1.35,0.6515,586376.55,18000.0,568376.55,synthetic spatial flood-hazard scenario; not observed flood data,synthetic vulnerability/depth-damage function,True
NZA-0408,0.606909,35.344483,permanent_masonry,88,58400,51390000.0,200,0.005,NZ-200-0408,high,2.21,0.886,10.99,0.9,0.557,28623160.17,250000.0,28373160.17,synthetic spatial flood-hazard scenario; not observed flood data,synthetic vulnerability/depth-damage function,True
NZA-0409,1.10873,35.000699,semi_permanent,33,12000,3960000.0,200,0.005,NZ-200-0409,high,2.251,0.889,11.43,1.0,0.6064,2401306.25,79200.0,2322106.25,synthetic spatial flood-hazard scenario; not observed flood data,synthetic vulnerability/depth-damage function,True
NZA-0410,0.063538,34.230758,semi_permanent,55,14300,7865000.0,200,0.005,NZ-200-0410,high,2.702,1.139,14.24,1.0,0.7195,5658526.37,157300.0,5501226.37,synthetic spatial flood-hazard scenario; not observed flood data,synthetic vulnerability/depth-damage function,True
NZA-0411,0.864845,34.215677,informal_iron_sheet,11,8400,925000.0,200,0.005,NZ-200-0411,high,2.387,1.061,11.51,1.35,0.7525,696044.33,18500.0,677544.33,synthetic spatial flood-hazard scenario; not observed flood data,synthetic vulnerability/depth-damage function,True
NZA-0412,0.538159,33.83332,permanent_masonry,129,61800,79720000.0,200,0.005,NZ-200-0412,high,2.322,1.073,13.11,0.9,0.5987,47731942.71,250000.0,47481942.71,synthetic spatial flood-hazard scenario; not observed flood data,synthetic vulnerability/depth-damage function,True
NZA-0413,0.428455,34.240755,permanent_masonry,129,63200,81530000.0,200,0.005,NZ-200-0413,high,2.947,1.257,13.92,0.9,0.7282,59370185.89,250000.0,59120185.89,synthetic spatial flood-hazard scenario; not observed flood data,synthetic vulnerability/depth-damage function,True
NZA-0414,0.647717,34.484053,concrete_rcc,840,57800,485520000.0,200,0.005,NZ-200-0414,high,2.508,1.105,14.46,0.7,0.552,268023125.19,250000.0,267773125.19,synthetic spatial flood-hazard scenario; not observed flood data,synthetic vulnerability/depth-damage function,True
NZA-0415,0.413499,34.160793,informal_iron_sheet,20,7500,1500000.0,200,0.005,NZ-200-0415,high,2.567,1.132,12.79,1.35,0.7932,1189768.38,30000.0,1159768.38,synthetic spatial flood-hazard scenario; not observed flood data,synthetic vulnerability/depth-damage function,True
NZA-0416,0.549676,33.843996,permanent_masonry,152,50500,76760000.0,200,0.005,NZ-200-0416,high,2.283,0.914,11.05,0.9,0.5747,44110895.66,250000.0,43860895.66,synthetic spatial flood-hazard scenario; not observed flood data,synthetic vulnerability/depth-damage function,True
NZA-0417,0.08007,34.055394,informal_iron_sheet,9,5200,470000.0,200,0.005,NZ-200-0417,high,2.092,0.776,11.13,1.35,0.6731,316365.28,9400.0,306965.28,synthetic spatial flood-hazard scenario; not observed flood data,synthetic vulnerability/depth-damage function,True
NZA-0418,1.070937,33.783992,concrete_rcc,540,53100,286740000.0,200,0.005,NZ-200-0418,high,2.411,0.932,10.8,0.7,0.5111,146544693.95,250000.0,146294693.95,synthetic spatial flood-hazard scenario; not observed flood data,synthetic vulnerability/depth-damage function,True
NZA-0419,0.51704,34.371814,informal_iron_sheet,13,7300,950000.0,200,0.005,NZ-200-0419,high,2.498,1.169,12.55,1.35,0.782,742860.57,19000.0,723860.57,synthetic spatial flood-hazard scenario; not observed flood data,synthetic vulnerability/depth-damage function,True
NZA-0420,0.773617,34.734959,permanent_masonry,68,60100,40870000.0,200,0.005,NZ-200-0420,high,2.805,1.129,14.56,0.9,0.7004,28624504.56,250000.0,28374504.56,synthetic spatial flood-hazard scenario; not observed flood data,synthetic vulnerability/depth-damage function,True
NZA-0421,0.010114,35.137946,permanent_masonry,70,36200,25340000.0,200,0.005,NZ-200-0421,high,2.099,1.039,10.68,0.9,0.5385,13646695.15,250000.0,13396695.15,synthetic spatial flood-hazard scenario; not observed flood data,synthetic vulnerability/depth-damage function,True
NZA-0422,0.435472,35.134517,informal_iron_sheet,10,6400,640000.0,200,0.005,NZ-200-0422,high,2.407,1.071,12.24,1.35,0.7595,486101.43,12800.0,473301.43,synthetic spatial flood-hazard scenario; not observed flood data,synthetic vulnerability/depth-damage function,True
NZA-0423,-0.198967,34.281169,permanent_masonry,159,61000,96990000.0,200,0.005,NZ-200-0423,high,2.602,1.289,12.89,0.9,0.6651,64504925.19,250000.0,64254925.19,synthetic spatial flood-hazard scenario; not observed flood data,synthetic vulnerability/depth-damage function,True
NZA-0424,-0.243639,34.696023,informal_iron_sheet,11,8200,900000.0,200,0.005,NZ-200-0424,high,2.145,0.941,12.27,1.35,0.6983,628472.93,18000.0,610472.93,synthetic spatial flood-hazard scenario; not observed flood data,synthetic vulnerability/depth-damage function,True
NZA-0425,0.445653,34.787098,semi_permanent,37,13800,5105000.0,200,0.005,NZ-200-0425,high,2.716,1.139,14.21,1.0,0.7218,3684911.26,102100.0,3582811.26,synthetic spatial flood-hazard scenario; not observed flood data,synthetic vulnerability/depth-damage function,True
NZA-0426,1.108655,33.954177,permanent_masonry,128,54600,69890000.0,200,0.005,NZ-200-0426,high,1.96,0.938,11.16,0.9,0.5028,35140592.25,250000.0,34890592.25,synthetic spatial flood-hazard scenario; not observed flood data,synthetic vulnerability/depth-damage function,True
NZA-0427,0.603417,34.781679,concrete_rcc,552,59700,329545000.0,200,0.005,NZ-200-0427,high,2.371,0.98,13.04,0.7,0.5136,169258294.41,250000.0,169008294.41,synthetic spatial flood-hazard scenario; not observed flood data,synthetic vulnerability/depth-damage function,True
NZA-0428,-0.27813,34.468108,informal_iron_sheet,12,9600,1150000.0,200,0.005,NZ-200-0428,high,2.531,0.862,13.3,1.35,0.7764,892866.33,23000.0,869866.33,synthetic spatial flood-hazard scenario; not observed flood data,synthetic vulnerability/depth-damage function,True
NZA-0429,0.283537,34.654823,semi_permanent,60,15900,9540000.0,200,0.005,NZ-200-0429,high,2.482,1.247,13.22,1.0,0.6795,6482465.28,190800.0,6291665.28,synthetic spatial flood-hazard scenario; not observed flood data,synthetic vulnerability/depth-damage function,True
NZA-0430,0.137854,35.21501,informal_iron_sheet,16,6000,960000.0,200,0.005,NZ-200-0430,high,2.151,0.952,10.93,1.35,0.6952,667347.36,19200.0,648147.36,synthetic spatial flood-hazard scenario; not observed flood data,synthetic vulnerability/depth-damage function,True
NZA-0431,0.735051,34.152995,informal_iron_sheet,15,6400,960000.0,200,0.005,NZ-200-0431,high,2.284,1.236,13.76,1.35,0.7482,718264.12,19200.0,699064.12,synthetic spatial flood-hazard scenario; not observed flood data,synthetic vulnerability/depth-damage function,True
NZA-0432,0.13921,33.85235,informal_iron_sheet,22,9900,2180000.0,200,0.005,NZ-200-0432,high,1.886,0.948,10.42,1.35,0.628,1369060.6,43600.0,1325460.6,synthetic spatial flood-hazard scenario; not observed flood data,synthetic vulnerability/depth-damage function,True
NZA-0433,0.741471,34.512865,semi_permanent,28,8100,2270000.0,200,0.005,NZ-200-0433,high,2.445,0.903,12.41,1.0,0.6518,1479630.93,45400.0,1434230.93,synthetic spatial flood-hazard scenario; not observed flood data,synthetic vulnerability/depth-damage function,True
NZA-0434,0.86609,33.79795,semi_permanent,61,11600,7075000.0,200,0.005,NZ-200-0434,high,2.246,0.951,10.32,1.0,0.6041,4273674.4,141500.0,4132174.4,synthetic spatial flood-hazard scenario; not observed flood data,synthetic vulnerability/depth-damage function,True
NZA-0435,0.316628,35.329571,semi_permanent,33,11600,3830000.0,200,0.005,NZ-200-0435,high,2.005,0.788,10.6,1.0,0.5413,2073247.8,76600.0,1996647.8,synthetic spatial flood-hazard scenario; not observed flood data,synthetic vulnerability/depth-damage function,True
NZA-0436,0.343231,35.12082,semi_permanent,26,12000,3120000.0,200,0.005,NZ-200-0436,high,2.038,0.991,10.17,1.0,0.5577,1739896.5,62400.0,1677496.5,synthetic spatial flood-hazard scenario; not observed flood data,synthetic vulnerability/depth-damage function,True
NZA-0437,1.067907,34.033015,informal_iron_sheet,21,9800,2060000.0,200,0.005,NZ-200-0437,high,1.901,0.873,10.7,1.35,0.629,1295715.9,41200.0,1254515.9,synthetic spatial flood-hazard scenario; not observed flood data,synthetic vulnerability/depth-damage function,True
NZA-0438,0.072169,34.488333,informal_iron_sheet,14,7900,1105000.0,200,0.005,NZ-200-0438,high,2.486,0.972,12.2,1.35,0.7695,850274.02,22100.0,828174.02,synthetic spatial flood-hazard scenario; not observed flood data,synthetic vulnerability/depth-damage function,True
NZA-0439,1.140787,35.278208,permanent_masonry,166,43300,71880000.0,200,0.005,NZ-200-0439,high,2.083,0.878,10.61,0.9,0.5266,37850784.41,250000.0,37600784.41,synthetic spatial flood-hazard scenario; not observed flood data,synthetic vulnerability/depth-damage function,True
NZA-0440,0.166063,33.736171,informal_iron_sheet,13,8600,1120000.0,200,0.005,NZ-200-0440,high,1.776,0.906,10.56,1.35,0.5965,668030.37,22400.0,645630.37,synthetic spatial flood-hazard scenario; not observed flood data,synthetic vulnerability/depth-damage function,True
NZA-0441,0.782204,34.975995,informal_iron_sheet,15,6800,1020000.0,200,0.005,NZ-200-0441,high,2.174,0.986,11.92,1.35,0.7058,719913.21,20400.0,699513.21,synthetic spatial flood-hazard scenario; not observed flood data,synthetic vulnerability/depth-damage function,True
NZA-0442,0.24136,34.408653,informal_iron_sheet,11,5300,585000.0,200,0.005,NZ-200-0442,high,2.341,0.996,11.34,1.35,0.7396,432641.39,11700.0,420941.39,synthetic spatial flood-hazard scenario; not observed flood data,synthetic vulnerability/depth-damage function,True
NZA-0443,1.241818,33.924614,semi_permanent,41,13300,5455000.0,200,0.005,NZ-200-0443,high,1.977,0.837,12.01,1.0,0.5423,2958157.28,109100.0,2849057.28,synthetic spatial flood-hazard scenario; not observed flood data,synthetic vulnerability/depth-damage function,True
NZA-0444,-0.033222,35.197986,permanent_masonry,138,40800,56305000.0,200,0.005,NZ-200-0444,high,2.202,1.052,12.21,0.9,0.5683,31998252.52,250000.0,31748252.52,synthetic spatial flood-hazard scenario; not observed flood data,synthetic vulnerability/depth-damage function,True
NZA-0445,0.738215,34.834251,informal_iron_sheet,12,9700,1165000.0,200,0.005,NZ-200-0445,high,2.407,1.089,11.43,1.35,0.7573,882231.87,23300.0,858931.87,synthetic spatial flood-hazard scenario; not observed flood data,synthetic vulnerability/depth-damage function,True
NZA-0446,0.360261,34.386075,permanent_masonry,110,41000,45100000.0,200,0.005,NZ-200-0446,high,2.52,1.173,12.69,0.9,0.6427,28986706.65,250000.0,28736706.65,synthetic spatial flood-hazard scenario; not observed flood data,synthetic vulnerability/depth-damage function,True
NZA-0447,-0.010498,34.050865,semi_permanent,38,8100,3080000.0,200,0.005,NZ-200-0447,high,2.271,0.99,11.66,1.0,0.6167,1899461.49,61600.0,1837861.49,synthetic spatial flood-hazard scenario; not observed flood data,synthetic vulnerability/depth-damage function,True
NZA-0448,0.634956,35.208905,informal_iron_sheet,12,8400,1010000.0,200,0.005,NZ-200-0448,high,2.174,0.756,10.63,1.35,0.6891,695979.18,20200.0,675779.18,synthetic spatial flood-hazard scenario; not observed flood data,synthetic vulnerability/depth-damage function,True
NZA-0449,1.138511,33.956467,informal_iron_sheet,16,8200,1310000.0,200,0.005,NZ-200-0449,high,2.317,0.921,11.16,1.35,0.7303,956702.1,26200.0,930502.1,synthetic spatial flood-hazard scenario; not observed flood data,synthetic vulnerability/depth-damage function,True
NZA-0450,0.025876,34.752617,semi_permanent,34,15800,5370000.0,200,0.005,NZ-200-0450,high,2.502,0.994,12.08,1.0,0.6667,3580039.72,107400.0,3472639.72,synthetic spatial flood-hazard scenario; not observed flood data,synthetic vulnerability/depth-damage function,True
NZA-0451,-0.239392,34.774853,semi_permanent,40,10900,4360000.0,200,0.005,NZ-200-0451,high,2.163,1.01,13.29,1.0,0.5998,2615058.99,87200.0,2527858.99,synthetic spatial flood-hazard scenario; not observed flood data,synthetic vulnerability/depth-damage function,True
NZA-0452,0.986012,34.255889,permanent_masonry,76,36300,27590000.0,200,0.005,NZ-200-0452,high,2.556,0.978,12.16,0.9,0.6381,17604018.74,250000.0,17354018.74,synthetic spatial flood-hazard scenario; not observed flood data,synthetic vulnerability/depth-damage function,True
NZA-0453,0.381342,35.343772,informal_iron_sheet,15,7300,1095000.0,200,0.005,NZ-200-0453,high,2.17,0.911,12.23,1.35,0.7023,769068.36,21900.0,747168.36,synthetic spatial flood-hazard scenario; not observed flood data,synthetic vulnerability/depth-damage function,True
NZA-0454,0.987785,35.351112,semi_permanent,52,15300,7955000.0,200,0.005,NZ-200-0454,high,2.154,0.94,11.43,1.0,0.5871,4670453.57,159100.0,4511353.57,synthetic spatial flood-hazard scenario; not observed flood data,synthetic vulnerability/depth-damage function,True
NZA-0455,0.384702,35.084554,semi_permanent,44,12100,5325000.0,200,0.005,NZ-200-0455,high,2.508,1.042,12.72,1.0,0.6726,3581735.34,106500.0,3475235.34,synthetic spatial flood-hazard scenario; not observed flood data,synthetic vulnerability/depth-damage function,True
NZA-0456,-0.273825,34.047396,semi_permanent,41,12500,5125000.0,200,0.005,NZ-200-0456,high,1.816,0.791,10.18,1.0,0.4929,2526133.24,102500.0,2423633.24,synthetic spatial flood-hazard scenario; not observed flood data,synthetic vulnerability/depth-damage function,True
NZA-0457,0.867148,35.390504,informal_iron_sheet,14,9700,1360000.0,200,0.005,NZ-200-0457,high,1.684,0.825,10.44,1.35,0.5658,769476.1,27200.0,742276.1,synthetic spatial flood-hazard scenario; not observed flood data,synthetic vulnerability/depth-damage function,True
NZA-0458,1.153097,35.246726,informal_iron_sheet,14,6200,870000.0,200,0.005,NZ-200-0458,high,2.178,0.843,11.68,1.35,0.6984,607646.77,17400.0,590246.77,synthetic spatial flood-hazard scenario; not observed flood data,synthetic vulnerability/depth-damage function,True
NZA-0459,0.889218,35.3286,permanent_masonry,74,51700,38260000.0,200,0.005,NZ-200-0459,high,2.141,0.899,10.78,0.9,0.5414,20714941.99,250000.0,20464941.99,synthetic spatial flood-hazard scenario; not observed flood data,synthetic vulnerability/depth-damage function,True
NZA-0460,0.957244,35.19988,informal_iron_sheet,16,8000,1280000.0,200,0.005,NZ-200-0460,high,2.335,0.978,10.85,1.35,0.7358,941781.13,25600.0,916181.13,synthetic spatial flood-hazard scenario; not observed flood data,synthetic vulnerability/depth-damage function,True
NZA-0461,1.072874,34.637427,permanent_masonry,66,56400,37225000.0,200,0.005,NZ-200-0461,high,2.693,1.052,11.94,0.9,0.6667,24818178.28,250000.0,24568178.28,synthetic spatial flood-hazard scenario; not observed flood data,synthetic vulnerability/depth-damage function,True
NZA-0462,1.100764,33.876284,semi_permanent,39,13400,5225000.0,200,0.005,NZ-200-0462,high,2.133,0.848,11.0,1.0,0.5759,3009079.85,104500.0,2904579.85,synthetic spatial flood-hazard scenario; not observed flood data,synthetic vulnerability/depth-damage function,True
NZA-0463,0.654545,34.374969,informal_iron_sheet,14,7100,995000.0,200,0.005,NZ-200-0463,high,2.67,1.006,14.35,1.35,0.8099,805845.45,19900.0,785945.45,synthetic spatial flood-hazard scenario; not observed flood data,synthetic vulnerability/depth-damage function,True
NZA-0464,0.146798,34.443591,informal_iron_sheet,12,7800,935000.0,200,0.005,NZ-200-0464,high,2.561,1.166,12.21,1.35,0.7918,740289.59,18700.0,721589.59,synthetic spatial flood-hazard scenario; not observed flood data,synthetic vulnerability/depth-damage function,True
NZA-0465,0.907775,34.652904,permanent_masonry,53,55800,29575000.0,200,0.005,NZ-200-0465,high,3.059,1.116,14.83,0.9,0.7425,21959733.09,250000.0,21709733.09,synthetic spatial flood-hazard scenario; not observed flood data,synthetic vulnerability/depth-damage function,True
NZA-0466,1.181054,35.009734,informal_iron_sheet,13,7300,950000.0,200,0.005,NZ-200-0466,high,2.159,0.892,11.67,1.35,0.6967,661889.09,19000.0,642889.09,synthetic spatial flood-hazard scenario; not observed flood data,synthetic vulnerability/depth-damage function,True
NZA-0467,0.337107,34.999095,semi_permanent,38,14500,5510000.0,200,0.005,NZ-200-0467,high,2.395,1.048,10.64,1.0,0.6422,3538690.51,110200.0,3428490.51,synthetic spatial flood-hazard scenario; not observed flood data,synthetic vulnerability/depth-damage function,True
NZA-0468,1.242735,34.291571,semi_permanent,66,12300,8120000.0,200,0.005,NZ-200-0468,high,2.242,1.031,11.3,1.0,0.611,4961362.87,162400.0,4798962.87,synthetic spatial flood-hazard scenario; not observed flood data,synthetic vulnerability/depth-damage function,True
NZA-0469,0.536934,35.013341,concrete_rcc,566,77400,438085000.0,200,0.005,NZ-200-0469,high,2.431,0.942,12.37,0.7,0.5213,228382839.43,250000.0,228132839.43,synthetic spatial flood-hazard scenario; not observed flood data,synthetic vulnerability/depth-damage function,True
NZA-0470,-0.082401,34.039054,permanent_masonry,226,60300,136280000.0,200,0.005,NZ-200-0470,high,2.083,1.089,10.54,0.9,0.5367,73142880.02,250000.0,72892880.02,synthetic spatial flood-hazard scenario; not observed flood data,synthetic vulnerability/depth-damage function,True
NZA-0471,0.735218,34.460097,concrete_rcc,704,56800,399870000.0,200,0.005,NZ-200-0471,high,2.221,1.051,13.39,0.7,0.4877,195009465.62,250000.0,194759465.62,synthetic spatial flood-hazard scenario; not observed flood data,synthetic vulnerability/depth-damage function,True
NZA-0472,0.594956,35.099327,informal_iron_sheet,14,5900,825000.0,200,0.005,NZ-200-0472,high,2.376,0.961,12.02,1.35,0.7473,616548.44,16500.0,600048.44,synthetic spatial flood-hazard scenario; not observed flood data,synthetic vulnerability/depth-damage function,True
NZA-0473,0.770908,34.817441,semi_permanent,24,14500,3480000.0,200,0.005,NZ-200-0473,high,2.452,1.055,12.63,1.0,0.6618,2303113.95,69600.0,2233513.95,synthetic spatial flood-hazard scenario; not observed flood data,synthetic vulnerability/depth-damage function,True
NZA-0474,0.909586,33.756294,semi_permanent,24,12300,2950000.0,200,0.005,NZ-200-0474,high,2.146,0.922,12.57,1.0,0.5888,1736867.52,59000.0,1677867.52,synthetic spatial flood-hazard scenario; not observed flood data,synthetic vulnerability/depth-damage function,True
NZA-0475,1.132647,35.260655,permanent_masonry,110,51100,56210000.0,200,0.005,NZ-200-0475,high,2.043,0.952,10.45,0.9,0.5205,29255341.62,250000.0,29005341.62,synthetic spatial flood-hazard scenario; not observed flood data,synthetic vulnerability/depth-damage function,True
NZA-0476,0.140861,35.060387,concrete_rcc,576,55900,321985000.0,200,0.005,NZ-200-0476,high,2.203,1.073,12.44,0.7,0.4816,155053055.22,250000.0,154803055.22,synthetic spatial flood-hazard scenario; not observed flood data,synthetic vulnerability/depth-damage function,True
NZA-0477,-0.268106,34.530761,semi_permanent,34,15700,5340000.0,200,0.005,NZ-200-0477,high,2.516,1.12,13.24,1.0,0.6801,3631510.64,106800.0,3524710.64,synthetic spatial flood-hazard scenario; not observed flood data,synthetic vulnerability/depth-damage function,True
NZA-0478,-0.157211,34.444361,informal_iron_sheet,13,9300,1210000.0,200,0.005,NZ-200-0478,high,2.289,0.979,13.24,1.35,0.7352,889584.98,24200.0,865384.98,synthetic spatial flood-hazard scenario; not observed flood data,synthetic vulnerability/depth-damage function,True
NZA-0479,-0.173352,34.922677,permanent_masonry,140,58900,82460000.0,200,0.005,NZ-200-0479,high,2.516,1.017,12.0,0.9,0.6315,52070485.54,250000.0,51820485.54,synthetic spatial flood-hazard scenario; not observed flood data,synthetic vulnerability/depth-damage function,True
NZA-0480,0.651788,33.788847,semi_permanent,34,14300,4860000.0,200,0.005,NZ-200-0480,high,2.484,0.966,12.07,1.0,0.6617,3215654.46,97200.0,3118454.46,synthetic spatial flood-hazard scenario; not observed flood data,synthetic vulnerability/depth-damage function,True
NZA-0481,0.29228,34.356186,semi_permanent,59,10800,6370000.0,200,0.005,NZ-200-0481,high,2.552,1.146,14.25,1.0,0.6921,4408435.36,127400.0,4281035.36,synthetic spatial flood-hazard scenario; not observed flood data,synthetic vulnerability/depth-damage function,True
NZA-0482,0.130915,34.351599,semi_permanent,43,15100,6495000.0,200,0.005,NZ-200-0482,high,2.561,1.215,14.06,1.0,0.6965,4523767.13,129900.0,4393867.13,synthetic spatial flood-hazard scenario; not observed flood data,synthetic vulnerability/depth-damage function,True
NZA-0483,0.491714,35.224141,semi_permanent,51,9600,4895000.0,200,0.005,NZ-200-0483,high,2.516,1.131,11.99,1.0,0.6759,3308750.45,97900.0,3210850.45,synthetic spatial flood-hazard scenario; not observed flood data,synthetic vulnerability/depth-damage function,True
NZA-0484,0.419117,34.11669,semi_permanent,52,8500,4420000.0,200,0.005,NZ-200-0484,high,2.186,0.885,12.01,1.0,0.5938,2624482.4,88400.0,2536082.4,synthetic spatial flood-hazard scenario; not observed flood data,synthetic vulnerability/depth-damage function,True
NZA-0485,0.14098,33.90515,concrete_rcc,330,65000,214500000.0,200,0.005,NZ-200-0485,high,2.082,1.008,11.13,0.7,0.4485,96207055.53,250000.0,95957055.53,synthetic spatial flood-hazard scenario; not observed flood data,synthetic vulnerability/depth-damage function,True
NZA-0486,-0.279435,34.688574,informal_iron_sheet,8,9700,775000.0,200,0.005,NZ-200-0486,high,2.654,1.189,13.96,1.35,0.8139,630762.92,15500.0,615262.92,synthetic spatial flood-hazard scenario; not observed flood data,synthetic vulnerability/depth-damage function,True
NZA-0487,0.32714,34.295446,semi_permanent,40,15600,6240000.0,200,0.005,NZ-200-0487,high,2.386,0.843,11.86,1.0,0.6344,3958730.6,124800.0,3833930.6,synthetic spatial flood-hazard scenario; not observed flood data,synthetic vulnerability/depth-damage function,True
NZA-0488,1.281058,33.899735,permanent_masonry,96,44200,42430000.0,200,0.005,NZ-200-0488,high,2.364,0.942,11.91,0.9,0.5965,25308822.5,250000.0,25058822.5,synthetic spatial flood-hazard scenario; not observed flood data,synthetic vulnerability/depth-damage function,True
NZA-0489,-0.252949,34.675029,permanent_masonry,96,43600,41855000.0,200,0.005,NZ-200-0489,high,2.371,0.931,12.2,0.9,0.5985,25052120.34,250000.0,24802120.34,synthetic spatial flood-hazard scenario; not observed flood data,synthetic vulnerability/depth-damage function,True
NZA-0490,0.891063,34.590685,informal_iron_sheet,12,7600,910000.0,200,0.005,NZ-200-0490,high,2.692,1.284,12.37,1.35,0.8188,745080.65,18200.0,726880.65,synthetic spatial flood-hazard scenario; not observed flood data,synthetic vulnerability/depth-damage function,True
NZA-0491,0.427999,34.721662,semi_permanent,26,14500,3770000.0,200,0.005,NZ-200-0491,high,3.05,1.138,15.29,1.0,0.7797,2939536.83,75400.0,2864136.83,synthetic spatial flood-hazard scenario; not observed flood data,synthetic vulnerability/depth-damage function,True
NZA-0492,0.227071,34.89631,informal_iron_sheet,14,7300,1020000.0,200,0.005,NZ-200-0492,high,2.649,1.08,12.09,1.35,0.8022,818278.36,20400.0,797878.36,synthetic spatial flood-hazard scenario; not observed flood data,synthetic vulnerability/depth-damage function,True
NZA-0493,1.242441,34.867189,informal_iron_sheet,12,5100,610000.0,200,0.005,NZ-200-0493,high,2.263,0.835,10.73,1.35,0.7131,434993.36,12200.0,422793.36,synthetic spatial flood-hazard scenario; not observed flood data,synthetic vulnerability/depth-damage function,True
NZA-0494,1.119788,35.14177,informal_iron_sheet,15,9200,1380000.0,200,0.005,NZ-200-0494,high,2.566,1.162,11.81,1.35,0.791,1091530.22,27600.0,1063930.22,synthetic spatial flood-hazard scenario; not observed flood data,synthetic vulnerability/depth-damage function,True
NZA-0495,0.688268,34.158344,permanent_masonry,121,45000,54450000.0,200,0.005,NZ-200-0495,high,2.481,1.09,12.2,0.9,0.629,34247457.69,250000.0,33997457.69,synthetic spatial flood-hazard scenario; not observed flood data,synthetic vulnerability/depth-damage function,True
NZA-0496,0.872427,33.962715,concrete_rcc,270,72600,196020000.0,200,0.005,NZ-200-0496,high,1.994,0.845,11.48,0.7,0.4235,83009785.97,250000.0,82759785.97,synthetic spatial flood-hazard scenario; not observed flood data,synthetic vulnerability/depth-damage function,True
NZA-0497,0.394684,34.492669,permanent_masonry,55,39200,21560000.0,200,0.005,NZ-200-0497,high,2.395,0.966,11.77,0.9,0.6037,13015716.47,250000.0,12765716.47,synthetic spatial flood-hazard scenario; not observed flood data,synthetic vulnerability/depth-damage function,True
NZA-0498,1.137023,34.069527,permanent_masonry,45,44700,20115000.0,200,0.005,NZ-200-0498,high,2.313,0.901,13.37,0.9,0.5892,11851573.55,250000.0,11601573.55,synthetic spatial flood-hazard scenario; not observed flood data,synthetic vulnerability/depth-damage function,True
NZA-0499,0.198281,34.118395,permanent_masonry,145,40200,58290000.0,200,0.005,NZ-200-0499,high,2.577,1.146,13.54,0.9,0.6558,38228012.55,250000.0,37978012.55,synthetic spatial flood-hazard scenario; not observed flood data,synthetic vulnerability/depth-damage function,True
