loc_id,lat,lon,housing_class,tiv_kes,return_period,aep,depth_m,damage_ratio,gross_loss_kes,deductible_kes,net_loss_kes
NZA-0000,0.756568,33.971985,concrete_rcc,273840000.0,10,0.1,0.0,0.0,0.0,0.0,0.0
NZA-0000,0.756568,33.971985,concrete_rcc,273840000.0,20,0.05,0.0,0.0,0.0,0.0,0.0
NZA-0000,0.756568,33.971985,concrete_rcc,273840000.0,50,0.02,0.0,0.0,0.0,0.0,0.0
NZA-0000,0.756568,33.971985,concrete_rcc,273840000.0,100,0.01,0.0,0.0,0.0,0.0,0.0
NZA-0000,0.756568,33.971985,concrete_rcc,273840000.0,200,0.005,0.0,0.0,0.0,0.0,0.0
NZA-0000,0.756568,33.971985,concrete_rcc,273840000.0,500,0.002,0.0,0.0,0.0,0.0,0.0
NZA-0001,0.029978,34.696104,informal_iron_sheet,770000.0,10,0.1,0.0,0.0,0.0,0.0,0.0
NZA-0001,0.029978,34.696104,informal_iron_sheet,770000.0,20,0.05,0.0,0.0,0.0,0.0,0.0
NZA-0001,0.029978,34.696104,informal_iron_sheet,770000.0,50,0.02,0.0,0.0,0.0,0.0,0.0
NZA-0001,0.029978,34.696104,informal_iron_sheet,770000.0,100,0.01,0.0,0.0,0.0,0.0,0.0
NZA-0001,0.029978,34.696104,informal_iron_sheet,770000.0,200,0.005,0.0,0.0,0.0,0.0,0.0
NZA-0001,0.029978,34.696104,informal_iron_sheet,770000.0,500,0.002,0.0,0.0,0.0,0.0,0.0
NZA-0002,1.077706,35.100523,concrete_rcc,277200000.0,10,0.1,0.0,0.0,0.0,0.0,0.0
NZA-0002,1.077706,35.100523,concrete_rcc,277200000.0,20,0.05,0.0,0.0,0.0,0.0,0.0
NZA-0002,1.077706,35.100523,concrete_rcc,277200000.0,50,0.02,0.0,0.0,0.0,0.0,0.0
NZA-0002,1.077706,35.100523,concrete_rcc,277200000.0,100,0.01,0.0,0.0,0.0,0.0,0.0
NZA-0002,1.077706,35.100523,concrete_rcc,277200000.0,200,0.005,0.0,0.0,0.0,0.0,0.0
NZA-0002,1.077706,35.100523,concrete_rcc,277200000.0,500,0.002,0.0,0.0,0.0,0.0,0.0
NZA-0003,0.59297,34.205342,concrete_rcc,265730000.0,10,0.1,0.0,0.0,0.0,0.0,0.0
NZA-0003,0.59297,34.205342,concrete_rcc,265730000.0,20,0.05,0.0,0.0,0.0,0.0,0.0
NZA-0003,0.59297,34.205342,concrete_rcc,265730000.0,50,0.02,0.0,0.0,0.0,0.0,0.0
NZA-0003,0.59297,34.205342,concrete_rcc,265730000.0,100,0.01,0.0,0.0,0.0,0.0,0.0
NZA-0003,0.59297,34.205342,concrete_rcc,265730000.0,200,0.005,0.0,0.0,0.0,0.0,0.0
NZA-0003,0.59297,34.205342,concrete_rcc,265730000.0,500,0.002,0.0,0.0,0.0,0.0,0.0
NZA-0004,0.853177,34.864329,permanent_masonry,50925000.0,10,0.1,0.0,0.0,0.0,0.0,0.0
NZA-0004,0.853177,34.864329,permanent_masonry,50925000.0,20,0.05,0.0,0.0,0.0,0.0,0.0
NZA-0004,0.853177,34.864329,permanent_masonry,50925000.0,50,0.02,0.0,0.0,0.0,0.0,0.0
NZA-0004,0.853177,34.864329,permanent_masonry,50925000.0,100,0.01,0.0,0.0,0.0,0.0,0.0
NZA-0004,0.853177,34.864329,permanent_masonry,50925000.0,200,0.005,0.0,0.0,0.0,0.0,0.0
NZA-0004,0.853177,34.864329,permanent_masonry,50925000.0,500,0.002,0.0,0.0,0.0,0.0,0.0
NZA-0005,0.51001,34.488603,informal_iron_sheet,1000000.0,10,0.1,0.0,0.0,0.0,0.0,0.0
NZA-0005,0.51001,34.488603,informal_iron_sheet,1000000.0,20,0.05,0.0,0.0,0.0,0.0,0.0
NZA-0005,0.51001,34.488603,informal_iron_sheet,1000000.0,50,0.02,0.0,0.0,0.0,0.0,0.0
NZA-0005,0.51001,34.488603,informal_iron_sheet,1000000.0,100,0.01,0.0,0.0,0.0,0.0,0.0
NZA-0005,0.51001,34.488603,informal_iron_sheet,1000000.0,200,0.005,0.0,0.0,0.0,0.0,0.0
NZA-0005,0.51001,34.488603,informal_iron_sheet,1000000.0,500,0.002,0.0,0.0,0.0,0.0,0.0
NZA-0006,1.251868,35.215308,informal_iron_sheet,665000.0,10,0.1,0.0,0.0,0.0,0.0,0.0
NZA-0006,1.251868,35.215308,informal_iron_sheet,665000.0,20,0.05,0.0,0.0,0.0,0.0,0.0
NZA-0006,1.251868,35.215308,informal_iron_sheet,665000.0,50,0.02,0.0,0.0,0.0,0.0,0.0
NZA-0006,1.251868,35.215308,informal_iron_sheet,665000.0,100,0.01,0.0,0.0,0.0,0.0,0.0
NZA-0006,1.251868,35.215308,informal_iron_sheet,665000.0,200,0.005,0.0,0.0,0.0,0.0,0.0
NZA-0006,1.251868,35.215308,informal_iron_sheet,665000.0,500,0.002,0.0,0.0,0.0,0.0,0.0
NZA-0007,0.642984,34.660285,permanent_masonry,41210000.0,10,0.1,0.0,0.0,0.0,0.0,0.0
NZA-0007,0.642984,34.660285,permanent_masonry,41210000.0,20,0.05,0.0,0.0,0.0,0.0,0.0
NZA-0007,0.642984,34.660285,permanent_masonry,41210000.0,50,0.02,0.0,0.0,0.0,0.0,0.0
NZA-0007,0.642984,34.660285,permanent_masonry,41210000.0,100,0.01,0.0,0.0,0.0,0.0,0.0
NZA-0007,0.642984,34.660285,permanent_masonry,41210000.0,200,0.005,0.0,0.0,0.0,0.0,0.0
NZA-0007,0.642984,34.660285,permanent_masonry,41210000.0,500,0.002,0.0,0.0,0.0,0.0,0.0
NZA-0008,1.005254,35.388426,informal_iron_sheet,1655000.0,10,0.1,0.0,0.0,0.0,0.0,0.0
NZA-0008,1.005254,35.388426,informal_iron_sheet,1655000.0,20,0.05,0.0,0.0,0.0,0.0,0.0
NZA-0008,1.005254,35.388426,informal_iron_sheet,1655000.0,50,0.02,0.0,0.0,0.0,0.0,0.0
NZA-0008,1.005254,35.388426,informal_iron_sheet,1655000.0,100,0.01,0.0,0.0,0.0,0.0,0.0
NZA-0008,1.005254,35.388426,informal_iron_sheet,1655000.0,200,0.005,0.0,0.0,0.0,0.0,0.0
NZA-0008,1.005254,35.388426,informal_iron_sheet,1655000.0,500,0.002,0.0,0.0,0.0,0.0,0.0
NZA-0009,0.997211,34.112287,semi_permanent,4700000.0,10,0.1,0.0,0.0,0.0,0.0,0.0
NZA-0009,0.997211,34.112287,semi_permanent,4700000.0,20,0.05,0.0,0.0,0.0,0.0,0.0
NZA-0009,0.997211,34.112287,semi_permanent,4700000.0,50,0.02,0.0,0.0,0.0,0.0,0.0
NZA-0009,0.997211,34.112287,semi_permanent,4700000.0,100,0.01,0.0,0.0,0.0,0.0,0.0
NZA-0009,0.997211,34.112287,semi_permanent,4700000.0,200,0.005,0.0,0.0,0.0,0.0,0.0
NZA-0009,0.997211,34.112287,semi_permanent,4700000.0,500,0.002,0.0,0.0,0.0,0.0,0.0
NZA-0010,0.236424,33.885804,semi_permanent,4230000.0,10,0.1,0.0,0.0,0.0,0.0,0.0
NZA-0010,0.236424,33.885804,semi_permanent,4230000.0,20,0.05,0.0,0.0,0.0,0.0,0.0
NZA-0010,0.236424,33.885804,semi_permanent,4230000.0,50,0.02,0.0,0.0,0.0,0.0,0.0
NZA-0010,0.236424,33.885804,semi_permanent,4230000.0,100,0.01,0.0,0.0,0.0,0.0,0.0
NZA-0010,0.236424,33.885804,semi_permanent,4230000.0,200,0.005,0.0,0.0,0.0,0.0,0.0
NZA-0010,0.236424,33.885804,semi_permanent,4230000.0,500,0.002,0.0,0.0,0.0,0.0,0.0
NZA-0011,-0.010214,34.287435,permanent_masonry,44875000.0,10,0.1,0.0,0.0,0.0,0.0,0.0
NZA-0011,-0.010214,34.287435,permanent_masonry,44875000.0,20,0.05,0.0,0.0,0.0,0.0,0.0
NZA-0011,-0.010214,34.287435,permanent_masonry,44875000.0,50,0.02,0.0,0.0,0.0,0.0,0.0
NZA-0011,-0.010214,34.287435,permanent_masonry,44875000.0,100,0.01,0.0,0.0,0.0,0.0,0.0
NZA-0011,-0.010214,34.287435,permanent_masonry,44875000.0,200,0.005,0.0,0.0,0.0,0.0,0.0
NZA-0011,-0.010214,34.287435,permanent_masonry,44875000.0,500,0.002,0.0,0.0,0.0,0.0,0.0
NZA-0012,0.531805,35.024665,permanent_masonry,41030000.0,10,0.1,0.0,0.0,0.0,0.0,0.0
NZA-0012,0.531805,35.024665,permanent_masonry,41030000.0,20,0.05,0.0,0.0,0.0,0.0,0.0
NZA-0012,0.531805,35.024665,permanent_masonry,41030000.0,50,0.02,0.0,0.0,0.0,0.0,0.0
NZA-0012,0.531805,35.024665,permanent_masonry,41030000.0,100,0.01,0.0,0.0,0.0,0.0,0.0
NZA-0012,0.531805,35.024665,permanent_masonry,41030000.0,200,0.005,0.0,0.0,0.0,0.0,0.0
NZA-0012,0.531805,35.024665,permanent_masonry,41030000.0,500,0.002,0.0,0.0,0.0,0.0,0.0
NZA-0013,0.444915,34.617409,semi_permanent,4885000.0,10,0.1,0.0,0.0,0.0,0.0,0.0
NZA-0013,0.444915,34.617409,semi_permanent,4885000.0,20,0.05,0.0,0.0,0.0,0.0,0.0
NZA-0013,0.444915,34.617409,semi_permanent,4885000.0,50,0.02,0.0,0.0,0.0,0.0,0.0
NZA-0013,0.444915,34.617409,semi_permanent,4885000.0,100,0.01,0.0,0.0,0.0,0.0,0.0
NZA-0013,0.444915,34.617409,semi_permanent,4885000.0,200,0.005,0.0,0.0,0.0,0.0,0.0
NZA-0013,0.444915,34.617409,semi_permanent,4885000.0,500,0.002,0.0,0.0,0.0,0.0,0.0
NZA-0014,0.955461,35.271234,semi_permanent,7505000.0,10,0.1,0.0,0.0,0.0,0.0,0.0
NZA-0014,0.955461,35.271234,semi_permanent,7505000.0,20,0.05,0.0,0.0,0.0,0.0,0.0
NZA-0014,0.955461,35.271234,semi_permanent,7505000.0,50,0.02,0.0,0.0,0.0,0.0,0.0
NZA-0014,0.955461,35.271234,semi_permanent,7505000.0,100,0.01,0.0,0.0,0.0,0.0,0.0
NZA-0014,0.955461,35.271234,semi_permanent,7505000.0,200,0.005,0.0,0.0,0.0,0.0,0.0
NZA-0014,0.955461,35.271234,semi_permanent,7505000.0,500,0.002,0.0,0.0,0.0,0.0,0.0
NZA-0015,0.282611,35.390422,semi_permanent,3825000.0,10,0.1,0.0,0.0,0.0,0.0,0.0
NZA-0015,0.282611,35.390422,semi_permanent,3825000.0,20,0.05,0.0,0.0,0.0,0.0,0.0
NZA-0015,0.282611,35.390422,semi_permanent,3825000.0,50,0.02,0.0,0.0,0.0,0.0,0.0
NZA-0015,0.282611,35.390422,semi_permanent,3825000.0,100,0.01,0.0,0.0,0.0,0.0,0.0
NZA-0015,0.282611,35.390422,semi_permanent,3825000.0,200,0.005,0.0,0.0,0.0,0.0,0.0
NZA-0015,0.282611,35.390422,semi_permanent,3825000.0,500,0.002,0.0,0.0,0.0,0.0,0.0
NZA-0016,0.527984,35.267816,semi_permanent,2040000.0,10,0.1,0.0,0.0,0.0,0.0,0.0
NZA-0016,0.527984,35.267816,semi_permanent,2040000.0,20,0.05,0.0,0.0,0.0,0.0,0.0
NZA-0016,0.527984,35.267816,semi_permanent,2040000.0,50,0.02,0.0,0.0,0.0,0.0,0.0
NZA-0016,0.527984,35.267816,semi_permanent,2040000.0,100,0.01,0.0,0.0,0.0,0.0,0.0
NZA-0016,0.527984,35.267816,semi_permanent,2040000.0,200,0.005,0.0,0.0,0.0,0.0,0.0
NZA-0016,0.527984,35.267816,semi_permanent,2040000.0,500,0.002,0.0,0.0,0.0,0.0,0.0
NZA-0017,-0.117852,33.975926,permanent_masonry,53565000.0,10,0.1,0.2800000011920929,0.1298416079345218,6954965.72901266,1071300.0,5883665.72901266
NZA-0017,-0.117852,33.975926,permanent_masonry,53565000.0,20,0.05,0.33000001311302185,0.1298416079345218,6954965.72901266,1071300.0,5883665.72901266
NZA-0017,-0.117852,33.975926,permanent_masonry,53565000.0,50,0.02,0.4000000059604645,0.1298416079345218,6954965.72901266,1071300.0,5883665.72901266
NZA-0017,-0.117852,33.975926,permanent_masonry,53565000.0,100,0.01,0.44999998807907104,0.1298416079345218,6954965.72901266,1071300.0,5883665.72901266
NZA-0017,-0.117852,33.975926,permanent_masonry,53565000.0,200,0.005,0.5,0.1298416079345218,6954965.72901266,1071300.0,5883665.72901266
NZA-0017,-0.117852,33.975926,permanent_masonry,53565000.0,500,0.002,0.550000011920929,0.1298416079345218,6954965.72901266,1071300.0,5883665.72901266
NZA-0018,0.279472,34.703121,concrete_rcc,92730000.0,10,0.1,0.0,0.0,0.0,0.0,0.0
NZA-0018,0.279472,34.703121,concrete_rcc,92730000.0,20,0.05,0.0,0.0,0.0,0.0,0.0
NZA-0018,0.279472,34.703121,concrete_rcc,92730000.0,50,0.02,0.0,0.0,0.0,0.0,0.0
NZA-0018,0.279472,34.703121,concrete_rcc,92730000.0,100,0.01,0.0,0.0,0.0,0.0,0.0
NZA-0018,0.279472,34.703121,concrete_rcc,92730000.0,200,0.005,0.0,0.0,0.0,0.0,0.0
NZA-0018,0.279472,34.703121,concrete_rcc,92730000.0,500,0.002,0.0,0.0,0.0,0.0,0.0
NZA-0019,0.147643,34.933593,permanent_masonry,58520000.0,10,0.1,0.0,0.0,0.0,0.0,0.0
NZA-0019,0.147643,34.933593,permanent_masonry,58520000.0,20,0.05,0.0,0.0,0.0,0.0,0.0
NZA-0019,0.147643,34.933593,permanent_masonry,58520000.0,50,0.02,0.0,0.0,0.0,0.0,0.0
NZA-0019,0.147643,34.933593,permanent_masonry,58520000.0,100,0.01,0.0,0.0,0.0,0.0,0.0
NZA-0019,0.147643,34.933593,permanent_masonry,58520000.0,200,0.005,0.0,0.0,0.0,0.0,0.0
NZA-0019,0.147643,34.933593,permanent_masonry,58520000.0,500,0.002,0.0,0.0,0.0,0.0,0.0
NZA-0020,0.265343,35.262243,informal_iron_sheet,850000.0,10,0.1,0.0,0.0,0.0,0.0,0.0
NZA-0020,0.265343,35.262243,informal_iron_sheet,850000.0,20,0.05,0.0,0.0,0.0,0.0,0.0
NZA-0020,0.265343,35.262243,informal_iron_sheet,850000.0,50,0.02,0.0,0.0,0.0,0.0,0.0
NZA-0020,0.265343,35.262243,informal_iron_sheet,850000.0,100,0.01,0.0,0.0,0.0,0.0,0.0
NZA-0020,0.265343,35.262243,informal_iron_sheet,850000.0,200,0.005,0.0,0.0,0.0,0.0,0.0
NZA-0020,0.265343,35.262243,informal_iron_sheet,850000.0,500,0.002,0.0,0.0,0.0,0.0,0.0
NZA-0021,1.220344,33.948898,semi_permanent,3890000.0,10,0.1,0.0,0.0,0.0,0.0,0.0
NZA-0021,1.220344,33.948898,semi_permanent,3890000.0,20,0.05,0.0,0.0,0.0,0.0,0.0
NZA-0021,1.220344,33.948898,semi_permanent,3890000.0,50,0.02,0.0,0.0,0.0,0.0,0.0
NZA-0021,1.220344,33.948898,semi_permanent,3890000.0,100,0.01,0.0,0.0,0.0,0.0,0.0
NZA-0021,1.220344,33.948898,semi_permanent,3890000.0,200,0.005,0.0,0.0,0.0,0.0,0.0
NZA-0021,1.220344,33.948898,semi_permanent,3890000.0,500,0.002,0.0,0.0,0.0,0.0,0.0
NZA-0022,1.004731,34.741446,informal_iron_sheet,695000.0,10,0.1,0.0,0.0,0.0,0.0,0.0
NZA-0022,1.004731,34.741446,informal_iron_sheet,695000.0,20,0.05,0.0,0.0,0.0,0.0,0.0
NZA-0022,1.004731,34.741446,informal_iron_sheet,695000.0,50,0.02,0.0,0.0,0.0,0.0,0.0
NZA-0022,1.004731,34.741446,informal_iron_sheet,695000.0,100,0.01,0.0,0.0,0.0,0.0,0.0
NZA-0022,1.004731,34.741446,informal_iron_sheet,695000.0,200,0.005,0.0,0.0,0.0,0.0,0.0
NZA-0022,1.004731,34.741446,informal_iron_sheet,695000.0,500,0.002,0.0,0.0,0.0,0.0,0.0
NZA-0023,0.451159,33.791979,concrete_rcc,230285000.0,10,0.1,0.0,0.0,0.0,0.0,0.0
NZA-0023,0.451159,33.791979,concrete_rcc,230285000.0,20,0.05,0.0,0.0,0.0,0.0,0.0
NZA-0023,0.451159,33.791979,concrete_rcc,230285000.0,50,0.02,0.0,0.0,0.0,0.0,0.0
NZA-0023,0.451159,33.791979,concrete_rcc,230285000.0,100,0.01,0.0,0.0,0.0,0.0,0.0
NZA-0023,0.451159,33.791979,concrete_rcc,230285000.0,200,0.005,0.0,0.0,0.0,0.0,0.0
NZA-0023,0.451159,33.791979,concrete_rcc,230285000.0,500,0.002,0.0,0.0,0.0,0.0,0.0
NZA-0024,0.336526,34.963292,concrete_rcc,335850000.0,10,0.1,0.0,0.0,0.0,0.0,0.0
NZA-0024,0.336526,34.963292,concrete_rcc,335850000.0,20,0.05,0.0,0.0,0.0,0.0,0.0
NZA-0024,0.336526,34.963292,concrete_rcc,335850000.0,50,0.02,0.0,0.0,0.0,0.0,0.0
NZA-0024,0.336526,34.963292,concrete_rcc,335850000.0,100,0.01,0.0,0.0,0.0,0.0,0.0
NZA-0024,0.336526,34.963292,concrete_rcc,335850000.0,200,0.005,0.0,0.0,0.0,0.0,0.0
NZA-0024,0.336526,34.963292,concrete_rcc,335850000.0,500,0.002,0.0,0.0,0.0,0.0,0.0
NZA-0025,0.115454,34.674031,permanent_masonry,57040000.0,10,0.1,0.0,0.0,0.0,0.0,0.0
NZA-0025,0.115454,34.674031,permanent_masonry,57040000.0,20,0.05,0.0,0.0,0.0,0.0,0.0
NZA-0025,0.115454,34.674031,permanent_masonry,57040000.0,50,0.02,0.0,0.0,0.0,0.0,0.0
NZA-0025,0.115454,34.674031,permanent_masonry,57040000.0,100,0.01,0.0,0.0,0.0,0.0,0.0
NZA-0025,0.115454,34.674031,permanent_masonry,57040000.0,200,0.005,0.0,0.0,0.0,0.0,0.0
NZA-0025,0.115454,34.674031,permanent_masonry,57040000.0,500,0.002,0.0,0.0,0.0,0.0,0.0
NZA-0026,0.369143,33.915251,permanent_masonry,36030000.0,10,0.1,0.0,0.0,0.0,0.0,0.0
NZA-0026,0.369143,33.915251,permanent_masonry,36030000.0,20,0.05,0.0,0.0,0.0,0.0,0.0
NZA-0026,0.369143,33.915251,permanent_masonry,36030000.0,50,0.02,0.0,0.0,0.0,0.0,0.0
NZA-0026,0.369143,33.915251,permanent_masonry,36030000.0,100,0.01,0.0,0.0,0.0,0.0,0.0
NZA-0026,0.369143,33.915251,permanent_masonry,36030000.0,200,0.005,0.0,0.0,0.0,0.0,0.0
NZA-0026,0.369143,33.915251,permanent_masonry,36030000.0,500,0.002,0.0,0.0,0.0,0.0,0.0
NZA-0027,1.249494,33.893252,informal_iron_sheet,1310000.0,10,0.1,0.0,0.0,0.0,0.0,0.0
NZA-0027,1.249494,33.893252,informal_iron_sheet,1310000.0,20,0.05,0.0,0.0,0.0,0.0,0.0
NZA-0027,1.249494,33.893252,informal_iron_sheet,1310000.0,50,0.02,0.0,0.0,0.0,0.0,0.0
NZA-0027,1.249494,33.893252,informal_iron_sheet,1310000.0,100,0.01,0.0,0.0,0.0,0.0,0.0
NZA-0027,1.249494,33.893252,informal_iron_sheet,1310000.0,200,0.005,0.0,0.0,0.0,0.0,0.0
NZA-0027,1.249494,33.893252,informal_iron_sheet,1310000.0,500,0.002,0.0,0.0,0.0,0.0,0.0
NZA-0028,0.023866,34.591599,informal_iron_sheet,1620000.0,10,0.1,0.0,0.0,0.0,0.0,0.0
NZA-0028,0.023866,34.591599,informal_iron_sheet,1620000.0,20,0.05,0.0,0.0,0.0,0.0,0.0
NZA-0028,0.023866,34.591599,informal_iron_sheet,1620000.0,50,0.02,0.0,0.0,0.0,0.0,0.0
NZA-0028,0.023866,34.591599,informal_iron_sheet,1620000.0,100,0.01,0.0,0.0,0.0,0.0,0.0
NZA-0028,0.023866,34.591599,informal_iron_sheet,1620000.0,200,0.005,0.0,0.0,0.0,0.0,0.0
NZA-0028,0.023866,34.591599,informal_iron_sheet,1620000.0,500,0.002,0.0,0.0,0.0,0.0,0.0
NZA-0029,1.034526,34.539818,informal_iron_sheet,1290000.0,10,0.1,0.0,0.0,0.0,0.0,0.0
NZA-0029,1.034526,34.539818,informal_iron_sheet,1290000.0,20,0.05,0.0,0.0,0.0,0.0,0.0
NZA-0029,1.034526,34.539818,informal_iron_sheet,1290000.0,50,0.02,0.0,0.0,0.0,0.0,0.0
NZA-0029,1.034526,34.539818,informal_iron_sheet,1290000.0,100,0.01,0.0,0.0,0.0,0.0,0.0
NZA-0029,1.034526,34.539818,informal_iron_sheet,1290000.0,200,0.005,0.0,0.0,0.0,0.0,0.0
NZA-0029,1.034526,34.539818,informal_iron_sheet,1290000.0,500,0.002,0.0,0.0,0.0,0.0,0.0
NZA-0030,0.664276,34.615193,informal_iron_sheet,1070000.0,10,0.1,0.0,0.0,0.0,0.0,0.0
NZA-0030,0.664276,34.615193,informal_iron_sheet,1070000.0,20,0.05,0.0,0.0,0.0,0.0,0.0
NZA-0030,0.664276,34.615193,informal_iron_sheet,1070000.0,50,0.02,0.0,0.0,0.0,0.0,0.0
NZA-0030,0.664276,34.615193,informal_iron_sheet,1070000.0,100,0.01,0.0,0.0,0.0,0.0,0.0
NZA-0030,0.664276,34.615193,informal_iron_sheet,1070000.0,200,0.005,0.0,0.0,0.0,0.0,0.0
NZA-0030,0.664276,34.615193,informal_iron_sheet,1070000.0,500,0.002,0.0,0.0,0.0,0.0,0.0
NZA-0031,1.178456,35.361044,informal_iron_sheet,1035000.0,10,0.1,0.0,0.0,0.0,0.0,0.0
NZA-0031,1.178456,35.361044,informal_iron_sheet,1035000.0,20,0.05,0.0,0.0,0.0,0.0,0.0
NZA-0031,1.178456,35.361044,informal_iron_sheet,1035000.0,50,0.02,0.0,0.0,0.0,0.0,0.0
NZA-0031,1.178456,35.361044,informal_iron_sheet,1035000.0,100,0.01,0.0,0.0,0.0,0.0,0.0
NZA-0031,1.178456,35.361044,informal_iron_sheet,1035000.0,200,0.005,0.0,0.0,0.0,0.0,0.0
NZA-0031,1.178456,35.361044,informal_iron_sheet,1035000.0,500,0.002,0.0,0.0,0.0,0.0,0.0
NZA-0032,0.882083,35.363684,semi_permanent,4350000.0,10,0.1,0.0,0.0,0.0,0.0,0.0
NZA-0032,0.882083,35.363684,semi_permanent,4350000.0,20,0.05,0.0,0.0,0.0,0.0,0.0
NZA-0032,0.882083,35.363684,semi_permanent,4350000.0,50,0.02,0.0,0.0,0.0,0.0,0.0
NZA-0032,0.882083,35.363684,semi_permanent,4350000.0,100,0.01,0.0,0.0,0.0,0.0,0.0
NZA-0032,0.882083,35.363684,semi_permanent,4350000.0,200,0.005,0.0,0.0,0.0,0.0,0.0
NZA-0032,0.882083,35.363684,semi_permanent,4350000.0,500,0.002,0.0,0.0,0.0,0.0,0.0
NZA-0033,0.024413,34.202607,informal_iron_sheet,1065000.0,10,0.1,0.0,0.0,0.0,0.0,0.0
NZA-0033,0.024413,34.202607,informal_iron_sheet,1065000.0,20,0.05,0.0,0.0,0.0,0.0,0.0
NZA-0033,0.024413,34.202607,informal_iron_sheet,1065000.0,50,0.02,0.0,0.0,0.0,0.0,0.0
NZA-0033,0.024413,34.202607,informal_iron_sheet,1065000.0,100,0.01,0.0,0.0,0.0,0.0,0.0
NZA-0033,0.024413,34.202607,informal_iron_sheet,1065000.0,200,0.005,0.0,0.0,0.0,0.0,0.0
NZA-0033,0.024413,34.202607,informal_iron_sheet,1065000.0,500,0.002,0.0,0.0,0.0,0.0,0.0
NZA-0034,1.23903,33.827218,permanent_masonry,29515000.0,10,0.1,0.0,0.0,0.0,0.0,0.0
NZA-0034,1.23903,33.827218,permanent_masonry,29515000.0,20,0.05,0.0,0.0,0.0,0.0,0.0
NZA-0034,1.23903,33.827218,permanent_masonry,29515000.0,50,0.02,0.0,0.0,0.0,0.0,0.0
NZA-0034,1.23903,33.827218,permanent_masonry,29515000.0,100,0.01,0.0,0.0,0.0,0.0,0.0
NZA-0034,1.23903,33.827218,permanent_masonry,29515000.0,200,0.005,0.0,0.0,0.0,0.0,0.0
NZA-0034,1.23903,33.827218,permanent_masonry,29515000.0,500,0.002,0.0,0.0,0.0,0.0,0.0
NZA-0035,1.211209,34.196232,concrete_rcc,240450000.0,10,0.1,0.0,0.0,0.0,0.0,0.0
NZA-0035,1.211209,34.196232,concrete_rcc,240450000.0,20,0.05,0.0,0.0,0.0,0.0,0.0
NZA-0035,1.211209,34.196232,concrete_rcc,240450000.0,50,0.02,0.0,0.0,0.0,0.0,0.0
NZA-0035,1.211209,34.196232,concrete_rcc,240450000.0,100,0.01,0.0,0.0,0.0,0.0,0.0
NZA-0035,1.211209,34.196232,concrete_rcc,240450000.0,200,0.005,0.0,0.0,0.0,0.0,0.0
NZA-0035,1.211209,34.196232,concrete_rcc,240450000.0,500,0.002,0.0,0.0,0.0,0.0,0.0
NZA-0036,-0.112918,35.082959,semi_permanent,3200000.0,10,0.1,0.0,0.0,0.0,0.0,0.0
NZA-0036,-0.112918,35.082959,semi_permanent,3200000.0,20,0.05,0.0,0.0,0.0,0.0,0.0
NZA-0036,-0.112918,35.082959,semi_permanent,3200000.0,50,0.02,0.0,0.0,0.0,0.0,0.0
NZA-0036,-0.112918,35.082959,semi_permanent,3200000.0,100,0.01,0.0,0.0,0.0,0.0,0.0
NZA-0036,-0.112918,35.082959,semi_permanent,3200000.0,200,0.005,0.0,0.0,0.0,0.0,0.0
NZA-0036,-0.112918,35.082959,semi_permanent,3200000.0,500,0.002,0.0,0.0,0.0,0.0,0.0
NZA-0037,0.265233,34.14853,semi_permanent,2605000.0,10,0.1,0.0,0.0,0.0,0.0,0.0
NZA-0037,0.265233,34.14853,semi_permanent,2605000.0,20,0.05,0.0,0.0,0.0,0.0,0.0
NZA-0037,0.265233,34.14853,semi_permanent,2605000.0,50,0.02,0.0,0.0,0.0,0.0,0.0
NZA-0037,0.265233,34.14853,semi_permanent,2605000.0,100,0.01,0.0,0.0,0.0,0.0,0.0
NZA-0037,0.265233,34.14853,semi_permanent,2605000.0,200,0.005,0.0,0.0,0.0,0.0,0.0
NZA-0037,0.265233,34.14853,semi_permanent,2605000.0,500,0.002,0.0,0.0,0.0,0.0,0.0
NZA-0038,-0.143883,33.941858,informal_iron_sheet,1080000.0,10,0.1,0.30000001192092896,0.16620403524024446,179500.35805946402,21600.0,157900.35805946402
NZA-0038,-0.143883,33.941858,informal_iron_sheet,1080000.0,20,0.05,0.33000001311302185,0.16620403524024446,179500.35805946402,21600.0,157900.35805946402
NZA-0038,-0.143883,33.941858,informal_iron_sheet,1080000.0,50,0.02,0.3799999952316284,0.16620403524024446,179500.35805946402,21600.0,157900.35805946402
NZA-0038,-0.143883,33.941858,informal_iron_sheet,1080000.0,100,0.01,0.4099999964237213,0.16620403524024446,179500.35805946402,21600.0,157900.35805946402
NZA-0038,-0.143883,33.941858,informal_iron_sheet,1080000.0,200,0.005,0.4399999976158142,0.16620403524024446,179500.35805946402,21600.0,157900.35805946402
NZA-0038,-0.143883,33.941858,informal_iron_sheet,1080000.0,500,0.002,0.47999998927116394,0.16620403524024446,179500.35805946402,21600.0,157900.35805946402
NZA-0039,0.501551,34.726637,semi_permanent,4090000.0,10,0.1,0.0,0.0,0.0,0.0,0.0
NZA-0039,0.501551,34.726637,semi_permanent,4090000.0,20,0.05,0.0,0.0,0.0,0.0,0.0
NZA-0039,0.501551,34.726637,semi_permanent,4090000.0,50,0.02,0.0,0.0,0.0,0.0,0.0
NZA-0039,0.501551,34.726637,semi_permanent,4090000.0,100,0.01,0.0,0.0,0.0,0.0,0.0
NZA-0039,0.501551,34.726637,semi_permanent,4090000.0,200,0.005,0.0,0.0,0.0,0.0,0.0
NZA-0039,0.501551,34.726637,semi_permanent,4090000.0,500,0.002,0.0,0.0,0.0,0.0,0.0
NZA-0040,1.140541,34.874385,informal_iron_sheet,1530000.0,10,0.1,0.0,0.0,0.0,0.0,0.0
NZA-0040,1.140541,34.874385,informal_iron_sheet,1530000.0,20,0.05,0.0,0.0,0.0,0.0,0.0
NZA-0040,1.140541,34.874385,informal_iron_sheet,1530000.0,50,0.02,0.0,0.0,0.0,0.0,0.0
NZA-0040,1.140541,34.874385,informal_iron_sheet,1530000.0,100,0.01,0.0,0.0,0.0,0.0,0.0
NZA-0040,1.140541,34.874385,informal_iron_sheet,1530000.0,200,0.005,0.0,0.0,0.0,0.0,0.0
NZA-0040,1.140541,34.874385,informal_iron_sheet,1530000.0,500,0.002,0.0,0.0,0.0,0.0,0.0
NZA-0041,0.918409,33.99557,permanent_masonry,43610000.0,10,0.1,0.0,0.0,0.0,0.0,0.0
NZA-0041,0.918409,33.99557,permanent_masonry,43610000.0,20,0.05,0.0,0.0,0.0,0.0,0.0
NZA-0041,0.918409,33.99557,permanent_masonry,43610000.0,50,0.02,0.0,0.0,0.0,0.0,0.0
NZA-0041,0.918409,33.99557,permanent_masonry,43610000.0,100,0.01,0.0,0.0,0.0,0.0,0.0
NZA-0041,0.918409,33.99557,permanent_masonry,43610000.0,200,0.005,0.0,0.0,0.0,0.0,0.0
NZA-0041,0.918409,33.99557,permanent_masonry,43610000.0,500,0.002,0.0,0.0,0.0,0.0,0.0
NZA-0042,0.766295,33.798706,permanent_masonry,66815000.0,10,0.1,0.0,0.0,0.0,0.0,0.0
NZA-0042,0.766295,33.798706,permanent_masonry,66815000.0,20,0.05,0.0,0.0,0.0,0.0,0.0
NZA-0042,0.766295,33.798706,permanent_masonry,66815000.0,50,0.02,0.0,0.0,0.0,0.0,0.0
NZA-0042,0.766295,33.798706,permanent_masonry,66815000.0,100,0.01,0.0,0.0,0.0,0.0,0.0
NZA-0042,0.766295,33.798706,permanent_masonry,66815000.0,200,0.005,0.0,0.0,0.0,0.0,0.0
NZA-0042,0.766295,33.798706,permanent_masonry,66815000.0,500,0.002,0.0,0.0,0.0,0.0,0.0
NZA-0043,0.426875,33.978446,informal_iron_sheet,535000.0,10,0.1,0.0,0.0,0.0,0.0,0.0
NZA-0043,0.426875,33.978446,informal_iron_sheet,535000.0,20,0.05,0.0,0.0,0.0,0.0,0.0
NZA-0043,0.426875,33.978446,informal_iron_sheet,535000.0,50,0.02,0.0,0.0,0.0,0.0,0.0
NZA-0043,0.426875,33.978446,informal_iron_sheet,535000.0,100,0.01,0.0,0.0,0.0,0.0,0.0
NZA-0043,0.426875,33.978446,informal_iron_sheet,535000.0,200,0.005,0.0,0.0,0.0,0.0,0.0
NZA-0043,0.426875,33.978446,informal_iron_sheet,535000.0,500,0.002,0.0,0.0,0.0,0.0,0.0
NZA-0044,-0.049257,34.101783,semi_permanent,4500000.0,10,0.1,0.0,0.0,0.0,0.0,0.0
NZA-0044,-0.049257,34.101783,semi_permanent,4500000.0,20,0.05,0.0,0.0,0.0,0.0,0.0
NZA-0044,-0.049257,34.101783,semi_permanent,4500000.0,50,0.02,0.0,0.0,0.0,0.0,0.0
NZA-0044,-0.049257,34.101783,semi_permanent,4500000.0,100,0.01,0.0,0.0,0.0,0.0,0.0
NZA-0044,-0.049257,34.101783,semi_permanent,4500000.0,200,0.005,0.0,0.0,0.0,0.0,0.0
NZA-0044,-0.049257,34.101783,semi_permanent,4500000.0,500,0.002,0.0,0.0,0.0,0.0,0.0
NZA-0045,-0.088865,34.314237,informal_iron_sheet,1080000.0,10,0.1,0.0,0.0,0.0,0.0,0.0
NZA-0045,-0.088865,34.314237,informal_iron_sheet,1080000.0,20,0.05,0.0,0.0,0.0,0.0,0.0
NZA-0045,-0.088865,34.314237,informal_iron_sheet,1080000.0,50,0.02,0.0,0.0,0.0,0.0,0.0
NZA-0045,-0.088865,34.314237,informal_iron_sheet,1080000.0,100,0.01,0.0,0.0,0.0,0.0,0.0
NZA-0045,-0.088865,34.314237,informal_iron_sheet,1080000.0,200,0.005,0.0,0.0,0.0,0.0,0.0
NZA-0045,-0.088865,34.314237,informal_iron_sheet,1080000.0,500,0.002,0.0,0.0,0.0,0.0,0.0
NZA-0046,0.545365,34.656193,informal_iron_sheet,1385000.0,10,0.1,0.0,0.0,0.0,0.0,0.0
NZA-0046,0.545365,34.656193,informal_iron_sheet,1385000.0,20,0.05,0.0,0.0,0.0,0.0,0.0
NZA-0046,0.545365,34.656193,informal_iron_sheet,1385000.0,50,0.02,0.0,0.0,0.0,0.0,0.0
NZA-0046,0.545365,34.656193,informal_iron_sheet,1385000.0,100,0.01,0.0,0.0,0.0,0.0,0.0
NZA-0046,0.545365,34.656193,informal_iron_sheet,1385000.0,200,0.005,0.0,0.0,0.0,0.0,0.0
NZA-0046,0.545365,34.656193,informal_iron_sheet,1385000.0,500,0.002,0.0,0.0,0.0,0.0,0.0
NZA-0047,0.253929,35.252561,permanent_masonry,56180000.0,10,0.1,0.0,0.0,0.0,0.0,0.0
NZA-0047,0.253929,35.252561,permanent_masonry,56180000.0,20,0.05,0.0,0.0,0.0,0.0,0.0
NZA-0047,0.253929,35.252561,permanent_masonry,56180000.0,50,0.02,0.0,0.0,0.0,0.0,0.0
NZA-0047,0.253929,35.252561,permanent_masonry,56180000.0,100,0.01,0.0,0.0,0.0,0.0,0.0
NZA-0047,0.253929,35.252561,permanent_masonry,56180000.0,200,0.005,0.0,0.0,0.0,0.0,0.0
NZA-0047,0.253929,35.252561,permanent_masonry,56180000.0,500,0.002,0.0,0.0,0.0,0.0,0.0
NZA-0048,0.987038,34.293721,semi_permanent,8510000.0,10,0.1,0.0,0.0,0.0,0.0,0.0
NZA-0048,0.987038,34.293721,semi_permanent,8510000.0,20,0.05,0.0,0.0,0.0,0.0,0.0
NZA-0048,0.987038,34.293721,semi_permanent,8510000.0,50,0.02,0.0,0.0,0.0,0.0,0.0
NZA-0048,0.987038,34.293721,semi_permanent,8510000.0,100,0.01,0.0,0.0,0.0,0.0,0.0
NZA-0048,0.987038,34.293721,semi_permanent,8510000.0,200,0.005,0.0,0.0,0.0,0.0,0.0
NZA-0048,0.987038,34.293721,semi_permanent,8510000.0,500,0.002,0.0,0.0,0.0,0.0,0.0
NZA-0049,0.89248,34.7781,semi_permanent,6290000.0,10,0.1,0.0,0.0,0.0,0.0,0.0
NZA-0049,0.89248,34.7781,semi_permanent,6290000.0,20,0.05,0.0,0.0,0.0,0.0,0.0
NZA-0049,0.89248,34.7781,semi_permanent,6290000.0,50,0.02,0.0,0.0,0.0,0.0,0.0
NZA-0049,0.89248,34.7781,semi_permanent,6290000.0,100,0.01,0.0,0.0,0.0,0.0,0.0
NZA-0049,0.89248,34.7781,semi_permanent,6290000.0,200,0.005,0.0,0.0,0.0,0.0,0.0
NZA-0049,0.89248,34.7781,semi_permanent,6290000.0,500,0.002,0.0,0.0,0.0,0.0,0.0
NZA-0050,0.887903,34.82692,permanent_masonry,35165000.0,10,0.1,0.0,0.0,0.0,0.0,0.0
NZA-0050,0.887903,34.82692,permanent_masonry,35165000.0,20,0.05,0.0,0.0,0.0,0.0,0.0
NZA-0050,0.887903,34.82692,permanent_masonry,35165000.0,50,0.02,0.0,0.0,0.0,0.0,0.0
NZA-0050,0.887903,34.82692,permanent_masonry,35165000.0,100,0.01,0.0,0.0,0.0,0.0,0.0
NZA-0050,0.887903,34.82692,permanent_masonry,35165000.0,200,0.005,0.0,0.0,0.0,0.0,0.0
NZA-0050,0.887903,34.82692,permanent_masonry,35165000.0,500,0.002,0.0,0.0,0.0,0.0,0.0
NZA-0051,0.002433,34.180603,permanent_masonry,49070000.0,10,0.1,0.0,0.0,0.0,0.0,0.0
NZA-0051,0.002433,34.180603,permanent_masonry,49070000.0,20,0.05,0.0,0.0,0.0,0.0,0.0
NZA-0051,0.002433,34.180603,permanent_masonry,49070000.0,50,0.02,0.0,0.0,0.0,0.0,0.0
NZA-0051,0.002433,34.180603,permanent_masonry,49070000.0,100,0.01,0.0,0.0,0.0,0.0,0.0
NZA-0051,0.002433,34.180603,permanent_masonry,49070000.0,200,0.005,0.0,0.0,0.0,0.0,0.0
NZA-0051,0.002433,34.180603,permanent_masonry,49070000.0,500,0.002,0.0,0.0,0.0,0.0,0.0
NZA-0052,0.721631,34.642,informal_iron_sheet,1540000.0,10,0.1,0.0,0.0,0.0,0.0,0.0
NZA-0052,0.721631,34.642,informal_iron_sheet,1540000.0,20,0.05,0.0,0.0,0.0,0.0,0.0
NZA-0052,0.721631,34.642,informal_iron_sheet,1540000.0,50,0.02,0.0,0.0,0.0,0.0,0.0
NZA-0052,0.721631,34.642,informal_iron_sheet,1540000.0,100,0.01,0.0,0.0,0.0,0.0,0.0
NZA-0052,0.721631,34.642,informal_iron_sheet,1540000.0,200,0.005,0.0,0.0,0.0,0.0,0.0
NZA-0052,0.721631,34.642,informal_iron_sheet,1540000.0,500,0.002,0.0,0.0,0.0,0.0,0.0
NZA-0053,0.753149,35.370674,informal_iron_sheet,1160000.0,10,0.1,0.0,0.0,0.0,0.0,0.0
NZA-0053,0.753149,35.370674,informal_iron_sheet,1160000.0,20,0.05,0.0,0.0,0.0,0.0,0.0
NZA-0053,0.753149,35.370674,informal_iron_sheet,1160000.0,50,0.02,0.0,0.0,0.0,0.0,0.0
NZA-0053,0.753149,35.370674,informal_iron_sheet,1160000.0,100,0.01,0.0,0.0,0.0,0.0,0.0
NZA-0053,0.753149,35.370674,informal_iron_sheet,1160000.0,200,0.005,0.0,0.0,0.0,0.0,0.0
NZA-0053,0.753149,35.370674,informal_iron_sheet,1160000.0,500,0.002,0.0,0.0,0.0,0.0,0.0
NZA-0054,0.770123,35.394553,permanent_masonry,54520000.0,10,0.1,0.0,0.0,0.0,0.0,0.0
NZA-0054,0.770123,35.394553,permanent_masonry,54520000.0,20,0.05,0.0,0.0,0.0,0.0,0.0
NZA-0054,0.770123,35.394553,permanent_masonry,54520000.0,50,0.02,0.0,0.0,0.0,0.0,0.0
NZA-0054,0.770123,35.394553,permanent_masonry,54520000.0,100,0.01,0.0,0.0,0.0,0.0,0.0
NZA-0054,0.770123,35.394553,permanent_masonry,54520000.0,200,0.005,0.0,0.0,0.0,0.0,0.0
NZA-0054,0.770123,35.394553,permanent_masonry,54520000.0,500,0.002,0.0,0.0,0.0,0.0,0.0
NZA-0055,0.536436,34.421914,informal_iron_sheet,1520000.0,10,0.1,0.0,0.0,0.0,0.0,0.0
NZA-0055,0.536436,34.421914,informal_iron_sheet,1520000.0,20,0.05,0.0,0.0,0.0,0.0,0.0
NZA-0055,0.536436,34.421914,informal_iron_sheet,1520000.0,50,0.02,0.0,0.0,0.0,0.0,0.0
NZA-0055,0.536436,34.421914,informal_iron_sheet,1520000.0,100,0.01,0.0,0.0,0.0,0.0,0.0
NZA-0055,0.536436,34.421914,informal_iron_sheet,1520000.0,200,0.005,0.0,0.0,0.0,0.0,0.0
NZA-0055,0.536436,34.421914,informal_iron_sheet,1520000.0,500,0.002,0.0,0.0,0.0,0.0,0.0
NZA-0056,0.62561,35.101229,semi_permanent,2460000.0,10,0.1,0.0,0.0,0.0,0.0,0.0
NZA-0056,0.62561,35.101229,semi_permanent,2460000.0,20,0.05,0.0,0.0,0.0,0.0,0.0
NZA-0056,0.62561,35.101229,semi_permanent,2460000.0,50,0.02,0.0,0.0,0.0,0.0,0.0
NZA-0056,0.62561,35.101229,semi_permanent,2460000.0,100,0.01,0.0,0.0,0.0,0.0,0.0
NZA-0056,0.62561,35.101229,semi_permanent,2460000.0,200,0.005,0.0,0.0,0.0,0.0,0.0
NZA-0056,0.62561,35.101229,semi_permanent,2460000.0,500,0.002,0.0,0.0,0.0,0.0,0.0
NZA-0057,0.845981,34.268036,permanent_masonry,121045000.0,10,0.1,0.0,0.0,0.0,0.0,0.0
NZA-0057,0.845981,34.268036,permanent_masonry,121045000.0,20,0.05,0.0,0.0,0.0,0.0,0.0
NZA-0057,0.845981,34.268036,permanent_masonry,121045000.0,50,0.02,0.0,0.0,0.0,0.0,0.0
NZA-0057,0.845981,34.268036,permanent_masonry,121045000.0,100,0.01,0.0,0.0,0.0,0.0,0.0
NZA-0057,0.845981,34.268036,permanent_masonry,121045000.0,200,0.005,0.0,0.0,0.0,0.0,0.0
NZA-0057,0.845981,34.268036,permanent_masonry,121045000.0,500,0.002,0.0,0.0,0.0,0.0,0.0
NZA-0058,1.263461,35.065468,concrete_rcc,123725000.0,10,0.1,0.0,0.0,0.0,0.0,0.0
NZA-0058,1.263461,35.065468,concrete_rcc,123725000.0,20,0.05,0.0,0.0,0.0,0.0,0.0
NZA-0058,1.263461,35.065468,concrete_rcc,123725000.0,50,0.02,0.0,0.0,0.0,0.0,0.0
NZA-0058,1.263461,35.065468,concrete_rcc,123725000.0,100,0.01,0.0,0.0,0.0,0.0,0.0
NZA-0058,1.263461,35.065468,concrete_rcc,123725000.0,200,0.005,0.0,0.0,0.0,0.0,0.0
NZA-0058,1.263461,35.065468,concrete_rcc,123725000.0,500,0.002,0.0,0.0,0.0,0.0,0.0
NZA-0059,-0.258789,34.342286,permanent_masonry,39100000.0,10,0.1,0.0,0.0,0.0,0.0,0.0
NZA-0059,-0.258789,34.342286,permanent_masonry,39100000.0,20,0.05,0.0,0.0,0.0,0.0,0.0
NZA-0059,-0.258789,34.342286,permanent_masonry,39100000.0,50,0.02,0.0,0.0,0.0,0.0,0.0
NZA-0059,-0.258789,34.342286,permanent_masonry,39100000.0,100,0.01,0.0,0.0,0.0,0.0,0.0
NZA-0059,-0.258789,34.342286,permanent_masonry,39100000.0,200,0.005,0.0,0.0,0.0,0.0,0.0
NZA-0059,-0.258789,34.342286,permanent_masonry,39100000.0,500,0.002,0.0,0.0,0.0,0.0,0.0
NZA-0060,0.093027,35.024111,informal_iron_sheet,1805000.0,10,0.1,0.0,0.0,0.0,0.0,0.0
NZA-0060,0.093027,35.024111,informal_iron_sheet,1805000.0,20,0.05,0.0,0.0,0.0,0.0,0.0
NZA-0060,0.093027,35.024111,informal_iron_sheet,1805000.0,50,0.02,0.0,0.0,0.0,0.0,0.0
NZA-0060,0.093027,35.024111,informal_iron_sheet,1805000.0,100,0.01,0.0,0.0,0.0,0.0,0.0
NZA-0060,0.093027,35.024111,informal_iron_sheet,1805000.0,200,0.005,0.0,0.0,0.0,0.0,0.0
NZA-0060,0.093027,35.024111,informal_iron_sheet,1805000.0,500,0.002,0.0,0.0,0.0,0.0,0.0
NZA-0061,0.971682,33.832945,semi_permanent,5990000.0,10,0.1,0.0,0.0,0.0,0.0,0.0
NZA-0061,0.971682,33.832945,semi_permanent,5990000.0,20,0.05,0.0,0.0,0.0,0.0,0.0
NZA-0061,0.971682,33.832945,semi_permanent,5990000.0,50,0.02,0.0,0.0,0.0,0.0,0.0
NZA-0061,0.971682,33.832945,semi_permanent,5990000.0,100,0.01,0.0,0.0,0.0,0.0,0.0
NZA-0061,0.971682,33.832945,semi_permanent,5990000.0,200,0.005,0.0,0.0,0.0,0.0,0.0
NZA-0061,0.971682,33.832945,semi_permanent,5990000.0,500,0.002,0.0,0.0,0.0,0.0,0.0
NZA-0062,0.625062,34.040311,semi_permanent,4250000.0,10,0.1,0.0,0.0,0.0,0.0,0.0
NZA-0062,0.625062,34.040311,semi_permanent,4250000.0,20,0.05,0.0,0.0,0.0,0.0,0.0
NZA-0062,0.625062,34.040311,semi_permanent,4250000.0,50,0.02,0.0,0.0,0.0,0.0,0.0
NZA-0062,0.625062,34.040311,semi_permanent,4250000.0,100,0.01,0.0,0.0,0.0,0.0,0.0
NZA-0062,0.625062,34.040311,semi_permanent,4250000.0,200,0.005,0.0,0.0,0.0,0.0,0.0
NZA-0062,0.625062,34.040311,semi_permanent,4250000.0,500,0.002,0.0,0.0,0.0,0.0,0.0
NZA-0063,-0.02037,34.768432,concrete_rcc,259640000.0,10,0.1,0.0,0.0,0.0,0.0,0.0
NZA-0063,-0.02037,34.768432,concrete_rcc,259640000.0,20,0.05,0.0,0.0,0.0,0.0,0.0
NZA-0063,-0.02037,34.768432,concrete_rcc,259640000.0,50,0.02,0.0,0.0,0.0,0.0,0.0
NZA-0063,-0.02037,34.768432,concrete_rcc,259640000.0,100,0.01,0.0,0.0,0.0,0.0,0.0
NZA-0063,-0.02037,34.768432,concrete_rcc,259640000.0,200,0.005,0.0,0.0,0.0,0.0,0.0
NZA-0063,-0.02037,34.768432,concrete_rcc,259640000.0,500,0.002,0.0,0.0,0.0,0.0,0.0
NZA-0064,0.076172,34.070264,permanent_masonry,24155000.0,10,0.1,0.10999999940395355,0.1298416079345218,3136324.0396583737,483100.0,2653224.0396583737
NZA-0064,0.076172,34.070264,permanent_masonry,24155000.0,20,0.05,0.20000000298023224,0.1298416079345218,3136324.0396583737,483100.0,2653224.0396583737
NZA-0064,0.076172,34.070264,permanent_masonry,24155000.0,50,0.02,0.28999999165534973,0.1298416079345218,3136324.0396583737,483100.0,2653224.0396583737
NZA-0064,0.076172,34.070264,permanent_masonry,24155000.0,100,0.01,0.36000001430511475,0.1298416079345218,3136324.0396583737,483100.0,2653224.0396583737
NZA-0064,0.076172,34.070264,permanent_masonry,24155000.0,200,0.005,0.4300000071525574,0.1298416079345218,3136324.0396583737,483100.0,2653224.0396583737
NZA-0064,0.076172,34.070264,permanent_masonry,24155000.0,500,0.002,0.5099999904632568,0.1298416079345218,3136324.0396583737,483100.0,2653224.0396583737
NZA-0065,0.828844,34.207395,concrete_rcc,198540000.0,10,0.1,0.0,0.0,0.0,0.0,0.0
NZA-0065,0.828844,34.207395,concrete_rcc,198540000.0,20,0.05,0.0,0.0,0.0,0.0,0.0
NZA-0065,0.828844,34.207395,concrete_rcc,198540000.0,50,0.02,0.0,0.0,0.0,0.0,0.0
NZA-0065,0.828844,34.207395,concrete_rcc,198540000.0,100,0.01,0.0,0.0,0.0,0.0,0.0
NZA-0065,0.828844,34.207395,concrete_rcc,198540000.0,200,0.005,0.0,0.0,0.0,0.0,0.0
NZA-0065,0.828844,34.207395,concrete_rcc,198540000.0,500,0.002,0.0,0.0,0.0,0.0,0.0
NZA-0066,0.363097,34.848581,permanent_masonry,90060000.0,10,0.1,0.0,0.0,0.0,0.0,0.0
NZA-0066,0.363097,34.848581,permanent_masonry,90060000.0,20,0.05,0.0,0.0,0.0,0.0,0.0
NZA-0066,0.363097,34.848581,permanent_masonry,90060000.0,50,0.02,0.0,0.0,0.0,0.0,0.0
NZA-0066,0.363097,34.848581,permanent_masonry,90060000.0,100,0.01,0.0,0.0,0.0,0.0,0.0
NZA-0066,0.363097,34.848581,permanent_masonry,90060000.0,200,0.005,0.0,0.0,0.0,0.0,0.0
NZA-0066,0.363097,34.848581,permanent_masonry,90060000.0,500,0.002,0.0,0.0,0.0,0.0,0.0
NZA-0067,0.939907,34.201686,permanent_masonry,29175000.0,10,0.1,0.0,0.0,0.0,0.0,0.0
NZA-0067,0.939907,34.201686,permanent_masonry,29175000.0,20,0.05,0.0,0.0,0.0,0.0,0.0
NZA-0067,0.939907,34.201686,permanent_masonry,29175000.0,50,0.02,0.0,0.0,0.0,0.0,0.0
NZA-0067,0.939907,34.201686,permanent_masonry,29175000.0,100,0.01,0.0,0.0,0.0,0.0,0.0
NZA-0067,0.939907,34.201686,permanent_masonry,29175000.0,200,0.005,0.0,0.0,0.0,0.0,0.0
NZA-0067,0.939907,34.201686,permanent_masonry,29175000.0,500,0.002,0.0,0.0,0.0,0.0,0.0
NZA-0068,1.227044,34.241811,permanent_masonry,32210000.0,10,0.1,0.0,0.0,0.0,0.0,0.0
NZA-0068,1.227044,34.241811,permanent_masonry,32210000.0,20,0.05,0.0,0.0,0.0,0.0,0.0
NZA-0068,1.227044,34.241811,permanent_masonry,32210000.0,50,0.02,0.0,0.0,0.0,0.0,0.0
NZA-0068,1.227044,34.241811,permanent_masonry,32210000.0,100,0.01,0.0,0.0,0.0,0.0,0.0
NZA-0068,1.227044,34.241811,permanent_masonry,32210000.0,200,0.005,0.0,0.0,0.0,0.0,0.0
NZA-0068,1.227044,34.241811,permanent_masonry,32210000.0,500,0.002,0.0,0.0,0.0,0.0,0.0
NZA-0069,0.317002,35.094154,concrete_rcc,141225000.0,10,0.1,0.0,0.0,0.0,0.0,0.0
NZA-0069,0.317002,35.094154,concrete_rcc,141225000.0,20,0.05,0.0,0.0,0.0,0.0,0.0
NZA-0069,0.317002,35.094154,concrete_rcc,141225000.0,50,0.02,0.0,0.0,0.0,0.0,0.0
NZA-0069,0.317002,35.094154,concrete_rcc,141225000.0,100,0.01,0.0,0.0,0.0,0.0,0.0
NZA-0069,0.317002,35.094154,concrete_rcc,141225000.0,200,0.005,0.0,0.0,0.0,0.0,0.0
NZA-0069,0.317002,35.094154,concrete_rcc,141225000.0,500,0.002,0.0,0.0,0.0,0.0,0.0
NZA-0070,1.025978,33.900142,informal_iron_sheet,860000.0,10,0.1,0.0,0.0,0.0,0.0,0.0
NZA-0070,1.025978,33.900142,informal_iron_sheet,860000.0,20,0.05,0.0,0.0,0.0,0.0,0.0
NZA-0070,1.025978,33.900142,informal_iron_sheet,860000.0,50,0.02,0.0,0.0,0.0,0.0,0.0
NZA-0070,1.025978,33.900142,informal_iron_sheet,860000.0,100,0.01,0.0,0.0,0.0,0.0,0.0
NZA-0070,1.025978,33.900142,informal_iron_sheet,860000.0,200,0.005,0.0,0.0,0.0,0.0,0.0
NZA-0070,1.025978,33.900142,informal_iron_sheet,860000.0,500,0.002,0.0,0.0,0.0,0.0,0.0
NZA-0071,0.423824,33.766319,informal_iron_sheet,1085000.0,10,0.1,0.0,0.0,0.0,0.0,0.0
NZA-0071,0.423824,33.766319,informal_iron_sheet,1085000.0,20,0.05,0.0,0.0,0.0,0.0,0.0
NZA-0071,0.423824,33.766319,informal_iron_sheet,1085000.0,50,0.02,0.0,0.0,0.0,0.0,0.0
NZA-0071,0.423824,33.766319,informal_iron_sheet,1085000.0,100,0.01,0.0,0.0,0.0,0.0,0.0
NZA-0071,0.423824,33.766319,informal_iron_sheet,1085000.0,200,0.005,0.0,0.0,0.0,0.0,0.0
NZA-0071,0.423824,33.766319,informal_iron_sheet,1085000.0,500,0.002,0.0,0.0,0.0,0.0,0.0
NZA-0072,0.937466,35.111781,permanent_masonry,50480000.0,10,0.1,0.0,0.0,0.0,0.0,0.0
NZA-0072,0.937466,35.111781,permanent_masonry,50480000.0,20,0.05,0.0,0.0,0.0,0.0,0.0
NZA-0072,0.937466,35.111781,permanent_masonry,50480000.0,50,0.02,0.0,0.0,0.0,0.0,0.0
NZA-0072,0.937466,35.111781,permanent_masonry,50480000.0,100,0.01,0.0,0.0,0.0,0.0,0.0
NZA-0072,0.937466,35.111781,permanent_masonry,50480000.0,200,0.005,0.0,0.0,0.0,0.0,0.0
NZA-0072,0.937466,35.111781,permanent_masonry,50480000.0,500,0.002,0.0,0.0,0.0,0.0,0.0
NZA-0073,0.328458,35.232416,informal_iron_sheet,1470000.0,10,0.1,0.0,0.0,0.0,0.0,0.0
NZA-0073,0.328458,35.232416,informal_iron_sheet,1470000.0,20,0.05,0.0,0.0,0.0,0.0,0.0
NZA-0073,0.328458,35.232416,informal_iron_sheet,1470000.0,50,0.02,0.0,0.0,0.0,0.0,0.0
NZA-0073,0.328458,35.232416,informal_iron_sheet,1470000.0,100,0.01,0.0,0.0,0.0,0.0,0.0
NZA-0073,0.328458,35.232416,informal_iron_sheet,1470000.0,200,0.005,0.0,0.0,0.0,0.0,0.0
NZA-0073,0.328458,35.232416,informal_iron_sheet,1470000.0,500,0.002,0.0,0.0,0.0,0.0,0.0
NZA-0074,-0.090471,34.850549,informal_iron_sheet,1395000.0,10,0.1,0.0,0.0,0.0,0.0,0.0
NZA-0074,-0.090471,34.850549,informal_iron_sheet,1395000.0,20,0.05,0.0,0.0,0.0,0.0,0.0
NZA-0074,-0.090471,34.850549,informal_iron_sheet,1395000.0,50,0.02,0.0,0.0,0.0,0.0,0.0
NZA-0074,-0.090471,34.850549,informal_iron_sheet,1395000.0,100,0.01,0.0,0.0,0.0,0.0,0.0
NZA-0074,-0.090471,34.850549,informal_iron_sheet,1395000.0,200,0.005,0.0,0.0,0.0,0.0,0.0
NZA-0074,-0.090471,34.850549,informal_iron_sheet,1395000.0,500,0.002,0.0,0.0,0.0,0.0,0.0
NZA-0075,0.198354,34.765535,informal_iron_sheet,820000.0,10,0.1,0.0,0.0,0.0,0.0,0.0
NZA-0075,0.198354,34.765535,informal_iron_sheet,820000.0,20,0.05,0.0,0.0,0.0,0.0,0.0
NZA-0075,0.198354,34.765535,informal_iron_sheet,820000.0,50,0.02,0.0,0.0,0.0,0.0,0.0
NZA-0075,0.198354,34.765535,informal_iron_sheet,820000.0,100,0.01,0.0,0.0,0.0,0.0,0.0
NZA-0075,0.198354,34.765535,informal_iron_sheet,820000.0,200,0.005,0.0,0.0,0.0,0.0,0.0
NZA-0075,0.198354,34.765535,informal_iron_sheet,820000.0,500,0.002,0.0,0.0,0.0,0.0,0.0
NZA-0076,0.739884,35.214994,permanent_masonry,57565000.0,10,0.1,0.0,0.0,0.0,0.0,0.0
NZA-0076,0.739884,35.214994,permanent_masonry,57565000.0,20,0.05,0.0,0.0,0.0,0.0,0.0
NZA-0076,0.739884,35.214994,permanent_masonry,57565000.0,50,0.02,0.0,0.0,0.0,0.0,0.0
NZA-0076,0.739884,35.214994,permanent_masonry,57565000.0,100,0.01,0.0,0.0,0.0,0.0,0.0
NZA-0076,0.739884,35.214994,permanent_masonry,57565000.0,200,0.005,0.0,0.0,0.0,0.0,0.0
NZA-0076,0.739884,35.214994,permanent_masonry,57565000.0,500,0.002,0.0,0.0,0.0,0.0,0.0
NZA-0077,1.228589,34.60225,concrete_rcc,175695000.0,10,0.1,0.0,0.0,0.0,0.0,0.0
NZA-0077,1.228589,34.60225,concrete_rcc,175695000.0,20,0.05,0.0,0.0,0.0,0.0,0.0
NZA-0077,1.228589,34.60225,concrete_rcc,175695000.0,50,0.02,0.0,0.0,0.0,0.0,0.0
NZA-0077,1.228589,34.60225,concrete_rcc,175695000.0,100,0.01,0.0,0.0,0.0,0.0,0.0
NZA-0077,1.228589,34.60225,concrete_rcc,175695000.0,200,0.005,0.0,0.0,0.0,0.0,0.0
NZA-0077,1.228589,34.60225,concrete_rcc,175695000.0,500,0.002,0.0,0.0,0.0,0.0,0.0
NZA-0078,0.217614,33.894971,permanent_masonry,28860000.0,10,0.1,0.0,0.0,0.0,0.0,0.0
NZA-0078,0.217614,33.894971,permanent_masonry,28860000.0,20,0.05,0.0,0.0,0.0,0.0,0.0
NZA-0078,0.217614,33.894971,permanent_masonry,28860000.0,50,0.02,0.0,0.0,0.0,0.0,0.0
NZA-0078,0.217614,33.894971,permanent_masonry,28860000.0,100,0.01,0.0,0.0,0.0,0.0,0.0
NZA-0078,0.217614,33.894971,permanent_masonry,28860000.0,200,0.005,0.0,0.0,0.0,0.0,0.0
NZA-0078,0.217614,33.894971,permanent_masonry,28860000.0,500,0.002,0.0,0.0,0.0,0.0,0.0
NZA-0079,0.524414,34.338563,informal_iron_sheet,765000.0,10,0.1,0.0,0.0,0.0,0.0,0.0
NZA-0079,0.524414,34.338563,informal_iron_sheet,765000.0,20,0.05,0.0,0.0,0.0,0.0,0.0
NZA-0079,0.524414,34.338563,informal_iron_sheet,765000.0,50,0.02,0.0,0.0,0.0,0.0,0.0
NZA-0079,0.524414,34.338563,informal_iron_sheet,765000.0,100,0.01,0.0,0.0,0.0,0.0,0.0
NZA-0079,0.524414,34.338563,informal_iron_sheet,765000.0,200,0.005,0.0,0.0,0.0,0.0,0.0
NZA-0079,0.524414,34.338563,informal_iron_sheet,765000.0,500,0.002,0.0,0.0,0.0,0.0,0.0
NZA-0080,1.176979,34.44922,permanent_masonry,48800000.0,10,0.1,0.0,0.0,0.0,0.0,0.0
NZA-0080,1.176979,34.44922,permanent_masonry,48800000.0,20,0.05,0.0,0.0,0.0,0.0,0.0
NZA-0080,1.176979,34.44922,permanent_masonry,48800000.0,50,0.02,0.0,0.0,0.0,0.0,0.0
NZA-0080,1.176979,34.44922,permanent_masonry,48800000.0,100,0.01,0.0,0.0,0.0,0.0,0.0
NZA-0080,1.176979,34.44922,permanent_masonry,48800000.0,200,0.005,0.0,0.0,0.0,0.0,0.0
NZA-0080,1.176979,34.44922,permanent_masonry,48800000.0,500,0.002,0.0,0.0,0.0,0.0,0.0
NZA-0081,0.828157,35.14608,semi_permanent,9430000.0,10,0.1,0.0,0.0,0.0,0.0,0.0
NZA-0081,0.828157,35.14608,semi_permanent,9430000.0,20,0.05,0.0,0.0,0.0,0.0,0.0
NZA-0081,0.828157,35.14608,semi_permanent,9430000.0,50,0.02,0.0,0.0,0.0,0.0,0.0
NZA-0081,0.828157,35.14608,semi_permanent,9430000.0,100,0.01,0.0,0.0,0.0,0.0,0.0
NZA-0081,0.828157,35.14608,semi_permanent,9430000.0,200,0.005,0.0,0.0,0.0,0.0,0.0
NZA-0081,0.828157,35.14608,semi_permanent,9430000.0,500,0.002,0.0,0.0,0.0,0.0,0.0
NZA-0082,0.12854,34.738688,semi_permanent,6480000.0,10,0.1,0.0,0.0,0.0,0.0,0.0
NZA-0082,0.12854,34.738688,semi_permanent,6480000.0,20,0.05,0.0,0.0,0.0,0.0,0.0
NZA-0082,0.12854,34.738688,semi_permanent,6480000.0,50,0.02,0.0,0.0,0.0,0.0,0.0
NZA-0082,0.12854,34.738688,semi_permanent,6480000.0,100,0.01,0.0,0.0,0.0,0.0,0.0
NZA-0082,0.12854,34.738688,semi_permanent,6480000.0,200,0.005,0.0,0.0,0.0,0.0,0.0
NZA-0082,0.12854,34.738688,semi_permanent,6480000.0,500,0.002,0.0,0.0,0.0,0.0,0.0
NZA-0083,0.685219,33.810696,semi_permanent,3360000.0,10,0.1,0.0,0.0,0.0,0.0,0.0
NZA-0083,0.685219,33.810696,semi_permanent,3360000.0,20,0.05,0.0,0.0,0.0,0.0,0.0
NZA-0083,0.685219,33.810696,semi_permanent,3360000.0,50,0.02,0.0,0.0,0.0,0.0,0.0
NZA-0083,0.685219,33.810696,semi_permanent,3360000.0,100,0.01,0.0,0.0,0.0,0.0,0.0
NZA-0083,0.685219,33.810696,semi_permanent,3360000.0,200,0.005,0.0,0.0,0.0,0.0,0.0
NZA-0083,0.685219,33.810696,semi_permanent,3360000.0,500,0.002,0.0,0.0,0.0,0.0,0.0
NZA-0084,0.333454,34.820253,semi_permanent,3590000.0,10,0.1,0.0,0.0,0.0,0.0,0.0
NZA-0084,0.333454,34.820253,semi_permanent,3590000.0,20,0.05,0.0,0.0,0.0,0.0,0.0
NZA-0084,0.333454,34.820253,semi_permanent,3590000.0,50,0.02,0.0,0.0,0.0,0.0,0.0
NZA-0084,0.333454,34.820253,semi_permanent,3590000.0,100,0.01,0.0,0.0,0.0,0.0,0.0
NZA-0084,0.333454,34.820253,semi_permanent,3590000.0,200,0.005,0.0,0.0,0.0,0.0,0.0
NZA-0084,0.333454,34.820253,semi_permanent,3590000.0,500,0.002,0.0,0.0,0.0,0.0,0.0
NZA-0085,-0.170039,35.130264,concrete_rcc,262130000.0,10,0.1,0.0,0.0,0.0,0.0,0.0
NZA-0085,-0.170039,35.130264,concrete_rcc,262130000.0,20,0.05,0.0,0.0,0.0,0.0,0.0
NZA-0085,-0.170039,35.130264,concrete_rcc,262130000.0,50,0.02,0.0,0.0,0.0,0.0,0.0
NZA-0085,-0.170039,35.130264,concrete_rcc,262130000.0,100,0.01,0.0,0.0,0.0,0.0,0.0
NZA-0085,-0.170039,35.130264,concrete_rcc,262130000.0,200,0.005,0.0,0.0,0.0,0.0,0.0
NZA-0085,-0.170039,35.130264,concrete_rcc,262130000.0,500,0.002,0.0,0.0,0.0,0.0,0.0
NZA-0086,0.410034,33.841346,informal_iron_sheet,885000.0,10,0.1,0.0,0.0,0.0,0.0,0.0
NZA-0086,0.410034,33.841346,informal_iron_sheet,885000.0,20,0.05,0.0,0.0,0.0,0.0,0.0
NZA-0086,0.410034,33.841346,informal_iron_sheet,885000.0,50,0.02,0.0,0.0,0.0,0.0,0.0
NZA-0086,0.410034,33.841346,informal_iron_sheet,885000.0,100,0.01,0.0,0.0,0.0,0.0,0.0
NZA-0086,0.410034,33.841346,informal_iron_sheet,885000.0,200,0.005,0.0,0.0,0.0,0.0,0.0
NZA-0086,0.410034,33.841346,informal_iron_sheet,885000.0,500,0.002,0.0,0.0,0.0,0.0,0.0
NZA-0087,1.270221,35.260435,permanent_masonry,43210000.0,10,0.1,0.0,0.0,0.0,0.0,0.0
NZA-0087,1.270221,35.260435,permanent_masonry,43210000.0,20,0.05,0.0,0.0,0.0,0.0,0.0
NZA-0087,1.270221,35.260435,permanent_masonry,43210000.0,50,0.02,0.0,0.0,0.0,0.0,0.0
NZA-0087,1.270221,35.260435,permanent_masonry,43210000.0,100,0.01,0.0,0.0,0.0,0.0,0.0
NZA-0087,1.270221,35.260435,permanent_masonry,43210000.0,200,0.005,0.0,0.0,0.0,0.0,0.0
NZA-0087,1.270221,35.260435,permanent_masonry,43210000.0,500,0.002,0.0,0.0,0.0,0.0,0.0
NZA-0088,0.765436,33.808763,informal_iron_sheet,970000.0,10,0.1,0.0,0.0,0.0,0.0,0.0
NZA-0088,0.765436,33.808763,informal_iron_sheet,970000.0,20,0.05,0.0,0.0,0.0,0.0,0.0
NZA-0088,0.765436,33.808763,informal_iron_sheet,970000.0,50,0.02,0.0,0.0,0.0,0.0,0.0
NZA-0088,0.765436,33.808763,informal_iron_sheet,970000.0,100,0.01,0.0,0.0,0.0,0.0,0.0
NZA-0088,0.765436,33.808763,informal_iron_sheet,970000.0,200,0.005,0.0,0.0,0.0,0.0,0.0
NZA-0088,0.765436,33.808763,informal_iron_sheet,970000.0,500,0.002,0.0,0.0,0.0,0.0,0.0
NZA-0089,0.701375,34.877199,informal_iron_sheet,835000.0,10,0.1,0.0,0.0,0.0,0.0,0.0
NZA-0089,0.701375,34.877199,informal_iron_sheet,835000.0,20,0.05,0.0,0.0,0.0,0.0,0.0
NZA-0089,0.701375,34.877199,informal_iron_sheet,835000.0,50,0.02,0.0,0.0,0.0,0.0,0.0
NZA-0089,0.701375,34.877199,informal_iron_sheet,835000.0,100,0.01,0.0,0.0,0.0,0.0,0.0
NZA-0089,0.701375,34.877199,informal_iron_sheet,835000.0,200,0.005,0.0,0.0,0.0,0.0,0.0
NZA-0089,0.701375,34.877199,informal_iron_sheet,835000.0,500,0.002,0.0,0.0,0.0,0.0,0.0
NZA-0090,0.648595,34.32347,concrete_rcc,204005000.0,10,0.1,0.0,0.0,0.0,0.0,0.0
NZA-0090,0.648595,34.32347,concrete_rcc,204005000.0,20,0.05,0.0,0.0,0.0,0.0,0.0
NZA-0090,0.648595,34.32347,concrete_rcc,204005000.0,50,0.02,0.0,0.0,0.0,0.0,0.0
NZA-0090,0.648595,34.32347,concrete_rcc,204005000.0,100,0.01,0.0,0.0,0.0,0.0,0.0
NZA-0090,0.648595,34.32347,concrete_rcc,204005000.0,200,0.005,0.0,0.0,0.0,0.0,0.0
NZA-0090,0.648595,34.32347,concrete_rcc,204005000.0,500,0.002,0.0,0.0,0.0,0.0,0.0
NZA-0091,1.116301,34.555812,semi_permanent,2735000.0,10,0.1,0.0,0.0,0.0,0.0,0.0
NZA-0091,1.116301,34.555812,semi_permanent,2735000.0,20,0.05,0.0,0.0,0.0,0.0,0.0
NZA-0091,1.116301,34.555812,semi_permanent,2735000.0,50,0.02,0.0,0.0,0.0,0.0,0.0
NZA-0091,1.116301,34.555812,semi_permanent,2735000.0,100,0.01,0.0,0.0,0.0,0.0,0.0
NZA-0091,1.116301,34.555812,semi_permanent,2735000.0,200,0.005,0.0,0.0,0.0,0.0,0.0
NZA-0091,1.116301,34.555812,semi_permanent,2735000.0,500,0.002,0.0,0.0,0.0,0.0,0.0
NZA-0092,0.367428,33.998338,semi_permanent,4700000.0,10,0.1,0.0,0.0,0.0,0.0,0.0
NZA-0092,0.367428,33.998338,semi_permanent,4700000.0,20,0.05,0.0,0.0,0.0,0.0,0.0
NZA-0092,0.367428,33.998338,semi_permanent,4700000.0,50,0.02,0.0,0.0,0.0,0.0,0.0
NZA-0092,0.367428,33.998338,semi_permanent,4700000.0,100,0.01,0.0,0.0,0.0,0.0,0.0
NZA-0092,0.367428,33.998338,semi_permanent,4700000.0,200,0.005,0.0,0.0,0.0,0.0,0.0
NZA-0092,0.367428,33.998338,semi_permanent,4700000.0,500,0.002,0.0,0.0,0.0,0.0,0.0
NZA-0093,-0.233324,33.994118,permanent_masonry,43660000.0,10,0.1,0.47999998927116394,0.1298416079345218,5668884.602421221,873200.0,4795684.602421221
NZA-0093,-0.233324,33.994118,permanent_masonry,43660000.0,20,0.05,0.5299999713897705,0.1298416079345218,5668884.602421221,873200.0,4795684.602421221
NZA-0093,-0.233324,33.994118,permanent_masonry,43660000.0,50,0.02,0.5899999737739563,0.13035876790991588,5691463.806946928,873200.0,4818263.806946928
NZA-0093,-0.233324,33.994118,permanent_masonry,43660000.0,100,0.01,0.6299999952316284,0.14009585308416467,6116584.94565463,873200.0,5243384.94565463
NZA-0093,-0.233324,33.994118,permanent_masonry,43660000.0,200,0.005,0.6600000262260437,0.14293638780803541,6240602.691698826,873200.0,5367402.691698826
NZA-0093,-0.233324,33.994118,permanent_masonry,43660000.0,500,0.002,0.7099999785423279,0.15664188295450848,6838984.60979384,873200.0,5965784.60979384
NZA-0094,0.30929,34.182535,semi_permanent,3650000.0,10,0.1,0.0,0.0,0.0,0.0,0.0
NZA-0094,0.30929,34.182535,semi_permanent,3650000.0,20,0.05,0.0,0.0,0.0,0.0,0.0
NZA-0094,0.30929,34.182535,semi_permanent,3650000.0,50,0.02,0.0,0.0,0.0,0.0,0.0
NZA-0094,0.30929,34.182535,semi_permanent,3650000.0,100,0.01,0.0,0.0,0.0,0.0,0.0
NZA-0094,0.30929,34.182535,semi_permanent,3650000.0,200,0.005,0.0,0.0,0.0,0.0,0.0
NZA-0094,0.30929,34.182535,semi_permanent,3650000.0,500,0.002,0.0,0.0,0.0,0.0,0.0
NZA-0095,-0.274253,35.056461,permanent_masonry,44080000.0,10,0.1,0.0,0.0,0.0,0.0,0.0
NZA-0095,-0.274253,35.056461,permanent_masonry,44080000.0,20,0.05,0.0,0.0,0.0,0.0,0.0
NZA-0095,-0.274253,35.056461,permanent_masonry,44080000.0,50,0.02,0.0,0.0,0.0,0.0,0.0
NZA-0095,-0.274253,35.056461,permanent_masonry,44080000.0,100,0.01,0.0,0.0,0.0,0.0,0.0
NZA-0095,-0.274253,35.056461,permanent_masonry,44080000.0,200,0.005,0.0,0.0,0.0,0.0,0.0
NZA-0095,-0.274253,35.056461,permanent_masonry,44080000.0,500,0.002,0.0,0.0,0.0,0.0,0.0
NZA-0096,0.55448,35.121635,semi_permanent,3905000.0,10,0.1,0.0,0.0,0.0,0.0,0.0
NZA-0096,0.55448,35.121635,semi_permanent,3905000.0,20,0.05,0.0,0.0,0.0,0.0,0.0
NZA-0096,0.55448,35.121635,semi_permanent,3905000.0,50,0.02,0.0,0.0,0.0,0.0,0.0
NZA-0096,0.55448,35.121635,semi_permanent,3905000.0,100,0.01,0.0,0.0,0.0,0.0,0.0
NZA-0096,0.55448,35.121635,semi_permanent,3905000.0,200,0.005,0.0,0.0,0.0,0.0,0.0
NZA-0096,0.55448,35.121635,semi_permanent,3905000.0,500,0.002,0.0,0.0,0.0,0.0,0.0
NZA-0097,1.13978,35.045193,semi_permanent,3530000.0,10,0.1,0.0,0.0,0.0,0.0,0.0
NZA-0097,1.13978,35.045193,semi_permanent,3530000.0,20,0.05,0.0,0.0,0.0,0.0,0.0
NZA-0097,1.13978,35.045193,semi_permanent,3530000.0,50,0.02,0.0,0.0,0.0,0.0,0.0
NZA-0097,1.13978,35.045193,semi_permanent,3530000.0,100,0.01,0.0,0.0,0.0,0.0,0.0
NZA-0097,1.13978,35.045193,semi_permanent,3530000.0,200,0.005,0.0,0.0,0.0,0.0,0.0
NZA-0097,1.13978,35.045193,semi_permanent,3530000.0,500,0.002,0.0,0.0,0.0,0.0,0.0
NZA-0098,0.287208,34.272346,semi_permanent,3160000.0,10,0.1,0.0,0.0,0.0,0.0,0.0
NZA-0098,0.287208,34.272346,semi_permanent,3160000.0,20,0.05,0.0,0.0,0.0,0.0,0.0
NZA-0098,0.287208,34.272346,semi_permanent,3160000.0,50,0.02,0.0,0.0,0.0,0.0,0.0
NZA-0098,0.287208,34.272346,semi_permanent,3160000.0,100,0.01,0.0,0.0,0.0,0.0,0.0
NZA-0098,0.287208,34.272346,semi_permanent,3160000.0,200,0.005,0.0,0.0,0.0,0.0,0.0
NZA-0098,0.287208,34.272346,semi_permanent,3160000.0,500,0.002,0.0,0.0,0.0,0.0,0.0
NZA-0099,0.466166,34.278975,semi_permanent,4895000.0,10,0.1,0.0,0.0,0.0,0.0,0.0
NZA-0099,0.466166,34.278975,semi_permanent,4895000.0,20,0.05,0.0,0.0,0.0,0.0,0.0
NZA-0099,0.466166,34.278975,semi_permanent,4895000.0,50,0.02,0.0,0.0,0.0,0.0,0.0
NZA-0099,0.466166,34.278975,semi_permanent,4895000.0,100,0.01,0.0,0.0,0.0,0.0,0.0
NZA-0099,0.466166,34.278975,semi_permanent,4895000.0,200,0.005,0.0,0.0,0.0,0.0,0.0
NZA-0099,0.466166,34.278975,semi_permanent,4895000.0,500,0.002,0.0,0.0,0.0,0.0,0.0
NZA-0100,1.005207,34.458564,semi_permanent,2120000.0,10,0.1,0.0,0.0,0.0,0.0,0.0
NZA-0100,1.005207,34.458564,semi_permanent,2120000.0,20,0.05,0.0,0.0,0.0,0.0,0.0
NZA-0100,1.005207,34.458564,semi_permanent,2120000.0,50,0.02,0.0,0.0,0.0,0.0,0.0
NZA-0100,1.005207,34.458564,semi_permanent,2120000.0,100,0.01,0.0,0.0,0.0,0.0,0.0
NZA-0100,1.005207,34.458564,semi_permanent,2120000.0,200,0.005,0.0,0.0,0.0,0.0,0.0
NZA-0100,1.005207,34.458564,semi_permanent,2120000.0,500,0.002,0.0,0.0,0.0,0.0,0.0
NZA-0101,0.937372,33.9658,permanent_masonry,23830000.0,10,0.1,0.0,0.0,0.0,0.0,0.0
NZA-0101,0.937372,33.9658,permanent_masonry,23830000.0,20,0.05,0.0,0.0,0.0,0.0,0.0
NZA-0101,0.937372,33.9658,permanent_masonry,23830000.0,50,0.02,0.0,0.0,0.0,0.0,0.0
NZA-0101,0.937372,33.9658,permanent_masonry,23830000.0,100,0.01,0.0,0.0,0.0,0.0,0.0
NZA-0101,0.937372,33.9658,permanent_masonry,23830000.0,200,0.005,0.0,0.0,0.0,0.0,0.0
NZA-0101,0.937372,33.9658,permanent_masonry,23830000.0,500,0.002,0.0,0.0,0.0,0.0,0.0
NZA-0102,0.108665,34.357779,informal_iron_sheet,935000.0,10,0.1,0.0,0.0,0.0,0.0,0.0
NZA-0102,0.108665,34.357779,informal_iron_sheet,935000.0,20,0.05,0.0,0.0,0.0,0.0,0.0
NZA-0102,0.108665,34.357779,informal_iron_sheet,935000.0,50,0.02,0.0,0.0,0.0,0.0,0.0
NZA-0102,0.108665,34.357779,informal_iron_sheet,935000.0,100,0.01,0.0,0.0,0.0,0.0,0.0
NZA-0102,0.108665,34.357779,informal_iron_sheet,935000.0,200,0.005,0.0,0.0,0.0,0.0,0.0
NZA-0102,0.108665,34.357779,informal_iron_sheet,935000.0,500,0.002,0.0,0.0,0.0,0.0,0.0
NZA-0103,1.268372,34.631029,concrete_rcc,143100000.0,10,0.1,0.0,0.0,0.0,0.0,0.0
NZA-0103,1.268372,34.631029,concrete_rcc,143100000.0,20,0.05,0.0,0.0,0.0,0.0,0.0
NZA-0103,1.268372,34.631029,concrete_rcc,143100000.0,50,0.02,0.0,0.0,0.0,0.0,0.0
NZA-0103,1.268372,34.631029,concrete_rcc,143100000.0,100,0.01,0.0,0.0,0.0,0.0,0.0
NZA-0103,1.268372,34.631029,concrete_rcc,143100000.0,200,0.005,0.0,0.0,0.0,0.0,0.0
NZA-0103,1.268372,34.631029,concrete_rcc,143100000.0,500,0.002,0.0,0.0,0.0,0.0,0.0
NZA-0104,0.841549,34.199113,semi_permanent,3640000.0,10,0.1,0.0,0.0,0.0,0.0,0.0
NZA-0104,0.841549,34.199113,semi_permanent,3640000.0,20,0.05,0.0,0.0,0.0,0.0,0.0
NZA-0104,0.841549,34.199113,semi_permanent,3640000.0,50,0.02,0.0,0.0,0.0,0.0,0.0
NZA-0104,0.841549,34.199113,semi_permanent,3640000.0,100,0.01,0.0,0.0,0.0,0.0,0.0
NZA-0104,0.841549,34.199113,semi_permanent,3640000.0,200,0.005,0.0,0.0,0.0,0.0,0.0
NZA-0104,0.841549,34.199113,semi_permanent,3640000.0,500,0.002,0.0,0.0,0.0,0.0,0.0
NZA-0105,-0.085248,33.982683,permanent_masonry,31950000.0,10,0.1,0.36000001430511475,0.1298416079345218,4148439.3735079714,639000.0,3509439.3735079714
NZA-0105,-0.085248,33.982683,permanent_masonry,31950000.0,20,0.05,0.4099999964237213,0.1298416079345218,4148439.3735079714,639000.0,3509439.3735079714
NZA-0105,-0.085248,33.982683,permanent_masonry,31950000.0,50,0.02,0.4699999988079071,0.1298416079345218,4148439.3735079714,639000.0,3509439.3735079714
NZA-0105,-0.085248,33.982683,permanent_masonry,31950000.0,100,0.01,0.5099999904632568,0.1298416079345218,4148439.3735079714,639000.0,3509439.3735079714
NZA-0105,-0.085248,33.982683,permanent_masonry,31950000.0,200,0.005,0.550000011920929,0.1298416079345218,4148439.3735079714,639000.0,3509439.3735079714
NZA-0105,-0.085248,33.982683,permanent_masonry,31950000.0,500,0.002,0.6100000143051147,0.13035876790991588,4164962.6347218123,639000.0,3525962.6347218123
NZA-0106,-0.032723,33.849705,informal_iron_sheet,2485000.0,10,0.1,0.46000000834465027,0.16620403524024446,413017.0275720075,49700.0,363317.0275720075
NZA-0106,-0.032723,33.849705,informal_iron_sheet,2485000.0,20,0.05,0.5,0.16620403524024446,413017.0275720075,49700.0,363317.0275720075
NZA-0106,-0.032723,33.849705,informal_iron_sheet,2485000.0,50,0.02,0.5600000023841858,0.16620403524024446,413017.0275720075,49700.0,363317.0275720075
NZA-0106,-0.032723,33.849705,informal_iron_sheet,2485000.0,100,0.01,0.6000000238418579,0.17478094796119922,434330.6556835801,49700.0,384630.6556835801
NZA-0106,-0.032723,33.849705,informal_iron_sheet,2485000.0,200,0.005,0.6399999856948853,0.1885011567393359,468425.3744972497,49700.0,418725.3744972497
NZA-0106,-0.032723,33.849705,informal_iron_sheet,2485000.0,500,0.002,0.6800000071525574,0.21095673352894867,524227.48281943746,49700.0,474527.48281943746
NZA-0107,0.025416,34.471492,informal_iron_sheet,870000.0,10,0.1,0.0,0.0,0.0,0.0,0.0
NZA-0107,0.025416,34.471492,informal_iron_sheet,870000.0,20,0.05,0.0,0.0,0.0,0.0,0.0
NZA-0107,0.025416,34.471492,informal_iron_sheet,870000.0,50,0.02,0.0,0.0,0.0,0.0,0.0
NZA-0107,0.025416,34.471492,informal_iron_sheet,870000.0,100,0.01,0.0,0.0,0.0,0.0,0.0
NZA-0107,0.025416,34.471492,informal_iron_sheet,870000.0,200,0.005,0.0,0.0,0.0,0.0,0.0
NZA-0107,0.025416,34.471492,informal_iron_sheet,870000.0,500,0.002,0.0,0.0,0.0,0.0,0.0
NZA-0108,1.232718,34.600323,semi_permanent,3870000.0,10,0.1,0.0,0.0,0.0,0.0,0.0
NZA-0108,1.232718,34.600323,semi_permanent,3870000.0,20,0.05,0.0,0.0,0.0,0.0,0.0
NZA-0108,1.232718,34.600323,semi_permanent,3870000.0,50,0.02,0.0,0.0,0.0,0.0,0.0
NZA-0108,1.232718,34.600323,semi_permanent,3870000.0,100,0.01,0.0,0.0,0.0,0.0,0.0
NZA-0108,1.232718,34.600323,semi_permanent,3870000.0,200,0.005,0.0,0.0,0.0,0.0,0.0
NZA-0108,1.232718,34.600323,semi_permanent,3870000.0,500,0.002,0.0,0.0,0.0,0.0,0.0
NZA-0109,0.915031,34.220677,semi_permanent,3175000.0,10,0.1,0.0,0.0,0.0,0.0,0.0
NZA-0109,0.915031,34.220677,semi_permanent,3175000.0,20,0.05,0.0,0.0,0.0,0.0,0.0
NZA-0109,0.915031,34.220677,semi_permanent,3175000.0,50,0.02,0.0,0.0,0.0,0.0,0.0
NZA-0109,0.915031,34.220677,semi_permanent,3175000.0,100,0.01,0.0,0.0,0.0,0.0,0.0
NZA-0109,0.915031,34.220677,semi_permanent,3175000.0,200,0.005,0.0,0.0,0.0,0.0,0.0
NZA-0109,0.915031,34.220677,semi_permanent,3175000.0,500,0.002,0.0,0.0,0.0,0.0,0.0
NZA-0110,1.251304,33.71429,informal_iron_sheet,765000.0,10,0.1,0.0,0.0,0.0,0.0,0.0
NZA-0110,1.251304,33.71429,informal_iron_sheet,765000.0,20,0.05,0.0,0.0,0.0,0.0,0.0
NZA-0110,1.251304,33.71429,informal_iron_sheet,765000.0,50,0.02,0.0,0.0,0.0,0.0,0.0
NZA-0110,1.251304,33.71429,informal_iron_sheet,765000.0,100,0.01,0.0,0.0,0.0,0.0,0.0
NZA-0110,1.251304,33.71429,informal_iron_sheet,765000.0,200,0.005,0.0,0.0,0.0,0.0,0.0
NZA-0110,1.251304,33.71429,informal_iron_sheet,765000.0,500,0.002,0.0,0.0,0.0,0.0,0.0
NZA-0111,1.054713,34.501981,informal_iron_sheet,650000.0,10,0.1,0.0,0.0,0.0,0.0,0.0
NZA-0111,1.054713,34.501981,informal_iron_sheet,650000.0,20,0.05,0.0,0.0,0.0,0.0,0.0
NZA-0111,1.054713,34.501981,informal_iron_sheet,650000.0,50,0.02,0.0,0.0,0.0,0.0,0.0
NZA-0111,1.054713,34.501981,informal_iron_sheet,650000.0,100,0.01,0.0,0.0,0.0,0.0,0.0
NZA-0111,1.054713,34.501981,informal_iron_sheet,650000.0,200,0.005,0.0,0.0,0.0,0.0,0.0
NZA-0111,1.054713,34.501981,informal_iron_sheet,650000.0,500,0.002,0.0,0.0,0.0,0.0,0.0
NZA-0112,0.534791,35.321616,informal_iron_sheet,1210000.0,10,0.1,0.0,0.0,0.0,0.0,0.0
NZA-0112,0.534791,35.321616,informal_iron_sheet,1210000.0,20,0.05,0.0,0.0,0.0,0.0,0.0
NZA-0112,0.534791,35.321616,informal_iron_sheet,1210000.0,50,0.02,0.0,0.0,0.0,0.0,0.0
NZA-0112,0.534791,35.321616,informal_iron_sheet,1210000.0,100,0.01,0.0,0.0,0.0,0.0,0.0
NZA-0112,0.534791,35.321616,informal_iron_sheet,1210000.0,200,0.005,0.0,0.0,0.0,0.0,0.0
NZA-0112,0.534791,35.321616,informal_iron_sheet,1210000.0,500,0.002,0.0,0.0,0.0,0.0,0.0
NZA-0113,1.073646,34.684736,permanent_masonry,112705000.0,10,0.1,0.0,0.0,0.0,0.0,0.0
NZA-0113,1.073646,34.684736,permanent_masonry,112705000.0,20,0.05,0.0,0.0,0.0,0.0,0.0
NZA-0113,1.073646,34.684736,permanent_masonry,112705000.0,50,0.02,0.0,0.0,0.0,0.0,0.0
NZA-0113,1.073646,34.684736,permanent_masonry,112705000.0,100,0.01,0.0,0.0,0.0,0.0,0.0
NZA-0113,1.073646,34.684736,permanent_masonry,112705000.0,200,0.005,0.0,0.0,0.0,0.0,0.0
NZA-0113,1.073646,34.684736,permanent_masonry,112705000.0,500,0.002,0.0,0.0,0.0,0.0,0.0
NZA-0114,0.148965,34.514328,semi_permanent,3840000.0,10,0.1,0.0,0.0,0.0,0.0,0.0
NZA-0114,0.148965,34.514328,semi_permanent,3840000.0,20,0.05,0.0,0.0,0.0,0.0,0.0
NZA-0114,0.148965,34.514328,semi_permanent,3840000.0,50,0.02,0.0,0.0,0.0,0.0,0.0
NZA-0114,0.148965,34.514328,semi_permanent,3840000.0,100,0.01,0.0,0.0,0.0,0.0,0.0
NZA-0114,0.148965,34.514328,semi_permanent,3840000.0,200,0.005,0.0,0.0,0.0,0.0,0.0
NZA-0114,0.148965,34.514328,semi_permanent,3840000.0,500,0.002,0.0,0.0,0.0,0.0,0.0
NZA-0115,0.740535,34.471813,permanent_masonry,34320000.0,10,0.1,0.0,0.0,0.0,0.0,0.0
NZA-0115,0.740535,34.471813,permanent_masonry,34320000.0,20,0.05,0.0,0.0,0.0,0.0,0.0
NZA-0115,0.740535,34.471813,permanent_masonry,34320000.0,50,0.02,0.0,0.0,0.0,0.0,0.0
NZA-0115,0.740535,34.471813,permanent_masonry,34320000.0,100,0.01,0.0,0.0,0.0,0.0,0.0
NZA-0115,0.740535,34.471813,permanent_masonry,34320000.0,200,0.005,0.0,0.0,0.0,0.0,0.0
NZA-0115,0.740535,34.471813,permanent_masonry,34320000.0,500,0.002,0.0,0.0,0.0,0.0,0.0
NZA-0116,0.780175,34.262123,semi_permanent,5885000.0,10,0.1,0.0,0.0,0.0,0.0,0.0
NZA-0116,0.780175,34.262123,semi_permanent,5885000.0,20,0.05,0.0,0.0,0.0,0.0,0.0
NZA-0116,0.780175,34.262123,semi_permanent,5885000.0,50,0.02,0.0,0.0,0.0,0.0,0.0
NZA-0116,0.780175,34.262123,semi_permanent,5885000.0,100,0.01,0.0,0.0,0.0,0.0,0.0
NZA-0116,0.780175,34.262123,semi_permanent,5885000.0,200,0.005,0.0,0.0,0.0,0.0,0.0
NZA-0116,0.780175,34.262123,semi_permanent,5885000.0,500,0.002,0.0,0.0,0.0,0.0,0.0
NZA-0117,0.95021,34.707419,concrete_rcc,445480000.0,10,0.1,0.0,0.0,0.0,0.0,0.0
NZA-0117,0.95021,34.707419,concrete_rcc,445480000.0,20,0.05,0.0,0.0,0.0,0.0,0.0
NZA-0117,0.95021,34.707419,concrete_rcc,445480000.0,50,0.02,0.0,0.0,0.0,0.0,0.0
NZA-0117,0.95021,34.707419,concrete_rcc,445480000.0,100,0.01,0.0,0.0,0.0,0.0,0.0
NZA-0117,0.95021,34.707419,concrete_rcc,445480000.0,200,0.005,0.0,0.0,0.0,0.0,0.0
NZA-0117,0.95021,34.707419,concrete_rcc,445480000.0,500,0.002,0.0,0.0,0.0,0.0,0.0
NZA-0118,1.064374,34.026167,semi_permanent,3670000.0,10,0.1,0.0,0.0,0.0,0.0,0.0
NZA-0118,1.064374,34.026167,semi_permanent,3670000.0,20,0.05,0.0,0.0,0.0,0.0,0.0
NZA-0118,1.064374,34.026167,semi_permanent,3670000.0,50,0.02,0.0,0.0,0.0,0.0,0.0
NZA-0118,1.064374,34.026167,semi_permanent,3670000.0,100,0.01,0.0,0.0,0.0,0.0,0.0
NZA-0118,1.064374,34.026167,semi_permanent,3670000.0,200,0.005,0.0,0.0,0.0,0.0,0.0
NZA-0118,1.064374,34.026167,semi_permanent,3670000.0,500,0.002,0.0,0.0,0.0,0.0,0.0
NZA-0119,1.166562,35.217196,informal_iron_sheet,2745000.0,10,0.1,0.0,0.0,0.0,0.0,0.0
NZA-0119,1.166562,35.217196,informal_iron_sheet,2745000.0,20,0.05,0.0,0.0,0.0,0.0,0.0
NZA-0119,1.166562,35.217196,informal_iron_sheet,2745000.0,50,0.02,0.0,0.0,0.0,0.0,0.0
NZA-0119,1.166562,35.217196,informal_iron_sheet,2745000.0,100,0.01,0.0,0.0,0.0,0.0,0.0
NZA-0119,1.166562,35.217196,informal_iron_sheet,2745000.0,200,0.005,0.0,0.0,0.0,0.0,0.0
NZA-0119,1.166562,35.217196,informal_iron_sheet,2745000.0,500,0.002,0.0,0.0,0.0,0.0,0.0
NZA-0120,-0.116746,34.471442,concrete_rcc,112990000.0,10,0.1,0.0,0.0,0.0,0.0,0.0
NZA-0120,-0.116746,34.471442,concrete_rcc,112990000.0,20,0.05,0.0,0.0,0.0,0.0,0.0
NZA-0120,-0.116746,34.471442,concrete_rcc,112990000.0,50,0.02,0.0,0.0,0.0,0.0,0.0
NZA-0120,-0.116746,34.471442,concrete_rcc,112990000.0,100,0.01,0.0,0.0,0.0,0.0,0.0
NZA-0120,-0.116746,34.471442,concrete_rcc,112990000.0,200,0.005,0.0,0.0,0.0,0.0,0.0
NZA-0120,-0.116746,34.471442,concrete_rcc,112990000.0,500,0.002,0.0,0.0,0.0,0.0,0.0
NZA-0121,-0.273176,34.832228,informal_iron_sheet,1335000.0,10,0.1,0.7799999713897705,0.25682121401093166,342856.3207045938,26700.0,316156.3207045938
NZA-0121,-0.273176,34.832228,informal_iron_sheet,1335000.0,20,0.05,0.8999999761581421,0.30218336044644395,403414.7861960027,26700.0,376714.7861960027
NZA-0121,-0.273176,34.832228,informal_iron_sheet,1335000.0,50,0.02,1.0299999713897705,0.35345393977371825,471861.0095979139,26700.0,445161.0095979139
NZA-0121,-0.273176,34.832228,informal_iron_sheet,1335000.0,100,0.01,1.1200000047683716,0.38323016360261253,511612.26840948773,26700.0,484912.26840948773
NZA-0121,-0.273176,34.832228,informal_iron_sheet,1335000.0,200,0.005,1.2000000476837158,0.4095405424973336,546736.6242339404,26700.0,520036.6242339404
NZA-0121,-0.273176,34.832228,informal_iron_sheet,1335000.0,500,0.002,1.2899999618530273,0.4440609612582942,592821.3832798228,26700.0,566121.3832798228
NZA-0122,0.393685,33.808057,permanent_masonry,32700000.0,10,0.1,0.0,0.0,0.0,0.0,0.0
NZA-0122,0.393685,33.808057,permanent_masonry,32700000.0,20,0.05,0.0,0.0,0.0,0.0,0.0
NZA-0122,0.393685,33.808057,permanent_masonry,32700000.0,50,0.02,0.0,0.0,0.0,0.0,0.0
NZA-0122,0.393685,33.808057,permanent_masonry,32700000.0,100,0.01,0.0,0.0,0.0,0.0,0.0
NZA-0122,0.393685,33.808057,permanent_masonry,32700000.0,200,0.005,0.0,0.0,0.0,0.0,0.0
NZA-0122,0.393685,33.808057,permanent_masonry,32700000.0,500,0.002,0.0,0.0,0.0,0.0,0.0
NZA-0123,0.905739,34.322729,semi_permanent,6760000.0,10,0.1,0.0,0.0,0.0,0.0,0.0
NZA-0123,0.905739,34.322729,semi_permanent,6760000.0,20,0.05,0.0,0.0,0.0,0.0,0.0
NZA-0123,0.905739,34.322729,semi_permanent,6760000.0,50,0.02,0.0,0.0,0.0,0.0,0.0
NZA-0123,0.905739,34.322729,semi_permanent,6760000.0,100,0.01,0.0,0.0,0.0,0.0,0.0
NZA-0123,0.905739,34.322729,semi_permanent,6760000.0,200,0.005,0.0,0.0,0.0,0.0,0.0
NZA-0123,0.905739,34.322729,semi_permanent,6760000.0,500,0.002,0.0,0.0,0.0,0.0,0.0
NZA-0124,0.280358,33.956709,semi_permanent,6855000.0,10,0.1,0.0,0.0,0.0,0.0,0.0
NZA-0124,0.280358,33.956709,semi_permanent,6855000.0,20,0.05,0.0,0.0,0.0,0.0,0.0
NZA-0124,0.280358,33.956709,semi_permanent,6855000.0,50,0.02,0.0,0.0,0.0,0.0,0.0
NZA-0124,0.280358,33.956709,semi_permanent,6855000.0,100,0.01,0.0,0.0,0.0,0.0,0.0
NZA-0124,0.280358,33.956709,semi_permanent,6855000.0,200,0.005,0.0,0.0,0.0,0.0,0.0
NZA-0124,0.280358,33.956709,semi_permanent,6855000.0,500,0.002,0.0,0.0,0.0,0.0,0.0
NZA-0125,1.258103,34.015952,informal_iron_sheet,630000.0,10,0.1,0.0,0.0,0.0,0.0,0.0
NZA-0125,1.258103,34.015952,informal_iron_sheet,630000.0,20,0.05,0.0,0.0,0.0,0.0,0.0
NZA-0125,1.258103,34.015952,informal_iron_sheet,630000.0,50,0.02,0.0,0.0,0.0,0.0,0.0
NZA-0125,1.258103,34.015952,informal_iron_sheet,630000.0,100,0.01,0.0,0.0,0.0,0.0,0.0
NZA-0125,1.258103,34.015952,informal_iron_sheet,630000.0,200,0.005,0.0,0.0,0.0,0.0,0.0
NZA-0125,1.258103,34.015952,informal_iron_sheet,630000.0,500,0.002,0.0,0.0,0.0,0.0,0.0
NZA-0126,1.233615,34.788823,permanent_masonry,107270000.0,10,0.1,0.0,0.0,0.0,0.0,0.0
NZA-0126,1.233615,34.788823,permanent_masonry,107270000.0,20,0.05,0.0,0.0,0.0,0.0,0.0
NZA-0126,1.233615,34.788823,permanent_masonry,107270000.0,50,0.02,0.0,0.0,0.0,0.0,0.0
NZA-0126,1.233615,34.788823,permanent_masonry,107270000.0,100,0.01,0.0,0.0,0.0,0.0,0.0
NZA-0126,1.233615,34.788823,permanent_masonry,107270000.0,200,0.005,0.0,0.0,0.0,0.0,0.0
NZA-0126,1.233615,34.788823,permanent_masonry,107270000.0,500,0.002,0.0,0.0,0.0,0.0,0.0
NZA-0127,0.657424,34.819639,permanent_masonry,59710000.0,10,0.1,0.0,0.0,0.0,0.0,0.0
NZA-0127,0.657424,34.819639,permanent_masonry,59710000.0,20,0.05,0.0,0.0,0.0,0.0,0.0
NZA-0127,0.657424,34.819639,permanent_masonry,59710000.0,50,0.02,0.0,0.0,0.0,0.0,0.0
NZA-0127,0.657424,34.819639,permanent_masonry,59710000.0,100,0.01,0.0,0.0,0.0,0.0,0.0
NZA-0127,0.657424,34.819639,permanent_masonry,59710000.0,200,0.005,0.0,0.0,0.0,0.0,0.0
NZA-0127,0.657424,34.819639,permanent_masonry,59710000.0,500,0.002,0.0,0.0,0.0,0.0,0.0
NZA-0128,1.090665,34.7761,permanent_masonry,76315000.0,10,0.1,0.0,0.0,0.0,0.0,0.0
NZA-0128,1.090665,34.7761,permanent_masonry,76315000.0,20,0.05,0.0,0.0,0.0,0.0,0.0
NZA-0128,1.090665,34.7761,permanent_masonry,76315000.0,50,0.02,0.0,0.0,0.0,0.0,0.0
NZA-0128,1.090665,34.7761,permanent_masonry,76315000.0,100,0.01,0.0,0.0,0.0,0.0,0.0
NZA-0128,1.090665,34.7761,permanent_masonry,76315000.0,200,0.005,0.0,0.0,0.0,0.0,0.0
NZA-0128,1.090665,34.7761,permanent_masonry,76315000.0,500,0.002,0.0,0.0,0.0,0.0,0.0
NZA-0129,0.845693,34.25638,informal_iron_sheet,820000.0,10,0.1,0.0,0.0,0.0,0.0,0.0
NZA-0129,0.845693,34.25638,informal_iron_sheet,820000.0,20,0.05,0.0,0.0,0.0,0.0,0.0
NZA-0129,0.845693,34.25638,informal_iron_sheet,820000.0,50,0.02,0.0,0.0,0.0,0.0,0.0
NZA-0129,0.845693,34.25638,informal_iron_sheet,820000.0,100,0.01,0.0,0.0,0.0,0.0,0.0
NZA-0129,0.845693,34.25638,informal_iron_sheet,820000.0,200,0.005,0.0,0.0,0.0,0.0,0.0
NZA-0129,0.845693,34.25638,informal_iron_sheet,820000.0,500,0.002,0.0,0.0,0.0,0.0,0.0
NZA-0130,0.184154,35.153252,permanent_masonry,19395000.0,10,0.1,0.0,0.0,0.0,0.0,0.0
NZA-0130,0.184154,35.153252,permanent_masonry,19395000.0,20,0.05,0.0,0.0,0.0,0.0,0.0
NZA-0130,0.184154,35.153252,permanent_masonry,19395000.0,50,0.02,0.0,0.0,0.0,0.0,0.0
NZA-0130,0.184154,35.153252,permanent_masonry,19395000.0,100,0.01,0.0,0.0,0.0,0.0,0.0
NZA-0130,0.184154,35.153252,permanent_masonry,19395000.0,200,0.005,0.0,0.0,0.0,0.0,0.0
NZA-0130,0.184154,35.153252,permanent_masonry,19395000.0,500,0.002,0.0,0.0,0.0,0.0,0.0
NZA-0131,0.978099,35.02468,concrete_rcc,139880000.0,10,0.1,0.0,0.0,0.0,0.0,0.0
NZA-0131,0.978099,35.02468,concrete_rcc,139880000.0,20,0.05,0.0,0.0,0.0,0.0,0.0
NZA-0131,0.978099,35.02468,concrete_rcc,139880000.0,50,0.02,0.0,0.0,0.0,0.0,0.0
NZA-0131,0.978099,35.02468,concrete_rcc,139880000.0,100,0.01,0.0,0.0,0.0,0.0,0.0
NZA-0131,0.978099,35.02468,concrete_rcc,139880000.0,200,0.005,0.0,0.0,0.0,0.0,0.0
NZA-0131,0.978099,35.02468,concrete_rcc,139880000.0,500,0.002,0.0,0.0,0.0,0.0,0.0
NZA-0132,0.858911,34.714492,informal_iron_sheet,510000.0,10,0.1,0.0,0.0,0.0,0.0,0.0
NZA-0132,0.858911,34.714492,informal_iron_sheet,510000.0,20,0.05,0.0,0.0,0.0,0.0,0.0
NZA-0132,0.858911,34.714492,informal_iron_sheet,510000.0,50,0.02,0.0,0.0,0.0,0.0,0.0
NZA-0132,0.858911,34.714492,informal_iron_sheet,510000.0,100,0.01,0.0,0.0,0.0,0.0,0.0
NZA-0132,0.858911,34.714492,informal_iron_sheet,510000.0,200,0.005,0.0,0.0,0.0,0.0,0.0
NZA-0132,0.858911,34.714492,informal_iron_sheet,510000.0,500,0.002,0.0,0.0,0.0,0.0,0.0
NZA-0133,1.033917,34.337831,concrete_rcc,122940000.0,10,0.1,0.0,0.0,0.0,0.0,0.0
NZA-0133,1.033917,34.337831,concrete_rcc,122940000.0,20,0.05,0.0,0.0,0.0,0.0,0.0
NZA-0133,1.033917,34.337831,concrete_rcc,122940000.0,50,0.02,0.0,0.0,0.0,0.0,0.0
NZA-0133,1.033917,34.337831,concrete_rcc,122940000.0,100,0.01,0.0,0.0,0.0,0.0,0.0
NZA-0133,1.033917,34.337831,concrete_rcc,122940000.0,200,0.005,0.0,0.0,0.0,0.0,0.0
NZA-0133,1.033917,34.337831,concrete_rcc,122940000.0,500,0.002,0.0,0.0,0.0,0.0,0.0
NZA-0134,-0.164067,34.954761,informal_iron_sheet,1070000.0,10,0.1,0.0,0.0,0.0,0.0,0.0
NZA-0134,-0.164067,34.954761,informal_iron_sheet,1070000.0,20,0.05,0.0,0.0,0.0,0.0,0.0
NZA-0134,-0.164067,34.954761,informal_iron_sheet,1070000.0,50,0.02,0.0,0.0,0.0,0.0,0.0
NZA-0134,-0.164067,34.954761,informal_iron_sheet,1070000.0,100,0.01,0.0,0.0,0.0,0.0,0.0
NZA-0134,-0.164067,34.954761,informal_iron_sheet,1070000.0,200,0.005,0.0,0.0,0.0,0.0,0.0
NZA-0134,-0.164067,34.954761,informal_iron_sheet,1070000.0,500,0.002,0.0,0.0,0.0,0.0,0.0
NZA-0135,0.153592,34.152529,semi_permanent,6510000.0,10,0.1,0.0,0.0,0.0,0.0,0.0
NZA-0135,0.153592,34.152529,semi_permanent,6510000.0,20,0.05,0.0,0.0,0.0,0.0,0.0
NZA-0135,0.153592,34.152529,semi_permanent,6510000.0,50,0.02,0.0,0.0,0.0,0.0,0.0
NZA-0135,0.153592,34.152529,semi_permanent,6510000.0,100,0.01,0.0,0.0,0.0,0.0,0.0
NZA-0135,0.153592,34.152529,semi_permanent,6510000.0,200,0.005,0.0,0.0,0.0,0.0,0.0
NZA-0135,0.153592,34.152529,semi_permanent,6510000.0,500,0.002,0.0,0.0,0.0,0.0,0.0
NZA-0136,0.492036,34.098308,semi_permanent,5070000.0,10,0.1,0.0,0.0,0.0,0.0,0.0
NZA-0136,0.492036,34.098308,semi_permanent,5070000.0,20,0.05,0.0,0.0,0.0,0.0,0.0
NZA-0136,0.492036,34.098308,semi_permanent,5070000.0,50,0.02,0.0,0.0,0.0,0.0,0.0
NZA-0136,0.492036,34.098308,semi_permanent,5070000.0,100,0.01,0.0,0.0,0.0,0.0,0.0
NZA-0136,0.492036,34.098308,semi_permanent,5070000.0,200,0.005,0.0,0.0,0.0,0.0,0.0
NZA-0136,0.492036,34.098308,semi_permanent,5070000.0,500,0.002,0.0,0.0,0.0,0.0,0.0
NZA-0137,0.917142,33.749836,permanent_masonry,65520000.0,10,0.1,0.0,0.0,0.0,0.0,0.0
NZA-0137,0.917142,33.749836,permanent_masonry,65520000.0,20,0.05,0.0,0.0,0.0,0.0,0.0
NZA-0137,0.917142,33.749836,permanent_masonry,65520000.0,50,0.02,0.0,0.0,0.0,0.0,0.0
NZA-0137,0.917142,33.749836,permanent_masonry,65520000.0,100,0.01,0.0,0.0,0.0,0.0,0.0
NZA-0137,0.917142,33.749836,permanent_masonry,65520000.0,200,0.005,0.0,0.0,0.0,0.0,0.0
NZA-0137,0.917142,33.749836,permanent_masonry,65520000.0,500,0.002,0.0,0.0,0.0,0.0,0.0
NZA-0138,1.224768,34.962286,permanent_masonry,56610000.0,10,0.1,0.0,0.0,0.0,0.0,0.0
NZA-0138,1.224768,34.962286,permanent_masonry,56610000.0,20,0.05,0.0,0.0,0.0,0.0,0.0
NZA-0138,1.224768,34.962286,permanent_masonry,56610000.0,50,0.02,0.0,0.0,0.0,0.0,0.0
NZA-0138,1.224768,34.962286,permanent_masonry,56610000.0,100,0.01,0.0,0.0,0.0,0.0,0.0
NZA-0138,1.224768,34.962286,permanent_masonry,56610000.0,200,0.005,0.0,0.0,0.0,0.0,0.0
NZA-0138,1.224768,34.962286,permanent_masonry,56610000.0,500,0.002,0.0,0.0,0.0,0.0,0.0
NZA-0139,-0.266738,33.973491,informal_iron_sheet,1310000.0,10,0.1,0.800000011920929,0.2613232994792467,342333.5223178132,26200.0,316133.5223178132
NZA-0139,-0.266738,33.973491,informal_iron_sheet,1310000.0,20,0.05,0.8700000047683716,0.29521638342519513,386733.4622870056,26200.0,360533.4622870056
NZA-0139,-0.266738,33.973491,informal_iron_sheet,1310000.0,50,0.02,0.949999988079071,0.32018364044755687,419440.5689862995,26200.0,393240.5689862995
NZA-0139,-0.266738,33.973491,informal_iron_sheet,1310000.0,100,0.01,1.0099999904632568,0.3439760825836356,450608.66818456264,26200.0,424408.66818456264
NZA-0139,-0.266738,33.973491,informal_iron_sheet,1310000.0,200,0.005,1.059999942779541,0.361832882923799,474001.0766301767,26200.0,447801.0766301767
NZA-0139,-0.266738,33.973491,informal_iron_sheet,1310000.0,500,0.002,1.1299999952316284,0.3871629258958127,507183.4329235146,26200.0,480983.4329235146
NZA-0140,-0.016867,34.265159,informal_iron_sheet,855000.0,10,0.1,0.0,0.0,0.0,0.0,0.0
NZA-0140,-0.016867,34.265159,informal_iron_sheet,855000.0,20,0.05,0.0,0.0,0.0,0.0,0.0
NZA-0140,-0.016867,34.265159,informal_iron_sheet,855000.0,50,0.02,0.0,0.0,0.0,0.0,0.0
NZA-0140,-0.016867,34.265159,informal_iron_sheet,855000.0,100,0.01,0.0,0.0,0.0,0.0,0.0
NZA-0140,-0.016867,34.265159,informal_iron_sheet,855000.0,200,0.005,0.0,0.0,0.0,0.0,0.0
NZA-0140,-0.016867,34.265159,informal_iron_sheet,855000.0,500,0.002,0.0,0.0,0.0,0.0,0.0
NZA-0141,0.486875,34.517157,informal_iron_sheet,1160000.0,10,0.1,0.0,0.0,0.0,0.0,0.0
NZA-0141,0.486875,34.517157,informal_iron_sheet,1160000.0,20,0.05,0.0,0.0,0.0,0.0,0.0
NZA-0141,0.486875,34.517157,informal_iron_sheet,1160000.0,50,0.02,0.0,0.0,0.0,0.0,0.0
NZA-0141,0.486875,34.517157,informal_iron_sheet,1160000.0,100,0.01,0.0,0.0,0.0,0.0,0.0
NZA-0141,0.486875,34.517157,informal_iron_sheet,1160000.0,200,0.005,0.0,0.0,0.0,0.0,0.0
NZA-0141,0.486875,34.517157,informal_iron_sheet,1160000.0,500,0.002,0.0,0.0,0.0,0.0,0.0
NZA-0142,0.284666,34.510305,informal_iron_sheet,1930000.0,10,0.1,0.0,0.0,0.0,0.0,0.0
NZA-0142,0.284666,34.510305,informal_iron_sheet,1930000.0,20,0.05,0.0,0.0,0.0,0.0,0.0
NZA-0142,0.284666,34.510305,informal_iron_sheet,1930000.0,50,0.02,0.0,0.0,0.0,0.0,0.0
NZA-0142,0.284666,34.510305,informal_iron_sheet,1930000.0,100,0.01,0.0,0.0,0.0,0.0,0.0
NZA-0142,0.284666,34.510305,informal_iron_sheet,1930000.0,200,0.005,0.0,0.0,0.0,0.0,0.0
NZA-0142,0.284666,34.510305,informal_iron_sheet,1930000.0,500,0.002,0.0,0.0,0.0,0.0,0.0
NZA-0143,0.174623,35.060375,informal_iron_sheet,1565000.0,10,0.1,0.0,0.0,0.0,0.0,0.0
NZA-0143,0.174623,35.060375,informal_iron_sheet,1565000.0,20,0.05,0.0,0.0,0.0,0.0,0.0
NZA-0143,0.174623,35.060375,informal_iron_sheet,1565000.0,50,0.02,0.0,0.0,0.0,0.0,0.0
NZA-0143,0.174623,35.060375,informal_iron_sheet,1565000.0,100,0.01,0.0,0.0,0.0,0.0,0.0
NZA-0143,0.174623,35.060375,informal_iron_sheet,1565000.0,200,0.005,0.0,0.0,0.0,0.0,0.0
NZA-0143,0.174623,35.060375,informal_iron_sheet,1565000.0,500,0.002,0.0,0.0,0.0,0.0,0.0
NZA-0144,0.425533,33.925462,semi_permanent,4755000.0,10,0.1,0.0,0.0,0.0,0.0,0.0
NZA-0144,0.425533,33.925462,semi_permanent,4755000.0,20,0.05,0.0,0.0,0.0,0.0,0.0
NZA-0144,0.425533,33.925462,semi_permanent,4755000.0,50,0.02,0.0,0.0,0.0,0.0,0.0
NZA-0144,0.425533,33.925462,semi_permanent,4755000.0,100,0.01,0.0,0.0,0.0,0.0,0.0
NZA-0144,0.425533,33.925462,semi_permanent,4755000.0,200,0.005,0.0,0.0,0.0,0.0,0.0
NZA-0144,0.425533,33.925462,semi_permanent,4755000.0,500,0.002,0.0,0.0,0.0,0.0,0.0
NZA-0145,0.538147,34.75978,informal_iron_sheet,850000.0,10,0.1,0.0,0.0,0.0,0.0,0.0
NZA-0145,0.538147,34.75978,informal_iron_sheet,850000.0,20,0.05,0.0,0.0,0.0,0.0,0.0
NZA-0145,0.538147,34.75978,informal_iron_sheet,850000.0,50,0.02,0.0,0.0,0.0,0.0,0.0
NZA-0145,0.538147,34.75978,informal_iron_sheet,850000.0,100,0.01,0.0,0.0,0.0,0.0,0.0
NZA-0145,0.538147,34.75978,informal_iron_sheet,850000.0,200,0.005,0.0,0.0,0.0,0.0,0.0
NZA-0145,0.538147,34.75978,informal_iron_sheet,850000.0,500,0.002,0.0,0.0,0.0,0.0,0.0
NZA-0146,0.985414,34.587465,semi_permanent,3995000.0,10,0.1,0.0,0.0,0.0,0.0,0.0
NZA-0146,0.985414,34.587465,semi_permanent,3995000.0,20,0.05,0.0,0.0,0.0,0.0,0.0
NZA-0146,0.985414,34.587465,semi_permanent,3995000.0,50,0.02,0.0,0.0,0.0,0.0,0.0
NZA-0146,0.985414,34.587465,semi_permanent,3995000.0,100,0.01,0.0,0.0,0.0,0.0,0.0
NZA-0146,0.985414,34.587465,semi_permanent,3995000.0,200,0.005,0.0,0.0,0.0,0.0,0.0
NZA-0146,0.985414,34.587465,semi_permanent,3995000.0,500,0.002,0.0,0.0,0.0,0.0,0.0
NZA-0147,0.900762,34.081402,permanent_masonry,40505000.0,10,0.1,0.0,0.0,0.0,0.0,0.0
NZA-0147,0.900762,34.081402,permanent_masonry,40505000.0,20,0.05,0.0,0.0,0.0,0.0,0.0
NZA-0147,0.900762,34.081402,permanent_masonry,40505000.0,50,0.02,0.0,0.0,0.0,0.0,0.0
NZA-0147,0.900762,34.081402,permanent_masonry,40505000.0,100,0.01,0.0,0.0,0.0,0.0,0.0
NZA-0147,0.900762,34.081402,permanent_masonry,40505000.0,200,0.005,0.0,0.0,0.0,0.0,0.0
NZA-0147,0.900762,34.081402,permanent_masonry,40505000.0,500,0.002,0.0,0.0,0.0,0.0,0.0
NZA-0148,0.478766,34.228147,semi_permanent,3560000.0,10,0.1,0.0,0.0,0.0,0.0,0.0
NZA-0148,0.478766,34.228147,semi_permanent,3560000.0,20,0.05,0.0,0.0,0.0,0.0,0.0
NZA-0148,0.478766,34.228147,semi_permanent,3560000.0,50,0.02,0.0,0.0,0.0,0.0,0.0
NZA-0148,0.478766,34.228147,semi_permanent,3560000.0,100,0.01,0.0,0.0,0.0,0.0,0.0
NZA-0148,0.478766,34.228147,semi_permanent,3560000.0,200,0.005,0.0,0.0,0.0,0.0,0.0
NZA-0148,0.478766,34.228147,semi_permanent,3560000.0,500,0.002,0.0,0.0,0.0,0.0,0.0
NZA-0149,0.209102,34.367164,semi_permanent,8120000.0,10,0.1,0.0,0.0,0.0,0.0,0.0
NZA-0149,0.209102,34.367164,semi_permanent,8120000.0,20,0.05,0.0,0.0,0.0,0.0,0.0
NZA-0149,0.209102,34.367164,semi_permanent,8120000.0,50,0.02,0.0,0.0,0.0,0.0,0.0
NZA-0149,0.209102,34.367164,semi_permanent,8120000.0,100,0.01,0.0,0.0,0.0,0.0,0.0
NZA-0149,0.209102,34.367164,semi_permanent,8120000.0,200,0.005,0.0,0.0,0.0,0.0,0.0
NZA-0149,0.209102,34.367164,semi_permanent,8120000.0,500,0.002,0.0,0.0,0.0,0.0,0.0
NZA-0150,0.475855,33.904578,semi_permanent,2970000.0,10,0.1,0.0,0.0,0.0,0.0,0.0
NZA-0150,0.475855,33.904578,semi_permanent,2970000.0,20,0.05,0.0,0.0,0.0,0.0,0.0
NZA-0150,0.475855,33.904578,semi_permanent,2970000.0,50,0.02,0.0,0.0,0.0,0.0,0.0
NZA-0150,0.475855,33.904578,semi_permanent,2970000.0,100,0.01,0.0,0.0,0.0,0.0,0.0
NZA-0150,0.475855,33.904578,semi_permanent,2970000.0,200,0.005,0.0,0.0,0.0,0.0,0.0
NZA-0150,0.475855,33.904578,semi_permanent,2970000.0,500,0.002,0.0,0.0,0.0,0.0,0.0
NZA-0151,0.811132,33.785321,permanent_masonry,56915000.0,10,0.1,3.0199999809265137,0.7363033979720597,41906707.89557978,1138300.0,40768407.89557978
NZA-0151,0.811132,33.785321,permanent_masonry,56915000.0,20,0.05,3.2300000190734863,0.7421696448298949,42240585.33549347,1138300.0,41102285.33549347
NZA-0151,0.811132,33.785321,permanent_masonry,56915000.0,50,0.02,3.4200000762939453,0.7421696448298949,42240585.33549347,1138300.0,41102285.33549347
NZA-0151,0.811132,33.785321,permanent_masonry,56915000.0,100,0.01,3.559999942779541,0.7421696448298949,42240585.33549347,1138300.0,41102285.33549347
NZA-0151,0.811132,33.785321,permanent_masonry,56915000.0,200,0.005,3.7200000286102295,0.7421696448298949,42240585.33549347,1138300.0,41102285.33549347
NZA-0151,0.811132,33.785321,permanent_masonry,56915000.0,500,0.002,3.930000066757202,0.7421696448298949,42240585.33549347,1138300.0,41102285.33549347
NZA-0152,1.091808,33.963898,informal_iron_sheet,680000.0,10,0.1,0.0,0.0,0.0,0.0,0.0
NZA-0152,1.091808,33.963898,informal_iron_sheet,680000.0,20,0.05,0.0,0.0,0.0,0.0,0.0
NZA-0152,1.091808,33.963898,informal_iron_sheet,680000.0,50,0.02,0.0,0.0,0.0,0.0,0.0
NZA-0152,1.091808,33.963898,informal_iron_sheet,680000.0,100,0.01,0.0,0.0,0.0,0.0,0.0
NZA-0152,1.091808,33.963898,informal_iron_sheet,680000.0,200,0.005,0.0,0.0,0.0,0.0,0.0
NZA-0152,1.091808,33.963898,informal_iron_sheet,680000.0,500,0.002,0.0,0.0,0.0,0.0,0.0
NZA-0153,0.22262,34.382704,informal_iron_sheet,1680000.0,10,0.1,0.0,0.0,0.0,0.0,0.0
NZA-0153,0.22262,34.382704,informal_iron_sheet,1680000.0,20,0.05,0.0,0.0,0.0,0.0,0.0
NZA-0153,0.22262,34.382704,informal_iron_sheet,1680000.0,50,0.02,0.0,0.0,0.0,0.0,0.0
NZA-0153,0.22262,34.382704,informal_iron_sheet,1680000.0,100,0.01,0.0,0.0,0.0,0.0,0.0
NZA-0153,0.22262,34.382704,informal_iron_sheet,1680000.0,200,0.005,0.0,0.0,0.0,0.0,0.0
NZA-0153,0.22262,34.382704,informal_iron_sheet,1680000.0,500,0.002,0.0,0.0,0.0,0.0,0.0
NZA-0154,0.108316,35.154712,informal_iron_sheet,870000.0,10,0.1,0.0,0.0,0.0,0.0,0.0
NZA-0154,0.108316,35.154712,informal_iron_sheet,870000.0,20,0.05,0.0,0.0,0.0,0.0,0.0
NZA-0154,0.108316,35.154712,informal_iron_sheet,870000.0,50,0.02,0.0,0.0,0.0,0.0,0.0
NZA-0154,0.108316,35.154712,informal_iron_sheet,870000.0,100,0.01,0.0,0.0,0.0,0.0,0.0
NZA-0154,0.108316,35.154712,informal_iron_sheet,870000.0,200,0.005,0.0,0.0,0.0,0.0,0.0
NZA-0154,0.108316,35.154712,informal_iron_sheet,870000.0,500,0.002,0.0,0.0,0.0,0.0,0.0
NZA-0155,-0.146898,34.202851,semi_permanent,6130000.0,10,0.1,0.0,0.0,0.0,0.0,0.0
NZA-0155,-0.146898,34.202851,semi_permanent,6130000.0,20,0.05,0.0,0.0,0.0,0.0,0.0
NZA-0155,-0.146898,34.202851,semi_permanent,6130000.0,50,0.02,0.0,0.0,0.0,0.0,0.0
NZA-0155,-0.146898,34.202851,semi_permanent,6130000.0,100,0.01,0.0,0.0,0.0,0.0,0.0
NZA-0155,-0.146898,34.202851,semi_permanent,6130000.0,200,0.005,0.0,0.0,0.0,0.0,0.0
NZA-0155,-0.146898,34.202851,semi_permanent,6130000.0,500,0.002,0.0,0.0,0.0,0.0,0.0
NZA-0156,-0.178586,35.094475,permanent_masonry,62750000.0,10,0.1,0.0,0.0,0.0,0.0,0.0
NZA-0156,-0.178586,35.094475,permanent_masonry,62750000.0,20,0.05,0.0,0.0,0.0,0.0,0.0
NZA-0156,-0.178586,35.094475,permanent_masonry,62750000.0,50,0.02,0.0,0.0,0.0,0.0,0.0
NZA-0156,-0.178586,35.094475,permanent_masonry,62750000.0,100,0.01,0.0,0.0,0.0,0.0,0.0
NZA-0156,-0.178586,35.094475,permanent_masonry,62750000.0,200,0.005,0.0,0.0,0.0,0.0,0.0
NZA-0156,-0.178586,35.094475,permanent_masonry,62750000.0,500,0.002,0.0,0.0,0.0,0.0,0.0
NZA-0157,0.549955,35.195553,informal_iron_sheet,730000.0,10,0.1,0.0,0.0,0.0,0.0,0.0
NZA-0157,0.549955,35.195553,informal_iron_sheet,730000.0,20,0.05,0.0,0.0,0.0,0.0,0.0
NZA-0157,0.549955,35.195553,informal_iron_sheet,730000.0,50,0.02,0.0,0.0,0.0,0.0,0.0
NZA-0157,0.549955,35.195553,informal_iron_sheet,730000.0,100,0.01,0.0,0.0,0.0,0.0,0.0
NZA-0157,0.549955,35.195553,informal_iron_sheet,730000.0,200,0.005,0.0,0.0,0.0,0.0,0.0
NZA-0157,0.549955,35.195553,informal_iron_sheet,730000.0,500,0.002,0.0,0.0,0.0,0.0,0.0
NZA-0158,0.032916,34.083035,permanent_masonry,57660000.0,10,0.1,0.0,0.0,0.0,0.0,0.0
NZA-0158,0.032916,34.083035,permanent_masonry,57660000.0,20,0.05,0.0,0.0,0.0,0.0,0.0
NZA-0158,0.032916,34.083035,permanent_masonry,57660000.0,50,0.02,0.0,0.0,0.0,0.0,0.0
NZA-0158,0.032916,34.083035,permanent_masonry,57660000.0,100,0.01,0.0,0.0,0.0,0.0,0.0
NZA-0158,0.032916,34.083035,permanent_masonry,57660000.0,200,0.005,0.0,0.0,0.0,0.0,0.0
NZA-0158,0.032916,34.083035,permanent_masonry,57660000.0,500,0.002,0.0,0.0,0.0,0.0,0.0
NZA-0159,1.255492,35.098112,concrete_rcc,131905000.0,10,0.1,0.0,0.0,0.0,0.0,0.0
NZA-0159,1.255492,35.098112,concrete_rcc,131905000.0,20,0.05,0.0,0.0,0.0,0.0,0.0
NZA-0159,1.255492,35.098112,concrete_rcc,131905000.0,50,0.02,0.0,0.0,0.0,0.0,0.0
NZA-0159,1.255492,35.098112,concrete_rcc,131905000.0,100,0.01,0.0,0.0,0.0,0.0,0.0
NZA-0159,1.255492,35.098112,concrete_rcc,131905000.0,200,0.005,0.0,0.0,0.0,0.0,0.0
NZA-0159,1.255492,35.098112,concrete_rcc,131905000.0,500,0.002,0.0,0.0,0.0,0.0,0.0
NZA-0160,0.512475,34.494717,semi_permanent,3680000.0,10,0.1,0.0,0.0,0.0,0.0,0.0
NZA-0160,0.512475,34.494717,semi_permanent,3680000.0,20,0.05,0.0,0.0,0.0,0.0,0.0
NZA-0160,0.512475,34.494717,semi_permanent,3680000.0,50,0.02,0.0,0.0,0.0,0.0,0.0
NZA-0160,0.512475,34.494717,semi_permanent,3680000.0,100,0.01,0.0,0.0,0.0,0.0,0.0
NZA-0160,0.512475,34.494717,semi_permanent,3680000.0,200,0.005,0.0,0.0,0.0,0.0,0.0
NZA-0160,0.512475,34.494717,semi_permanent,3680000.0,500,0.002,0.0,0.0,0.0,0.0,0.0
NZA-0161,0.887231,34.583379,permanent_masonry,46125000.0,10,0.1,0.0,0.0,0.0,0.0,0.0
NZA-0161,0.887231,34.583379,permanent_masonry,46125000.0,20,0.05,0.0,0.0,0.0,0.0,0.0
NZA-0161,0.887231,34.583379,permanent_masonry,46125000.0,50,0.02,0.0,0.0,0.0,0.0,0.0
NZA-0161,0.887231,34.583379,permanent_masonry,46125000.0,100,0.01,0.0,0.0,0.0,0.0,0.0
NZA-0161,0.887231,34.583379,permanent_masonry,46125000.0,200,0.005,0.0,0.0,0.0,0.0,0.0
NZA-0161,0.887231,34.583379,permanent_masonry,46125000.0,500,0.002,0.0,0.0,0.0,0.0,0.0
NZA-0162,1.042057,35.022524,semi_permanent,4495000.0,10,0.1,0.0,0.0,0.0,0.0,0.0
NZA-0162,1.042057,35.022524,semi_permanent,4495000.0,20,0.05,0.0,0.0,0.0,0.0,0.0
NZA-0162,1.042057,35.022524,semi_permanent,4495000.0,50,0.02,0.0,0.0,0.0,0.0,0.0
NZA-0162,1.042057,35.022524,semi_permanent,4495000.0,100,0.01,0.0,0.0,0.0,0.0,0.0
NZA-0162,1.042057,35.022524,semi_permanent,4495000.0,200,0.005,0.0,0.0,0.0,0.0,0.0
NZA-0162,1.042057,35.022524,semi_permanent,4495000.0,500,0.002,0.0,0.0,0.0,0.0,0.0
NZA-0163,-0.135662,34.531432,semi_permanent,4190000.0,10,0.1,0.0,0.0,0.0,0.0,0.0
NZA-0163,-0.135662,34.531432,semi_permanent,4190000.0,20,0.05,0.0,0.0,0.0,0.0,0.0
NZA-0163,-0.135662,34.531432,semi_permanent,4190000.0,50,0.02,0.0,0.0,0.0,0.0,0.0
NZA-0163,-0.135662,34.531432,semi_permanent,4190000.0,100,0.01,0.0,0.0,0.0,0.0,0.0
NZA-0163,-0.135662,34.531432,semi_permanent,4190000.0,200,0.005,0.0,0.0,0.0,0.0,0.0
NZA-0163,-0.135662,34.531432,semi_permanent,4190000.0,500,0.002,0.0,0.0,0.0,0.0,0.0
NZA-0164,0.377008,34.788419,semi_permanent,3810000.0,10,0.1,0.0,0.0,0.0,0.0,0.0
NZA-0164,0.377008,34.788419,semi_permanent,3810000.0,20,0.05,0.0,0.0,0.0,0.0,0.0
NZA-0164,0.377008,34.788419,semi_permanent,3810000.0,50,0.02,0.0,0.0,0.0,0.0,0.0
NZA-0164,0.377008,34.788419,semi_permanent,3810000.0,100,0.01,0.0,0.0,0.0,0.0,0.0
NZA-0164,0.377008,34.788419,semi_permanent,3810000.0,200,0.005,0.0,0.0,0.0,0.0,0.0
NZA-0164,0.377008,34.788419,semi_permanent,3810000.0,500,0.002,0.0,0.0,0.0,0.0,0.0
NZA-0165,1.295562,33.94838,informal_iron_sheet,705000.0,10,0.1,0.0,0.0,0.0,0.0,0.0
NZA-0165,1.295562,33.94838,informal_iron_sheet,705000.0,20,0.05,0.0,0.0,0.0,0.0,0.0
NZA-0165,1.295562,33.94838,informal_iron_sheet,705000.0,50,0.02,0.0,0.0,0.0,0.0,0.0
NZA-0165,1.295562,33.94838,informal_iron_sheet,705000.0,100,0.01,0.0,0.0,0.0,0.0,0.0
NZA-0165,1.295562,33.94838,informal_iron_sheet,705000.0,200,0.005,0.0,0.0,0.0,0.0,0.0
NZA-0165,1.295562,33.94838,informal_iron_sheet,705000.0,500,0.002,0.0,0.0,0.0,0.0,0.0
NZA-0166,-0.004246,33.806293,permanent_masonry,48275000.0,10,0.1,0.550000011920929,0.1298416079345218,6268103.62303904,965500.0,5302603.62303904
NZA-0166,-0.004246,33.806293,permanent_masonry,48275000.0,20,0.05,0.6000000238418579,0.13035876790991588,6293069.520851189,965500.0,5327569.520851189
NZA-0166,-0.004246,33.806293,permanent_masonry,48275000.0,50,0.02,0.6600000262260437,0.14293638780803541,6900254.12143291,965500.0,5934754.12143291
NZA-0166,-0.004246,33.806293,permanent_masonry,48275000.0,100,0.01,0.699999988079071,0.1562870014686271,7544754.995897973,965500.0,6579254.995897973
NZA-0166,-0.004246,33.806293,permanent_masonry,48275000.0,200,0.005,0.7400000095367432,0.1687125875109209,8144600.1620897055,965500.0,7179100.1620897055
NZA-0166,-0.004246,33.806293,permanent_masonry,48275000.0,500,0.002,0.7799999713897705,0.18104567628930274,8739980.022866089,965500.0,7774480.022866089
NZA-0167,-0.174577,35.134691,informal_iron_sheet,1860000.0,10,0.1,0.0,0.0,0.0,0.0,0.0
NZA-0167,-0.174577,35.134691,informal_iron_sheet,1860000.0,20,0.05,0.0,0.0,0.0,0.0,0.0
NZA-0167,-0.174577,35.134691,informal_iron_sheet,1860000.0,50,0.02,0.0,0.0,0.0,0.0,0.0
NZA-0167,-0.174577,35.134691,informal_iron_sheet,1860000.0,100,0.01,0.0,0.0,0.0,0.0,0.0
NZA-0167,-0.174577,35.134691,informal_iron_sheet,1860000.0,200,0.005,0.0,0.0,0.0,0.0,0.0
NZA-0167,-0.174577,35.134691,informal_iron_sheet,1860000.0,500,0.002,0.0,0.0,0.0,0.0,0.0
NZA-0168,0.084656,34.599648,informal_iron_sheet,740000.0,10,0.1,0.0,0.0,0.0,0.0,0.0
NZA-0168,0.084656,34.599648,informal_iron_sheet,740000.0,20,0.05,0.0,0.0,0.0,0.0,0.0
NZA-0168,0.084656,34.599648,informal_iron_sheet,740000.0,50,0.02,0.0,0.0,0.0,0.0,0.0
NZA-0168,0.084656,34.599648,informal_iron_sheet,740000.0,100,0.01,0.0,0.0,0.0,0.0,0.0
NZA-0168,0.084656,34.599648,informal_iron_sheet,740000.0,200,0.005,0.0,0.0,0.0,0.0,0.0
NZA-0168,0.084656,34.599648,informal_iron_sheet,740000.0,500,0.002,0.0,0.0,0.0,0.0,0.0
NZA-0169,0.330014,33.785135,informal_iron_sheet,1085000.0,10,0.1,0.0,0.0,0.0,0.0,0.0
NZA-0169,0.330014,33.785135,informal_iron_sheet,1085000.0,20,0.05,0.0,0.0,0.0,0.0,0.0
NZA-0169,0.330014,33.785135,informal_iron_sheet,1085000.0,50,0.02,0.0,0.0,0.0,0.0,0.0
NZA-0169,0.330014,33.785135,informal_iron_sheet,1085000.0,100,0.01,0.0,0.0,0.0,0.0,0.0
NZA-0169,0.330014,33.785135,informal_iron_sheet,1085000.0,200,0.005,0.0,0.0,0.0,0.0,0.0
NZA-0169,0.330014,33.785135,informal_iron_sheet,1085000.0,500,0.002,0.0,0.0,0.0,0.0,0.0
NZA-0170,1.164046,34.99134,permanent_masonry,68480000.0,10,0.1,0.0,0.0,0.0,0.0,0.0
NZA-0170,1.164046,34.99134,permanent_masonry,68480000.0,20,0.05,0.0,0.0,0.0,0.0,0.0
NZA-0170,1.164046,34.99134,permanent_masonry,68480000.0,50,0.02,0.0,0.0,0.0,0.0,0.0
NZA-0170,1.164046,34.99134,permanent_masonry,68480000.0,100,0.01,0.0,0.0,0.0,0.0,0.0
NZA-0170,1.164046,34.99134,permanent_masonry,68480000.0,200,0.005,0.0,0.0,0.0,0.0,0.0
NZA-0170,1.164046,34.99134,permanent_masonry,68480000.0,500,0.002,0.0,0.0,0.0,0.0,0.0
NZA-0171,1.193402,34.990573,semi_permanent,3475000.0,10,0.1,0.0,0.0,0.0,0.0,0.0
NZA-0171,1.193402,34.990573,semi_permanent,3475000.0,20,0.05,0.0,0.0,0.0,0.0,0.0
NZA-0171,1.193402,34.990573,semi_permanent,3475000.0,50,0.02,0.0,0.0,0.0,0.0,0.0
NZA-0171,1.193402,34.990573,semi_permanent,3475000.0,100,0.01,0.0,0.0,0.0,0.0,0.0
NZA-0171,1.193402,34.990573,semi_permanent,3475000.0,200,0.005,0.0,0.0,0.0,0.0,0.0
NZA-0171,1.193402,34.990573,semi_permanent,3475000.0,500,0.002,0.0,0.0,0.0,0.0,0.0
NZA-0172,0.347723,34.131278,semi_permanent,5590000.0,10,0.1,0.0,0.0,0.0,0.0,0.0
NZA-0172,0.347723,34.131278,semi_permanent,5590000.0,20,0.05,0.0,0.0,0.0,0.0,0.0
NZA-0172,0.347723,34.131278,semi_permanent,5590000.0,50,0.02,0.0,0.0,0.0,0.0,0.0
NZA-0172,0.347723,34.131278,semi_permanent,5590000.0,100,0.01,0.0,0.0,0.0,0.0,0.0
NZA-0172,0.347723,34.131278,semi_permanent,5590000.0,200,0.005,0.0,0.0,0.0,0.0,0.0
NZA-0172,0.347723,34.131278,semi_permanent,5590000.0,500,0.002,0.0,0.0,0.0,0.0,0.0
NZA-0173,0.629879,34.896,semi_permanent,7350000.0,10,0.1,0.0,0.0,0.0,0.0,0.0
NZA-0173,0.629879,34.896,semi_permanent,7350000.0,20,0.05,0.0,0.0,0.0,0.0,0.0
NZA-0173,0.629879,34.896,semi_permanent,7350000.0,50,0.02,0.0,0.0,0.0,0.0,0.0
NZA-0173,0.629879,34.896,semi_permanent,7350000.0,100,0.01,0.0,0.0,0.0,0.0,0.0
NZA-0173,0.629879,34.896,semi_permanent,7350000.0,200,0.005,0.0,0.0,0.0,0.0,0.0
NZA-0173,0.629879,34.896,semi_permanent,7350000.0,500,0.002,0.0,0.0,0.0,0.0,0.0
NZA-0174,0.330706,35.332061,semi_permanent,3870000.0,10,0.1,0.0,0.0,0.0,0.0,0.0
NZA-0174,0.330706,35.332061,semi_permanent,3870000.0,20,0.05,0.0,0.0,0.0,0.0,0.0
NZA-0174,0.330706,35.332061,semi_permanent,3870000.0,50,0.02,0.0,0.0,0.0,0.0,0.0
NZA-0174,0.330706,35.332061,semi_permanent,3870000.0,100,0.01,0.0,0.0,0.0,0.0,0.0
NZA-0174,0.330706,35.332061,semi_permanent,3870000.0,200,0.005,0.0,0.0,0.0,0.0,0.0
NZA-0174,0.330706,35.332061,semi_permanent,3870000.0,500,0.002,0.0,0.0,0.0,0.0,0.0
NZA-0175,0.98325,34.695033,semi_permanent,6365000.0,10,0.1,0.0,0.0,0.0,0.0,0.0
NZA-0175,0.98325,34.695033,semi_permanent,6365000.0,20,0.05,0.0,0.0,0.0,0.0,0.0
NZA-0175,0.98325,34.695033,semi_permanent,6365000.0,50,0.02,0.0,0.0,0.0,0.0,0.0
NZA-0175,0.98325,34.695033,semi_permanent,6365000.0,100,0.01,0.0,0.0,0.0,0.0,0.0
NZA-0175,0.98325,34.695033,semi_permanent,6365000.0,200,0.005,0.0,0.0,0.0,0.0,0.0
NZA-0175,0.98325,34.695033,semi_permanent,6365000.0,500,0.002,0.0,0.0,0.0,0.0,0.0
NZA-0176,0.574189,35.188998,informal_iron_sheet,1900000.0,10,0.1,0.0,0.0,0.0,0.0,0.0
NZA-0176,0.574189,35.188998,informal_iron_sheet,1900000.0,20,0.05,0.0,0.0,0.0,0.0,0.0
NZA-0176,0.574189,35.188998,informal_iron_sheet,1900000.0,50,0.02,0.0,0.0,0.0,0.0,0.0
NZA-0176,0.574189,35.188998,informal_iron_sheet,1900000.0,100,0.01,0.0,0.0,0.0,0.0,0.0
NZA-0176,0.574189,35.188998,informal_iron_sheet,1900000.0,200,0.005,0.0,0.0,0.0,0.0,0.0
NZA-0176,0.574189,35.188998,informal_iron_sheet,1900000.0,500,0.002,0.0,0.0,0.0,0.0,0.0
NZA-0177,0.506191,33.885311,semi_permanent,5710000.0,10,0.1,0.0,0.0,0.0,0.0,0.0
NZA-0177,0.506191,33.885311,semi_permanent,5710000.0,20,0.05,0.0,0.0,0.0,0.0,0.0
NZA-0177,0.506191,33.885311,semi_permanent,5710000.0,50,0.02,0.0,0.0,0.0,0.0,0.0
NZA-0177,0.506191,33.885311,semi_permanent,5710000.0,100,0.01,0.0,0.0,0.0,0.0,0.0
NZA-0177,0.506191,33.885311,semi_permanent,5710000.0,200,0.005,0.0,0.0,0.0,0.0,0.0
NZA-0177,0.506191,33.885311,semi_permanent,5710000.0,500,0.002,0.0,0.0,0.0,0.0,0.0
NZA-0178,0.976733,33.853665,semi_permanent,2510000.0,10,0.1,0.0,0.0,0.0,0.0,0.0
NZA-0178,0.976733,33.853665,semi_permanent,2510000.0,20,0.05,0.0,0.0,0.0,0.0,0.0
NZA-0178,0.976733,33.853665,semi_permanent,2510000.0,50,0.02,0.0,0.0,0.0,0.0,0.0
NZA-0178,0.976733,33.853665,semi_permanent,2510000.0,100,0.01,0.0,0.0,0.0,0.0,0.0
NZA-0178,0.976733,33.853665,semi_permanent,2510000.0,200,0.005,0.0,0.0,0.0,0.0,0.0
NZA-0178,0.976733,33.853665,semi_permanent,2510000.0,500,0.002,0.0,0.0,0.0,0.0,0.0
NZA-0179,0.613792,34.321792,permanent_masonry,65245000.0,10,0.1,0.0,0.0,0.0,0.0,0.0
NZA-0179,0.613792,34.321792,permanent_masonry,65245000.0,20,0.05,0.0,0.0,0.0,0.0,0.0
NZA-0179,0.613792,34.321792,permanent_masonry,65245000.0,50,0.02,0.0,0.0,0.0,0.0,0.0
NZA-0179,0.613792,34.321792,permanent_masonry,65245000.0,100,0.01,0.0,0.0,0.0,0.0,0.0
NZA-0179,0.613792,34.321792,permanent_masonry,65245000.0,200,0.005,0.0,0.0,0.0,0.0,0.0
NZA-0179,0.613792,34.321792,permanent_masonry,65245000.0,500,0.002,0.0,0.0,0.0,0.0,0.0
NZA-0180,0.718625,33.923511,permanent_masonry,26675000.0,10,0.1,0.0,0.0,0.0,0.0,0.0
NZA-0180,0.718625,33.923511,permanent_masonry,26675000.0,20,0.05,0.0,0.0,0.0,0.0,0.0
NZA-0180,0.718625,33.923511,permanent_masonry,26675000.0,50,0.02,0.0,0.0,0.0,0.0,0.0
NZA-0180,0.718625,33.923511,permanent_masonry,26675000.0,100,0.01,0.0,0.0,0.0,0.0,0.0
NZA-0180,0.718625,33.923511,permanent_masonry,26675000.0,200,0.005,0.0,0.0,0.0,0.0,0.0
NZA-0180,0.718625,33.923511,permanent_masonry,26675000.0,500,0.002,0.0,0.0,0.0,0.0,0.0
NZA-0181,0.153304,35.389068,informal_iron_sheet,570000.0,10,0.1,0.0,0.0,0.0,0.0,0.0
NZA-0181,0.153304,35.389068,informal_iron_sheet,570000.0,20,0.05,0.0,0.0,0.0,0.0,0.0
NZA-0181,0.153304,35.389068,informal_iron_sheet,570000.0,50,0.02,0.0,0.0,0.0,0.0,0.0
NZA-0181,0.153304,35.389068,informal_iron_sheet,570000.0,100,0.01,0.0,0.0,0.0,0.0,0.0
NZA-0181,0.153304,35.389068,informal_iron_sheet,570000.0,200,0.005,0.0,0.0,0.0,0.0,0.0
NZA-0181,0.153304,35.389068,informal_iron_sheet,570000.0,500,0.002,0.0,0.0,0.0,0.0,0.0
NZA-0182,0.227874,33.987182,permanent_masonry,45730000.0,10,0.1,0.0,0.0,0.0,0.0,0.0
NZA-0182,0.227874,33.987182,permanent_masonry,45730000.0,20,0.05,0.009999999776482582,0.1298416079345218,5937656.730845681,914600.0,5023056.730845681
NZA-0182,0.227874,33.987182,permanent_masonry,45730000.0,50,0.02,0.029999999329447746,0.1298416079345218,5937656.730845681,914600.0,5023056.730845681
NZA-0182,0.227874,33.987182,permanent_masonry,45730000.0,100,0.01,0.05000000074505806,0.1298416079345218,5937656.730845681,914600.0,5023056.730845681
NZA-0182,0.227874,33.987182,permanent_masonry,45730000.0,200,0.005,0.07000000029802322,0.1298416079345218,5937656.730845681,914600.0,5023056.730845681
NZA-0182,0.227874,33.987182,permanent_masonry,45730000.0,500,0.002,0.14000000059604645,0.1298416079345218,5937656.730845681,914600.0,5023056.730845681
NZA-0183,0.765659,34.543054,informal_iron_sheet,1155000.0,10,0.1,0.0,0.0,0.0,0.0,0.0
NZA-0183,0.765659,34.543054,informal_iron_sheet,1155000.0,20,0.05,0.0,0.0,0.0,0.0,0.0
NZA-0183,0.765659,34.543054,informal_iron_sheet,1155000.0,50,0.02,0.0,0.0,0.0,0.0,0.0
NZA-0183,0.765659,34.543054,informal_iron_sheet,1155000.0,100,0.01,0.0,0.0,0.0,0.0,0.0
NZA-0183,0.765659,34.543054,informal_iron_sheet,1155000.0,200,0.005,0.0,0.0,0.0,0.0,0.0
NZA-0183,0.765659,34.543054,informal_iron_sheet,1155000.0,500,0.002,0.0,0.0,0.0,0.0,0.0
NZA-0184,-0.160013,33.827759,semi_permanent,7490000.0,10,0.1,0.3700000047683716,0.14281975640791192,1069719.9754952602,149800.0,919919.9754952602
NZA-0184,-0.160013,33.827759,semi_permanent,7490000.0,20,0.05,0.4099999964237213,0.14281975640791192,1069719.9754952602,149800.0,919919.9754952602
NZA-0184,-0.160013,33.827759,semi_permanent,7490000.0,50,0.02,0.46000000834465027,0.14281975640791192,1069719.9754952602,149800.0,919919.9754952602
NZA-0184,-0.160013,33.827759,semi_permanent,7490000.0,100,0.01,0.5,0.14281975640791192,1069719.9754952602,149800.0,919919.9754952602
NZA-0184,-0.160013,33.827759,semi_permanent,7490000.0,200,0.005,0.5299999713897705,0.14281975640791192,1069719.9754952602,149800.0,919919.9754952602
NZA-0184,-0.160013,33.827759,semi_permanent,7490000.0,500,0.002,0.5699999928474426,0.14281975640791192,1069719.9754952602,149800.0,919919.9754952602
NZA-0185,1.059973,33.772395,permanent_masonry,48730000.0,10,0.1,0.0,0.0,0.0,0.0,0.0
NZA-0185,1.059973,33.772395,permanent_masonry,48730000.0,20,0.05,0.0,0.0,0.0,0.0,0.0
NZA-0185,1.059973,33.772395,permanent_masonry,48730000.0,50,0.02,0.0,0.0,0.0,0.0,0.0
NZA-0185,1.059973,33.772395,permanent_masonry,48730000.0,100,0.01,0.0,0.0,0.0,0.0,0.0
NZA-0185,1.059973,33.772395,permanent_masonry,48730000.0,200,0.005,0.0,0.0,0.0,0.0,0.0
NZA-0185,1.059973,33.772395,permanent_masonry,48730000.0,500,0.002,0.0,0.0,0.0,0.0,0.0
NZA-0186,0.682634,34.983255,informal_iron_sheet,640000.0,10,0.1,0.0,0.0,0.0,0.0,0.0
NZA-0186,0.682634,34.983255,informal_iron_sheet,640000.0,20,0.05,0.0,0.0,0.0,0.0,0.0
NZA-0186,0.682634,34.983255,informal_iron_sheet,640000.0,50,0.02,0.0,0.0,0.0,0.0,0.0
NZA-0186,0.682634,34.983255,informal_iron_sheet,640000.0,100,0.01,0.0,0.0,0.0,0.0,0.0
NZA-0186,0.682634,34.983255,informal_iron_sheet,640000.0,200,0.005,0.0,0.0,0.0,0.0,0.0
NZA-0186,0.682634,34.983255,informal_iron_sheet,640000.0,500,0.002,0.0,0.0,0.0,0.0,0.0
NZA-0187,0.113213,34.833715,semi_permanent,3145000.0,10,0.1,0.0,0.0,0.0,0.0,0.0
NZA-0187,0.113213,34.833715,semi_permanent,3145000.0,20,0.05,0.0,0.0,0.0,0.0,0.0
NZA-0187,0.113213,34.833715,semi_permanent,3145000.0,50,0.02,0.0,0.0,0.0,0.0,0.0
NZA-0187,0.113213,34.833715,semi_permanent,3145000.0,100,0.01,0.0,0.0,0.0,0.0,0.0
NZA-0187,0.113213,34.833715,semi_permanent,3145000.0,200,0.005,0.0,0.0,0.0,0.0,0.0
NZA-0187,0.113213,34.833715,semi_permanent,3145000.0,500,0.002,0.0,0.0,0.0,0.0,0.0
NZA-0188,0.978559,34.363694,informal_iron_sheet,1160000.0,10,0.1,0.0,0.0,0.0,0.0,0.0
NZA-0188,0.978559,34.363694,informal_iron_sheet,1160000.0,20,0.05,0.0,0.0,0.0,0.0,0.0
NZA-0188,0.978559,34.363694,informal_iron_sheet,1160000.0,50,0.02,0.0,0.0,0.0,0.0,0.0
NZA-0188,0.978559,34.363694,informal_iron_sheet,1160000.0,100,0.01,0.0,0.0,0.0,0.0,0.0
NZA-0188,0.978559,34.363694,informal_iron_sheet,1160000.0,200,0.005,0.0,0.0,0.0,0.0,0.0
NZA-0188,0.978559,34.363694,informal_iron_sheet,1160000.0,500,0.002,0.0,0.0,0.0,0.0,0.0
NZA-0189,0.350124,35.109995,semi_permanent,2840000.0,10,0.1,0.0,0.0,0.0,0.0,0.0
NZA-0189,0.350124,35.109995,semi_permanent,2840000.0,20,0.05,0.0,0.0,0.0,0.0,0.0
NZA-0189,0.350124,35.109995,semi_permanent,2840000.0,50,0.02,0.0,0.0,0.0,0.0,0.0
NZA-0189,0.350124,35.109995,semi_permanent,2840000.0,100,0.01,0.0,0.0,0.0,0.0,0.0
NZA-0189,0.350124,35.109995,semi_permanent,2840000.0,200,0.005,0.0,0.0,0.0,0.0,0.0
NZA-0189,0.350124,35.109995,semi_permanent,2840000.0,500,0.002,0.0,0.0,0.0,0.0,0.0
NZA-0190,0.066907,34.937693,permanent_masonry,91205000.0,10,0.1,0.0,0.0,0.0,0.0,0.0
NZA-0190,0.066907,34.937693,permanent_masonry,91205000.0,20,0.05,0.0,0.0,0.0,0.0,0.0
NZA-0190,0.066907,34.937693,permanent_masonry,91205000.0,50,0.02,0.0,0.0,0.0,0.0,0.0
NZA-0190,0.066907,34.937693,permanent_masonry,91205000.0,100,0.01,0.0,0.0,0.0,0.0,0.0
NZA-0190,0.066907,34.937693,permanent_masonry,91205000.0,200,0.005,0.0,0.0,0.0,0.0,0.0
NZA-0190,0.066907,34.937693,permanent_masonry,91205000.0,500,0.002,0.0,0.0,0.0,0.0,0.0
NZA-0191,0.900958,34.589677,permanent_masonry,39600000.0,10,0.1,0.0,0.0,0.0,0.0,0.0
NZA-0191,0.900958,34.589677,permanent_masonry,39600000.0,20,0.05,0.0,0.0,0.0,0.0,0.0
NZA-0191,0.900958,34.589677,permanent_masonry,39600000.0,50,0.02,0.0,0.0,0.0,0.0,0.0
NZA-0191,0.900958,34.589677,permanent_masonry,39600000.0,100,0.01,0.0,0.0,0.0,0.0,0.0
NZA-0191,0.900958,34.589677,permanent_masonry,39600000.0,200,0.005,0.0,0.0,0.0,0.0,0.0
NZA-0191,0.900958,34.589677,permanent_masonry,39600000.0,500,0.002,0.0,0.0,0.0,0.0,0.0
NZA-0192,1.038165,35.008153,permanent_masonry,46415000.0,10,0.1,0.0,0.0,0.0,0.0,0.0
NZA-0192,1.038165,35.008153,permanent_masonry,46415000.0,20,0.05,0.0,0.0,0.0,0.0,0.0
NZA-0192,1.038165,35.008153,permanent_masonry,46415000.0,50,0.02,0.0,0.0,0.0,0.0,0.0
NZA-0192,1.038165,35.008153,permanent_masonry,46415000.0,100,0.01,0.0,0.0,0.0,0.0,0.0
NZA-0192,1.038165,35.008153,permanent_masonry,46415000.0,200,0.005,0.0,0.0,0.0,0.0,0.0
NZA-0192,1.038165,35.008153,permanent_masonry,46415000.0,500,0.002,0.0,0.0,0.0,0.0,0.0
NZA-0193,-0.070194,34.756022,concrete_rcc,333135000.0,10,0.1,0.0,0.0,0.0,0.0,0.0
NZA-0193,-0.070194,34.756022,concrete_rcc,333135000.0,20,0.05,0.0,0.0,0.0,0.0,0.0
NZA-0193,-0.070194,34.756022,concrete_rcc,333135000.0,50,0.02,0.0,0.0,0.0,0.0,0.0
NZA-0193,-0.070194,34.756022,concrete_rcc,333135000.0,100,0.01,0.0,0.0,0.0,0.0,0.0
NZA-0193,-0.070194,34.756022,concrete_rcc,333135000.0,200,0.005,0.0,0.0,0.0,0.0,0.0
NZA-0193,-0.070194,34.756022,concrete_rcc,333135000.0,500,0.002,0.0,0.0,0.0,0.0,0.0
NZA-0194,-0.078109,33.841378,permanent_masonry,116000000.0,10,0.1,0.3400000035762787,0.1298416079345218,15061626.520404527,2320000.0,12741626.520404527
NZA-0194,-0.078109,33.841378,permanent_masonry,116000000.0,20,0.05,0.3799999952316284,0.1298416079345218,15061626.520404527,2320000.0,12741626.520404527
NZA-0194,-0.078109,33.841378,permanent_masonry,116000000.0,50,0.02,0.4300000071525574,0.1298416079345218,15061626.520404527,2320000.0,12741626.520404527
NZA-0194,-0.078109,33.841378,permanent_masonry,116000000.0,100,0.01,0.4699999988079071,0.1298416079345218,15061626.520404527,2320000.0,12741626.520404527
NZA-0194,-0.078109,33.841378,permanent_masonry,116000000.0,200,0.005,0.5,0.1298416079345218,15061626.520404527,2320000.0,12741626.520404527
NZA-0194,-0.078109,33.841378,permanent_masonry,116000000.0,500,0.002,0.550000011920929,0.1298416079345218,15061626.520404527,2320000.0,12741626.520404527
NZA-0195,0.913456,34.12594,semi_permanent,5980000.0,10,0.1,0.0,0.0,0.0,0.0,0.0
NZA-0195,0.913456,34.12594,semi_permanent,5980000.0,20,0.05,0.0,0.0,0.0,0.0,0.0
NZA-0195,0.913456,34.12594,semi_permanent,5980000.0,50,0.02,0.0,0.0,0.0,0.0,0.0
NZA-0195,0.913456,34.12594,semi_permanent,5980000.0,100,0.01,0.0,0.0,0.0,0.0,0.0
NZA-0195,0.913456,34.12594,semi_permanent,5980000.0,200,0.005,0.0,0.0,0.0,0.0,0.0
NZA-0195,0.913456,34.12594,semi_permanent,5980000.0,500,0.002,0.0,0.0,0.0,0.0,0.0
NZA-0196,1.210137,34.610609,informal_iron_sheet,1135000.0,10,0.1,0.0,0.0,0.0,0.0,0.0
NZA-0196,1.210137,34.610609,informal_iron_sheet,1135000.0,20,0.05,0.0,0.0,0.0,0.0,0.0
NZA-0196,1.210137,34.610609,informal_iron_sheet,1135000.0,50,0.02,0.0,0.0,0.0,0.0,0.0
NZA-0196,1.210137,34.610609,informal_iron_sheet,1135000.0,100,0.01,0.0,0.0,0.0,0.0,0.0
NZA-0196,1.210137,34.610609,informal_iron_sheet,1135000.0,200,0.005,0.0,0.0,0.0,0.0,0.0
NZA-0196,1.210137,34.610609,informal_iron_sheet,1135000.0,500,0.002,0.0,0.0,0.0,0.0,0.0
NZA-0197,0.961132,34.216405,semi_permanent,8105000.0,10,0.1,0.0,0.0,0.0,0.0,0.0
NZA-0197,0.961132,34.216405,semi_permanent,8105000.0,20,0.05,0.0,0.0,0.0,0.0,0.0
NZA-0197,0.961132,34.216405,semi_permanent,8105000.0,50,0.02,0.0,0.0,0.0,0.0,0.0
NZA-0197,0.961132,34.216405,semi_permanent,8105000.0,100,0.01,0.0,0.0,0.0,0.0,0.0
NZA-0197,0.961132,34.216405,semi_permanent,8105000.0,200,0.005,0.0,0.0,0.0,0.0,0.0
NZA-0197,0.961132,34.216405,semi_permanent,8105000.0,500,0.002,0.0,0.0,0.0,0.0,0.0
NZA-0198,0.792632,34.650565,semi_permanent,3820000.0,10,0.1,0.0,0.0,0.0,0.0,0.0
NZA-0198,0.792632,34.650565,semi_permanent,3820000.0,20,0.05,0.0,0.0,0.0,0.0,0.0
NZA-0198,0.792632,34.650565,semi_permanent,3820000.0,50,0.02,0.0,0.0,0.0,0.0,0.0
NZA-0198,0.792632,34.650565,semi_permanent,3820000.0,100,0.01,0.0,0.0,0.0,0.0,0.0
NZA-0198,0.792632,34.650565,semi_permanent,3820000.0,200,0.005,0.0,0.0,0.0,0.0,0.0
NZA-0198,0.792632,34.650565,semi_permanent,3820000.0,500,0.002,0.0,0.0,0.0,0.0,0.0
NZA-0199,-0.072626,34.828982,permanent_masonry,72760000.0,10,0.1,0.0,0.0,0.0,0.0,0.0
NZA-0199,-0.072626,34.828982,permanent_masonry,72760000.0,20,0.05,0.0,0.0,0.0,0.0,0.0
NZA-0199,-0.072626,34.828982,permanent_masonry,72760000.0,50,0.02,0.0,0.0,0.0,0.0,0.0
NZA-0199,-0.072626,34.828982,permanent_masonry,72760000.0,100,0.01,0.0,0.0,0.0,0.0,0.0
NZA-0199,-0.072626,34.828982,permanent_masonry,72760000.0,200,0.005,0.0,0.0,0.0,0.0,0.0
NZA-0199,-0.072626,34.828982,permanent_masonry,72760000.0,500,0.002,0.0,0.0,0.0,0.0,0.0
NZA-0200,-0.00027,34.220095,informal_iron_sheet,920000.0,10,0.1,0.0,0.0,0.0,0.0,0.0
NZA-0200,-0.00027,34.220095,informal_iron_sheet,920000.0,20,0.05,0.0,0.0,0.0,0.0,0.0
NZA-0200,-0.00027,34.220095,informal_iron_sheet,920000.0,50,0.02,0.0,0.0,0.0,0.0,0.0
NZA-0200,-0.00027,34.220095,informal_iron_sheet,920000.0,100,0.01,0.0,0.0,0.0,0.0,0.0
NZA-0200,-0.00027,34.220095,informal_iron_sheet,920000.0,200,0.005,0.0,0.0,0.0,0.0,0.0
NZA-0200,-0.00027,34.220095,informal_iron_sheet,920000.0,500,0.002,0.0,0.0,0.0,0.0,0.0
NZA-0201,0.002237,34.709034,permanent_masonry,20160000.0,10,0.1,0.0,0.0,0.0,0.0,0.0
NZA-0201,0.002237,34.709034,permanent_masonry,20160000.0,20,0.05,0.0,0.0,0.0,0.0,0.0
NZA-0201,0.002237,34.709034,permanent_masonry,20160000.0,50,0.02,0.0,0.0,0.0,0.0,0.0
NZA-0201,0.002237,34.709034,permanent_masonry,20160000.0,100,0.01,0.0,0.0,0.0,0.0,0.0
NZA-0201,0.002237,34.709034,permanent_masonry,20160000.0,200,0.005,0.0,0.0,0.0,0.0,0.0
NZA-0201,0.002237,34.709034,permanent_masonry,20160000.0,500,0.002,0.0,0.0,0.0,0.0,0.0
NZA-0202,1.055605,34.184847,informal_iron_sheet,880000.0,10,0.1,0.0,0.0,0.0,0.0,0.0
NZA-0202,1.055605,34.184847,informal_iron_sheet,880000.0,20,0.05,0.0,0.0,0.0,0.0,0.0
NZA-0202,1.055605,34.184847,informal_iron_sheet,880000.0,50,0.02,0.0,0.0,0.0,0.0,0.0
NZA-0202,1.055605,34.184847,informal_iron_sheet,880000.0,100,0.01,0.0,0.0,0.0,0.0,0.0
NZA-0202,1.055605,34.184847,informal_iron_sheet,880000.0,200,0.005,0.0,0.0,0.0,0.0,0.0
NZA-0202,1.055605,34.184847,informal_iron_sheet,880000.0,500,0.002,0.0,0.0,0.0,0.0,0.0
NZA-0203,1.28914,34.853038,permanent_masonry,66150000.0,10,0.1,0.0,0.0,0.0,0.0,0.0
NZA-0203,1.28914,34.853038,permanent_masonry,66150000.0,20,0.05,0.0,0.0,0.0,0.0,0.0
NZA-0203,1.28914,34.853038,permanent_masonry,66150000.0,50,0.02,0.0,0.0,0.0,0.0,0.0
NZA-0203,1.28914,34.853038,permanent_masonry,66150000.0,100,0.01,0.0,0.0,0.0,0.0,0.0
NZA-0203,1.28914,34.853038,permanent_masonry,66150000.0,200,0.005,0.0,0.0,0.0,0.0,0.0
NZA-0203,1.28914,34.853038,permanent_masonry,66150000.0,500,0.002,0.0,0.0,0.0,0.0,0.0
NZA-0204,-0.055852,33.719756,informal_iron_sheet,1290000.0,10,0.1,0.36000001430511475,0.16620403524024446,214403.20545991536,25800.0,188603.20545991536
NZA-0204,-0.055852,33.719756,informal_iron_sheet,1290000.0,20,0.05,0.4000000059604645,0.16620403524024446,214403.20545991536,25800.0,188603.20545991536
NZA-0204,-0.055852,33.719756,informal_iron_sheet,1290000.0,50,0.02,0.46000000834465027,0.16620403524024446,214403.20545991536,25800.0,188603.20545991536
NZA-0204,-0.055852,33.719756,informal_iron_sheet,1290000.0,100,0.01,0.49000000953674316,0.16620403524024446,214403.20545991536,25800.0,188603.20545991536
NZA-0204,-0.055852,33.719756,informal_iron_sheet,1290000.0,200,0.005,0.5199999809265137,0.16620403524024446,214403.20545991536,25800.0,188603.20545991536
NZA-0204,-0.055852,33.719756,informal_iron_sheet,1290000.0,500,0.002,0.5600000023841858,0.16620403524024446,214403.20545991536,25800.0,188603.20545991536
NZA-0205,0.376545,35.3465,informal_iron_sheet,820000.0,10,0.1,0.0,0.0,0.0,0.0,0.0
NZA-0205,0.376545,35.3465,informal_iron_sheet,820000.0,20,0.05,0.0,0.0,0.0,0.0,0.0
NZA-0205,0.376545,35.3465,informal_iron_sheet,820000.0,50,0.02,0.0,0.0,0.0,0.0,0.0
NZA-0205,0.376545,35.3465,informal_iron_sheet,820000.0,100,0.01,0.0,0.0,0.0,0.0,0.0
NZA-0205,0.376545,35.3465,informal_iron_sheet,820000.0,200,0.005,0.0,0.0,0.0,0.0,0.0
NZA-0205,0.376545,35.3465,informal_iron_sheet,820000.0,500,0.002,0.0,0.0,0.0,0.0,0.0
NZA-0206,1.127888,34.607065,informal_iron_sheet,2465000.0,10,0.1,0.0,0.0,0.0,0.0,0.0
NZA-0206,1.127888,34.607065,informal_iron_sheet,2465000.0,20,0.05,0.0,0.0,0.0,0.0,0.0
NZA-0206,1.127888,34.607065,informal_iron_sheet,2465000.0,50,0.02,0.0,0.0,0.0,0.0,0.0
NZA-0206,1.127888,34.607065,informal_iron_sheet,2465000.0,100,0.01,0.0,0.0,0.0,0.0,0.0
NZA-0206,1.127888,34.607065,informal_iron_sheet,2465000.0,200,0.005,0.0,0.0,0.0,0.0,0.0
NZA-0206,1.127888,34.607065,informal_iron_sheet,2465000.0,500,0.002,0.0,0.0,0.0,0.0,0.0
NZA-0207,1.245841,34.340392,permanent_masonry,42415000.0,10,0.1,0.0,0.0,0.0,0.0,0.0
NZA-0207,1.245841,34.340392,permanent_masonry,42415000.0,20,0.05,0.0,0.0,0.0,0.0,0.0
NZA-0207,1.245841,34.340392,permanent_masonry,42415000.0,50,0.02,0.0,0.0,0.0,0.0,0.0
NZA-0207,1.245841,34.340392,permanent_masonry,42415000.0,100,0.01,0.0,0.0,0.0,0.0,0.0
NZA-0207,1.245841,34.340392,permanent_masonry,42415000.0,200,0.005,0.0,0.0,0.0,0.0,0.0
NZA-0207,1.245841,34.340392,permanent_masonry,42415000.0,500,0.002,0.0,0.0,0.0,0.0,0.0
NZA-0208,0.460521,34.445185,semi_permanent,3500000.0,10,0.1,0.0,0.0,0.0,0.0,0.0
NZA-0208,0.460521,34.445185,semi_permanent,3500000.0,20,0.05,0.0,0.0,0.0,0.0,0.0
NZA-0208,0.460521,34.445185,semi_permanent,3500000.0,50,0.02,0.0,0.0,0.0,0.0,0.0
NZA-0208,0.460521,34.445185,semi_permanent,3500000.0,100,0.01,0.0,0.0,0.0,0.0,0.0
NZA-0208,0.460521,34.445185,semi_permanent,3500000.0,200,0.005,0.0,0.0,0.0,0.0,0.0
NZA-0208,0.460521,34.445185,semi_permanent,3500000.0,500,0.002,0.0,0.0,0.0,0.0,0.0
NZA-0209,-0.281133,33.981186,permanent_masonry,42740000.0,10,0.1,1.2200000286102295,0.30554623996179836,13059046.295967262,854800.0,12204246.295967262
NZA-0209,-0.281133,33.981186,permanent_masonry,42740000.0,20,0.05,1.2899999618530273,0.3239925733822707,13847442.586358251,854800.0,12992642.586358251
NZA-0209,-0.281133,33.981186,permanent_masonry,42740000.0,50,0.02,1.3600000143051147,0.34625306285182234,14798855.906286886,854800.0,13944055.906286886
NZA-0209,-0.281133,33.981186,permanent_masonry,42740000.0,100,0.01,1.409999966621399,0.36352269038931123,15536959.787239162,854800.0,14682159.787239162
NZA-0209,-0.281133,33.981186,permanent_masonry,42740000.0,200,0.005,1.4600000381469727,0.37280426654621374,15933654.352185175,854800.0,15078854.352185175
NZA-0209,-0.281133,33.981186,permanent_masonry,42740000.0,500,0.002,1.5199999809265137,0.38901468588465793,16626487.67471028,854800.0,15771687.67471028
NZA-0210,0.816474,35.262409,semi_permanent,7895000.0,10,0.1,0.0,0.0,0.0,0.0,0.0
NZA-0210,0.816474,35.262409,semi_permanent,7895000.0,20,0.05,0.0,0.0,0.0,0.0,0.0
NZA-0210,0.816474,35.262409,semi_permanent,7895000.0,50,0.02,0.0,0.0,0.0,0.0,0.0
NZA-0210,0.816474,35.262409,semi_permanent,7895000.0,100,0.01,0.0,0.0,0.0,0.0,0.0
NZA-0210,0.816474,35.262409,semi_permanent,7895000.0,200,0.005,0.0,0.0,0.0,0.0,0.0
NZA-0210,0.816474,35.262409,semi_permanent,7895000.0,500,0.002,0.0,0.0,0.0,0.0,0.0
NZA-0211,0.961856,34.521307,semi_permanent,3505000.0,10,0.1,0.0,0.0,0.0,0.0,0.0
NZA-0211,0.961856,34.521307,semi_permanent,3505000.0,20,0.05,0.0,0.0,0.0,0.0,0.0
NZA-0211,0.961856,34.521307,semi_permanent,3505000.0,50,0.02,0.0,0.0,0.0,0.0,0.0
NZA-0211,0.961856,34.521307,semi_permanent,3505000.0,100,0.01,0.0,0.0,0.0,0.0,0.0
NZA-0211,0.961856,34.521307,semi_permanent,3505000.0,200,0.005,0.0,0.0,0.0,0.0,0.0
NZA-0211,0.961856,34.521307,semi_permanent,3505000.0,500,0.002,0.0,0.0,0.0,0.0,0.0
NZA-0212,-0.065838,34.54263,concrete_rcc,284415000.0,10,0.1,0.0,0.0,0.0,0.0,0.0
NZA-0212,-0.065838,34.54263,concrete_rcc,284415000.0,20,0.05,0.0,0.0,0.0,0.0,0.0
NZA-0212,-0.065838,34.54263,concrete_rcc,284415000.0,50,0.02,0.0,0.0,0.0,0.0,0.0
NZA-0212,-0.065838,34.54263,concrete_rcc,284415000.0,100,0.01,0.0,0.0,0.0,0.0,0.0
NZA-0212,-0.065838,34.54263,concrete_rcc,284415000.0,200,0.005,0.0,0.0,0.0,0.0,0.0
NZA-0212,-0.065838,34.54263,concrete_rcc,284415000.0,500,0.002,0.0,0.0,0.0,0.0,0.0
NZA-0213,0.91605,33.907819,permanent_masonry,112640000.0,10,0.1,0.0,0.0,0.0,0.0,0.0
NZA-0213,0.91605,33.907819,permanent_masonry,112640000.0,20,0.05,0.0,0.0,0.0,0.0,0.0
NZA-0213,0.91605,33.907819,permanent_masonry,112640000.0,50,0.02,0.0,0.0,0.0,0.0,0.0
NZA-0213,0.91605,33.907819,permanent_masonry,112640000.0,100,0.01,0.0,0.0,0.0,0.0,0.0
NZA-0213,0.91605,33.907819,permanent_masonry,112640000.0,200,0.005,0.0,0.0,0.0,0.0,0.0
NZA-0213,0.91605,33.907819,permanent_masonry,112640000.0,500,0.002,0.0,0.0,0.0,0.0,0.0
NZA-0214,0.07754,34.549123,informal_iron_sheet,860000.0,10,0.1,0.0,0.0,0.0,0.0,0.0
NZA-0214,0.07754,34.549123,informal_iron_sheet,860000.0,20,0.05,0.0,0.0,0.0,0.0,0.0
NZA-0214,0.07754,34.549123,informal_iron_sheet,860000.0,50,0.02,0.0,0.0,0.0,0.0,0.0
NZA-0214,0.07754,34.549123,informal_iron_sheet,860000.0,100,0.01,0.0,0.0,0.0,0.0,0.0
NZA-0214,0.07754,34.549123,informal_iron_sheet,860000.0,200,0.005,0.0,0.0,0.0,0.0,0.0
NZA-0214,0.07754,34.549123,informal_iron_sheet,860000.0,500,0.002,0.0,0.0,0.0,0.0,0.0
NZA-0215,-0.202341,34.161636,informal_iron_sheet,940000.0,10,0.1,1.6200000047683716,0.5555889563154331,522253.61893650715,18800.0,503453.61893650715
NZA-0215,-0.202341,34.161636,informal_iron_sheet,940000.0,20,0.05,1.7000000476837158,0.5798522523456676,545061.1172049276,18800.0,526261.1172049276
NZA-0215,-0.202341,34.161636,informal_iron_sheet,940000.0,50,0.02,1.7999999523162842,0.6130787813878765,576294.054504604,18800.0,557494.054504604
NZA-0215,-0.202341,34.161636,informal_iron_sheet,940000.0,100,0.01,1.8700000047683716,0.6303297650215787,592509.979120284,18800.0,573709.979120284
NZA-0215,-0.202341,34.161636,informal_iron_sheet,940000.0,200,0.005,1.9299999475479126,0.6428393533575897,604268.9921561343,18800.0,585468.9921561343
NZA-0215,-0.202341,34.161636,informal_iron_sheet,940000.0,500,0.002,2.009999990463257,0.6675625772503324,627508.8226153124,18800.0,608708.8226153124
NZA-0216,0.833242,34.463678,informal_iron_sheet,1050000.0,10,0.1,0.0,0.0,0.0,0.0,0.0
NZA-0216,0.833242,34.463678,informal_iron_sheet,1050000.0,20,0.05,0.0,0.0,0.0,0.0,0.0
NZA-0216,0.833242,34.463678,informal_iron_sheet,1050000.0,50,0.02,0.0,0.0,0.0,0.0,0.0
NZA-0216,0.833242,34.463678,informal_iron_sheet,1050000.0,100,0.01,0.0,0.0,0.0,0.0,0.0
NZA-0216,0.833242,34.463678,informal_iron_sheet,1050000.0,200,0.005,0.0,0.0,0.0,0.0,0.0
NZA-0216,0.833242,34.463678,informal_iron_sheet,1050000.0,500,0.002,0.0,0.0,0.0,0.0,0.0
NZA-0217,-0.098812,34.8947,informal_iron_sheet,1930000.0,10,0.1,0.0,0.0,0.0,0.0,0.0
NZA-0217,-0.098812,34.8947,informal_iron_sheet,1930000.0,20,0.05,0.0,0.0,0.0,0.0,0.0
NZA-0217,-0.098812,34.8947,informal_iron_sheet,1930000.0,50,0.02,0.0,0.0,0.0,0.0,0.0
NZA-0217,-0.098812,34.8947,informal_iron_sheet,1930000.0,100,0.01,0.0,0.0,0.0,0.0,0.0
NZA-0217,-0.098812,34.8947,informal_iron_sheet,1930000.0,200,0.005,0.0,0.0,0.0,0.0,0.0
NZA-0217,-0.098812,34.8947,informal_iron_sheet,1930000.0,500,0.002,0.0,0.0,0.0,0.0,0.0
NZA-0218,0.507474,34.920729,semi_permanent,4970000.0,10,0.1,0.0,0.0,0.0,0.0,0.0
NZA-0218,0.507474,34.920729,semi_permanent,4970000.0,20,0.05,0.0,0.0,0.0,0.0,0.0
NZA-0218,0.507474,34.920729,semi_permanent,4970000.0,50,0.02,0.0,0.0,0.0,0.0,0.0
NZA-0218,0.507474,34.920729,semi_permanent,4970000.0,100,0.01,0.0,0.0,0.0,0.0,0.0
NZA-0218,0.507474,34.920729,semi_permanent,4970000.0,200,0.005,0.0,0.0,0.0,0.0,0.0
NZA-0218,0.507474,34.920729,semi_permanent,4970000.0,500,0.002,0.0,0.0,0.0,0.0,0.0
NZA-0219,1.054706,34.124126,semi_permanent,5290000.0,10,0.1,0.0,0.0,0.0,0.0,0.0
NZA-0219,1.054706,34.124126,semi_permanent,5290000.0,20,0.05,0.0,0.0,0.0,0.0,0.0
NZA-0219,1.054706,34.124126,semi_permanent,5290000.0,50,0.02,0.0,0.0,0.0,0.0,0.0
NZA-0219,1.054706,34.124126,semi_permanent,5290000.0,100,0.01,0.0,0.0,0.0,0.0,0.0
NZA-0219,1.054706,34.124126,semi_permanent,5290000.0,200,0.005,0.0,0.0,0.0,0.0,0.0
NZA-0219,1.054706,34.124126,semi_permanent,5290000.0,500,0.002,0.0,0.0,0.0,0.0,0.0
NZA-0220,0.729331,34.535484,semi_permanent,7800000.0,10,0.1,0.0,0.0,0.0,0.0,0.0
NZA-0220,0.729331,34.535484,semi_permanent,7800000.0,20,0.05,0.0,0.0,0.0,0.0,0.0
NZA-0220,0.729331,34.535484,semi_permanent,7800000.0,50,0.02,0.0,0.0,0.0,0.0,0.0
NZA-0220,0.729331,34.535484,semi_permanent,7800000.0,100,0.01,0.0,0.0,0.0,0.0,0.0
NZA-0220,0.729331,34.535484,semi_permanent,7800000.0,200,0.005,0.0,0.0,0.0,0.0,0.0
NZA-0220,0.729331,34.535484,semi_permanent,7800000.0,500,0.002,0.0,0.0,0.0,0.0,0.0
NZA-0221,0.139703,35.199674,semi_permanent,7005000.0,10,0.1,0.0,0.0,0.0,0.0,0.0
NZA-0221,0.139703,35.199674,semi_permanent,7005000.0,20,0.05,0.0,0.0,0.0,0.0,0.0
NZA-0221,0.139703,35.199674,semi_permanent,7005000.0,50,0.02,0.0,0.0,0.0,0.0,0.0
NZA-0221,0.139703,35.199674,semi_permanent,7005000.0,100,0.01,0.0,0.0,0.0,0.0,0.0
NZA-0221,0.139703,35.199674,semi_permanent,7005000.0,200,0.005,0.0,0.0,0.0,0.0,0.0
NZA-0221,0.139703,35.199674,semi_permanent,7005000.0,500,0.002,0.0,0.0,0.0,0.0,0.0
NZA-0222,0.963084,34.705498,semi_permanent,5545000.0,10,0.1,0.0,0.0,0.0,0.0,0.0
NZA-0222,0.963084,34.705498,semi_permanent,5545000.0,20,0.05,0.0,0.0,0.0,0.0,0.0
NZA-0222,0.963084,34.705498,semi_permanent,5545000.0,50,0.02,0.0,0.0,0.0,0.0,0.0
NZA-0222,0.963084,34.705498,semi_permanent,5545000.0,100,0.01,0.0,0.0,0.0,0.0,0.0
NZA-0222,0.963084,34.705498,semi_permanent,5545000.0,200,0.005,0.0,0.0,0.0,0.0,0.0
NZA-0222,0.963084,34.705498,semi_permanent,5545000.0,500,0.002,0.0,0.0,0.0,0.0,0.0
NZA-0223,0.285659,34.150175,semi_permanent,3360000.0,10,0.1,0.0,0.0,0.0,0.0,0.0
NZA-0223,0.285659,34.150175,semi_permanent,3360000.0,20,0.05,0.0,0.0,0.0,0.0,0.0
NZA-0223,0.285659,34.150175,semi_permanent,3360000.0,50,0.02,0.0,0.0,0.0,0.0,0.0
NZA-0223,0.285659,34.150175,semi_permanent,3360000.0,100,0.01,0.0,0.0,0.0,0.0,0.0
NZA-0223,0.285659,34.150175,semi_permanent,3360000.0,200,0.005,0.0,0.0,0.0,0.0,0.0
NZA-0223,0.285659,34.150175,semi_permanent,3360000.0,500,0.002,0.0,0.0,0.0,0.0,0.0
NZA-0224,0.166684,33.973535,permanent_masonry,49700000.0,10,0.1,0.23000000417232513,0.1298416079345218,6453127.914345733,994000.0,5459127.914345733
NZA-0224,0.166684,33.973535,permanent_masonry,49700000.0,20,0.05,0.27000001072883606,0.1298416079345218,6453127.914345733,994000.0,5459127.914345733
NZA-0224,0.166684,33.973535,permanent_masonry,49700000.0,50,0.02,0.3199999928474426,0.1298416079345218,6453127.914345733,994000.0,5459127.914345733
NZA-0224,0.166684,33.973535,permanent_masonry,49700000.0,100,0.01,0.3499999940395355,0.1298416079345218,6453127.914345733,994000.0,5459127.914345733
NZA-0224,0.166684,33.973535,permanent_masonry,49700000.0,200,0.005,0.3799999952316284,0.1298416079345218,6453127.914345733,994000.0,5459127.914345733
NZA-0224,0.166684,33.973535,permanent_masonry,49700000.0,500,0.002,0.41999998688697815,0.1298416079345218,6453127.914345733,994000.0,5459127.914345733
NZA-0225,0.981894,33.990876,informal_iron_sheet,1230000.0,10,0.1,0.0,0.0,0.0,0.0,0.0
NZA-0225,0.981894,33.990876,informal_iron_sheet,1230000.0,20,0.05,0.0,0.0,0.0,0.0,0.0
NZA-0225,0.981894,33.990876,informal_iron_sheet,1230000.0,50,0.02,0.0,0.0,0.0,0.0,0.0
NZA-0225,0.981894,33.990876,informal_iron_sheet,1230000.0,100,0.01,0.0,0.0,0.0,0.0,0.0
NZA-0225,0.981894,33.990876,informal_iron_sheet,1230000.0,200,0.005,0.0,0.0,0.0,0.0,0.0
NZA-0225,0.981894,33.990876,informal_iron_sheet,1230000.0,500,0.002,0.0,0.0,0.0,0.0,0.0
NZA-0226,0.129184,34.293588,informal_iron_sheet,1520000.0,10,0.1,0.0,0.0,0.0,0.0,0.0
NZA-0226,0.129184,34.293588,informal_iron_sheet,1520000.0,20,0.05,0.0,0.0,0.0,0.0,0.0
NZA-0226,0.129184,34.293588,informal_iron_sheet,1520000.0,50,0.02,0.0,0.0,0.0,0.0,0.0
NZA-0226,0.129184,34.293588,informal_iron_sheet,1520000.0,100,0.01,0.0,0.0,0.0,0.0,0.0
NZA-0226,0.129184,34.293588,informal_iron_sheet,1520000.0,200,0.005,0.0,0.0,0.0,0.0,0.0
NZA-0226,0.129184,34.293588,informal_iron_sheet,1520000.0,500,0.002,0.0,0.0,0.0,0.0,0.0
NZA-0227,0.173777,33.973324,informal_iron_sheet,1890000.0,10,0.1,0.23000000417232513,0.16620403524024446,314125.62660406204,37800.0,276325.62660406204
NZA-0227,0.173777,33.973324,informal_iron_sheet,1890000.0,20,0.05,0.27000001072883606,0.16620403524024446,314125.62660406204,37800.0,276325.62660406204
NZA-0227,0.173777,33.973324,informal_iron_sheet,1890000.0,50,0.02,0.3199999928474426,0.16620403524024446,314125.62660406204,37800.0,276325.62660406204
NZA-0227,0.173777,33.973324,informal_iron_sheet,1890000.0,100,0.01,0.3499999940395355,0.16620403524024446,314125.62660406204,37800.0,276325.62660406204
NZA-0227,0.173777,33.973324,informal_iron_sheet,1890000.0,200,0.005,0.3799999952316284,0.16620403524024446,314125.62660406204,37800.0,276325.62660406204
NZA-0227,0.173777,33.973324,informal_iron_sheet,1890000.0,500,0.002,0.41999998688697815,0.16620403524024446,314125.62660406204,37800.0,276325.62660406204
NZA-0228,0.337195,35.035908,informal_iron_sheet,1480000.0,10,0.1,0.0,0.0,0.0,0.0,0.0
NZA-0228,0.337195,35.035908,informal_iron_sheet,1480000.0,20,0.05,0.0,0.0,0.0,0.0,0.0
NZA-0228,0.337195,35.035908,informal_iron_sheet,1480000.0,50,0.02,0.0,0.0,0.0,0.0,0.0
NZA-0228,0.337195,35.035908,informal_iron_sheet,1480000.0,100,0.01,0.0,0.0,0.0,0.0,0.0
NZA-0228,0.337195,35.035908,informal_iron_sheet,1480000.0,200,0.005,0.0,0.0,0.0,0.0,0.0
NZA-0228,0.337195,35.035908,informal_iron_sheet,1480000.0,500,0.002,0.0,0.0,0.0,0.0,0.0
NZA-0229,-0.248699,35.31671,semi_permanent,3400000.0,10,0.1,0.0,0.0,0.0,0.0,0.0
NZA-0229,-0.248699,35.31671,semi_permanent,3400000.0,20,0.05,0.0,0.0,0.0,0.0,0.0
NZA-0229,-0.248699,35.31671,semi_permanent,3400000.0,50,0.02,0.0,0.0,0.0,0.0,0.0
NZA-0229,-0.248699,35.31671,semi_permanent,3400000.0,100,0.01,0.0,0.0,0.0,0.0,0.0
NZA-0229,-0.248699,35.31671,semi_permanent,3400000.0,200,0.005,0.0,0.0,0.0,0.0,0.0
NZA-0229,-0.248699,35.31671,semi_permanent,3400000.0,500,0.002,0.0,0.0,0.0,0.0,0.0
NZA-0230,0.728115,35.387876,semi_permanent,4560000.0,10,0.1,0.0,0.0,0.0,0.0,0.0
NZA-0230,0.728115,35.387876,semi_permanent,4560000.0,20,0.05,0.0,0.0,0.0,0.0,0.0
NZA-0230,0.728115,35.387876,semi_permanent,4560000.0,50,0.02,0.0,0.0,0.0,0.0,0.0
NZA-0230,0.728115,35.387876,semi_permanent,4560000.0,100,0.01,0.0,0.0,0.0,0.0,0.0
NZA-0230,0.728115,35.387876,semi_permanent,4560000.0,200,0.005,0.0,0.0,0.0,0.0,0.0
NZA-0230,0.728115,35.387876,semi_permanent,4560000.0,500,0.002,0.0,0.0,0.0,0.0,0.0
NZA-0231,-0.080244,34.892939,semi_permanent,3915000.0,10,0.1,0.0,0.0,0.0,0.0,0.0
NZA-0231,-0.080244,34.892939,semi_permanent,3915000.0,20,0.05,0.0,0.0,0.0,0.0,0.0
NZA-0231,-0.080244,34.892939,semi_permanent,3915000.0,50,0.02,0.0,0.0,0.0,0.0,0.0
NZA-0231,-0.080244,34.892939,semi_permanent,3915000.0,100,0.01,0.0,0.0,0.0,0.0,0.0
NZA-0231,-0.080244,34.892939,semi_permanent,3915000.0,200,0.005,0.0,0.0,0.0,0.0,0.0
NZA-0231,-0.080244,34.892939,semi_permanent,3915000.0,500,0.002,0.0,0.0,0.0,0.0,0.0
NZA-0232,0.247534,34.558433,informal_iron_sheet,900000.0,10,0.1,0.0,0.0,0.0,0.0,0.0
NZA-0232,0.247534,34.558433,informal_iron_sheet,900000.0,20,0.05,0.0,0.0,0.0,0.0,0.0
NZA-0232,0.247534,34.558433,informal_iron_sheet,900000.0,50,0.02,0.0,0.0,0.0,0.0,0.0
NZA-0232,0.247534,34.558433,informal_iron_sheet,900000.0,100,0.01,0.0,0.0,0.0,0.0,0.0
NZA-0232,0.247534,34.558433,informal_iron_sheet,900000.0,200,0.005,0.0,0.0,0.0,0.0,0.0
NZA-0232,0.247534,34.558433,informal_iron_sheet,900000.0,500,0.002,0.0,0.0,0.0,0.0,0.0
NZA-0233,0.922151,35.061651,concrete_rcc,276605000.0,10,0.1,0.0,0.0,0.0,0.0,0.0
NZA-0233,0.922151,35.061651,concrete_rcc,276605000.0,20,0.05,0.0,0.0,0.0,0.0,0.0
NZA-0233,0.922151,35.061651,concrete_rcc,276605000.0,50,0.02,0.0,0.0,0.0,0.0,0.0
NZA-0233,0.922151,35.061651,concrete_rcc,276605000.0,100,0.01,0.0,0.0,0.0,0.0,0.0
NZA-0233,0.922151,35.061651,concrete_rcc,276605000.0,200,0.005,0.0,0.0,0.0,0.0,0.0
NZA-0233,0.922151,35.061651,concrete_rcc,276605000.0,500,0.002,0.0,0.0,0.0,0.0,0.0
NZA-0234,-0.102681,34.4462,informal_iron_sheet,930000.0,10,0.1,0.0,0.0,0.0,0.0,0.0
NZA-0234,-0.102681,34.4462,informal_iron_sheet,930000.0,20,0.05,0.0,0.0,0.0,0.0,0.0
NZA-0234,-0.102681,34.4462,informal_iron_sheet,930000.0,50,0.02,0.0,0.0,0.0,0.0,0.0
NZA-0234,-0.102681,34.4462,informal_iron_sheet,930000.0,100,0.01,0.0,0.0,0.0,0.0,0.0
NZA-0234,-0.102681,34.4462,informal_iron_sheet,930000.0,200,0.005,0.0,0.0,0.0,0.0,0.0
NZA-0234,-0.102681,34.4462,informal_iron_sheet,930000.0,500,0.002,0.0,0.0,0.0,0.0,0.0
NZA-0235,0.277237,33.7611,concrete_rcc,360720000.0,10,0.1,0.0,0.0,0.0,0.0,0.0
NZA-0235,0.277237,33.7611,concrete_rcc,360720000.0,20,0.05,0.0,0.0,0.0,0.0,0.0
NZA-0235,0.277237,33.7611,concrete_rcc,360720000.0,50,0.02,0.0,0.0,0.0,0.0,0.0
NZA-0235,0.277237,33.7611,concrete_rcc,360720000.0,100,0.01,0.0,0.0,0.0,0.0,0.0
NZA-0235,0.277237,33.7611,concrete_rcc,360720000.0,200,0.005,0.0,0.0,0.0,0.0,0.0
NZA-0235,0.277237,33.7611,concrete_rcc,360720000.0,500,0.002,0.0,0.0,0.0,0.0,0.0
NZA-0236,1.051056,35.348716,concrete_rcc,222805000.0,10,0.1,0.0,0.0,0.0,0.0,0.0
NZA-0236,1.051056,35.348716,concrete_rcc,222805000.0,20,0.05,0.0,0.0,0.0,0.0,0.0
NZA-0236,1.051056,35.348716,concrete_rcc,222805000.0,50,0.02,0.0,0.0,0.0,0.0,0.0
NZA-0236,1.051056,35.348716,concrete_rcc,222805000.0,100,0.01,0.0,0.0,0.0,0.0,0.0
NZA-0236,1.051056,35.348716,concrete_rcc,222805000.0,200,0.005,0.0,0.0,0.0,0.0,0.0
NZA-0236,1.051056,35.348716,concrete_rcc,222805000.0,500,0.002,0.0,0.0,0.0,0.0,0.0
NZA-0237,0.664035,33.87008,semi_permanent,3480000.0,10,0.1,0.0,0.0,0.0,0.0,0.0
NZA-0237,0.664035,33.87008,semi_permanent,3480000.0,20,0.05,0.0,0.0,0.0,0.0,0.0
NZA-0237,0.664035,33.87008,semi_permanent,3480000.0,50,0.02,0.0,0.0,0.0,0.0,0.0
NZA-0237,0.664035,33.87008,semi_permanent,3480000.0,100,0.01,0.0,0.0,0.0,0.0,0.0
NZA-0237,0.664035,33.87008,semi_permanent,3480000.0,200,0.005,0.0,0.0,0.0,0.0,0.0
NZA-0237,0.664035,33.87008,semi_permanent,3480000.0,500,0.002,0.0,0.0,0.0,0.0,0.0
NZA-0238,-0.203953,33.787429,informal_iron_sheet,1315000.0,10,0.1,0.46000000834465027,0.16620403524024446,218558.30634092147,26300.0,192258.30634092147
NZA-0238,-0.203953,33.787429,informal_iron_sheet,1315000.0,20,0.05,0.5099999904632568,0.16620403524024446,218558.30634092147,26300.0,192258.30634092147
NZA-0238,-0.203953,33.787429,informal_iron_sheet,1315000.0,50,0.02,0.5600000023841858,0.16620403524024446,218558.30634092147,26300.0,192258.30634092147
NZA-0238,-0.203953,33.787429,informal_iron_sheet,1315000.0,100,0.01,0.6000000238418579,0.17478094796119922,229836.94656897697,26300.0,203536.94656897697
NZA-0238,-0.203953,33.787429,informal_iron_sheet,1315000.0,200,0.005,0.6399999856948853,0.1885011567393359,247879.0211122267,26300.0,221579.0211122267
NZA-0238,-0.203953,33.787429,informal_iron_sheet,1315000.0,500,0.002,0.6800000071525574,0.21095673352894867,277408.1045905675,26300.0,251108.10459056753
NZA-0239,0.094046,34.98894,informal_iron_sheet,970000.0,10,0.1,0.0,0.0,0.0,0.0,0.0
NZA-0239,0.094046,34.98894,informal_iron_sheet,970000.0,20,0.05,0.0,0.0,0.0,0.0,0.0
NZA-0239,0.094046,34.98894,informal_iron_sheet,970000.0,50,0.02,0.0,0.0,0.0,0.0,0.0
NZA-0239,0.094046,34.98894,informal_iron_sheet,970000.0,100,0.01,0.0,0.0,0.0,0.0,0.0
NZA-0239,0.094046,34.98894,informal_iron_sheet,970000.0,200,0.005,0.0,0.0,0.0,0.0,0.0
NZA-0239,0.094046,34.98894,informal_iron_sheet,970000.0,500,0.002,0.0,0.0,0.0,0.0,0.0
NZA-0240,0.839308,34.623191,informal_iron_sheet,540000.0,10,0.1,0.0,0.0,0.0,0.0,0.0
NZA-0240,0.839308,34.623191,informal_iron_sheet,540000.0,20,0.05,0.0,0.0,0.0,0.0,0.0
NZA-0240,0.839308,34.623191,informal_iron_sheet,540000.0,50,0.02,0.0,0.0,0.0,0.0,0.0
NZA-0240,0.839308,34.623191,informal_iron_sheet,540000.0,100,0.01,0.0,0.0,0.0,0.0,0.0
NZA-0240,0.839308,34.623191,informal_iron_sheet,540000.0,200,0.005,0.0,0.0,0.0,0.0,0.0
NZA-0240,0.839308,34.623191,informal_iron_sheet,540000.0,500,0.002,0.0,0.0,0.0,0.0,0.0
NZA-0241,0.903049,34.77593,informal_iron_sheet,760000.0,10,0.1,0.0,0.0,0.0,0.0,0.0
NZA-0241,0.903049,34.77593,informal_iron_sheet,760000.0,20,0.05,0.0,0.0,0.0,0.0,0.0
NZA-0241,0.903049,34.77593,informal_iron_sheet,760000.0,50,0.02,0.0,0.0,0.0,0.0,0.0
NZA-0241,0.903049,34.77593,informal_iron_sheet,760000.0,100,0.01,0.0,0.0,0.0,0.0,0.0
NZA-0241,0.903049,34.77593,informal_iron_sheet,760000.0,200,0.005,0.0,0.0,0.0,0.0,0.0
NZA-0241,0.903049,34.77593,informal_iron_sheet,760000.0,500,0.002,0.0,0.0,0.0,0.0,0.0
NZA-0242,-0.27746,34.786991,informal_iron_sheet,1115000.0,10,0.1,0.75,0.2375906493325597,264913.574005804,22300.0,242613.57400580402
NZA-0242,-0.27746,34.786991,informal_iron_sheet,1115000.0,20,0.05,0.8700000047683716,0.29521638342519513,329166.2675190926,22300.0,306866.2675190926
NZA-0242,-0.27746,34.786991,informal_iron_sheet,1115000.0,50,0.02,1.0,0.3415500618417648,380828.3189535677,22300.0,358528.3189535677
NZA-0242,-0.27746,34.786991,informal_iron_sheet,1115000.0,100,0.01,1.090000033378601,0.36579380176870285,407860.08897210367,22300.0,385560.08897210367
NZA-0242,-0.27746,34.786991,informal_iron_sheet,1115000.0,200,0.005,1.1699999570846558,0.3991519582307646,445054.4334273025,22300.0,422754.4334273025
NZA-0242,-0.27746,34.786991,informal_iron_sheet,1115000.0,500,0.002,1.2699999809265137,0.441668669442001,492460.56642783113,22300.0,470160.56642783113
NZA-0243,0.311782,34.453673,informal_iron_sheet,1740000.0,10,0.1,0.0,0.0,0.0,0.0,0.0
NZA-0243,0.311782,34.453673,informal_iron_sheet,1740000.0,20,0.05,0.0,0.0,0.0,0.0,0.0
NZA-0243,0.311782,34.453673,informal_iron_sheet,1740000.0,50,0.02,0.0,0.0,0.0,0.0,0.0
NZA-0243,0.311782,34.453673,informal_iron_sheet,1740000.0,100,0.01,0.0,0.0,0.0,0.0,0.0
NZA-0243,0.311782,34.453673,informal_iron_sheet,1740000.0,200,0.005,0.0,0.0,0.0,0.0,0.0
NZA-0243,0.311782,34.453673,informal_iron_sheet,1740000.0,500,0.002,0.0,0.0,0.0,0.0,0.0
NZA-0244,0.405315,33.820881,informal_iron_sheet,1820000.0,10,0.1,0.0,0.0,0.0,0.0,0.0
NZA-0244,0.405315,33.820881,informal_iron_sheet,1820000.0,20,0.05,0.0,0.0,0.0,0.0,0.0
NZA-0244,0.405315,33.820881,informal_iron_sheet,1820000.0,50,0.02,0.0,0.0,0.0,0.0,0.0
NZA-0244,0.405315,33.820881,informal_iron_sheet,1820000.0,100,0.01,0.0,0.0,0.0,0.0,0.0
NZA-0244,0.405315,33.820881,informal_iron_sheet,1820000.0,200,0.005,0.0,0.0,0.0,0.0,0.0
NZA-0244,0.405315,33.820881,informal_iron_sheet,1820000.0,500,0.002,0.0,0.0,0.0,0.0,0.0
NZA-0245,0.470147,34.610429,informal_iron_sheet,505000.0,10,0.1,0.0,0.0,0.0,0.0,0.0
NZA-0245,0.470147,34.610429,informal_iron_sheet,505000.0,20,0.05,0.0,0.0,0.0,0.0,0.0
NZA-0245,0.470147,34.610429,informal_iron_sheet,505000.0,50,0.02,0.0,0.0,0.0,0.0,0.0
NZA-0245,0.470147,34.610429,informal_iron_sheet,505000.0,100,0.01,0.0,0.0,0.0,0.0,0.0
NZA-0245,0.470147,34.610429,informal_iron_sheet,505000.0,200,0.005,0.0,0.0,0.0,0.0,0.0
NZA-0245,0.470147,34.610429,informal_iron_sheet,505000.0,500,0.002,0.0,0.0,0.0,0.0,0.0
NZA-0246,0.786112,35.372968,semi_permanent,4590000.0,10,0.1,0.0,0.0,0.0,0.0,0.0
NZA-0246,0.786112,35.372968,semi_permanent,4590000.0,20,0.05,0.0,0.0,0.0,0.0,0.0
NZA-0246,0.786112,35.372968,semi_permanent,4590000.0,50,0.02,0.0,0.0,0.0,0.0,0.0
NZA-0246,0.786112,35.372968,semi_permanent,4590000.0,100,0.01,0.0,0.0,0.0,0.0,0.0
NZA-0246,0.786112,35.372968,semi_permanent,4590000.0,200,0.005,0.0,0.0,0.0,0.0,0.0
NZA-0246,0.786112,35.372968,semi_permanent,4590000.0,500,0.002,0.0,0.0,0.0,0.0,0.0
NZA-0247,1.02771,34.603808,permanent_masonry,38180000.0,10,0.1,0.0,0.0,0.0,0.0,0.0
NZA-0247,1.02771,34.603808,permanent_masonry,38180000.0,20,0.05,0.0,0.0,0.0,0.0,0.0
NZA-0247,1.02771,34.603808,permanent_masonry,38180000.0,50,0.02,0.0,0.0,0.0,0.0,0.0
NZA-0247,1.02771,34.603808,permanent_masonry,38180000.0,100,0.01,0.0,0.0,0.0,0.0,0.0
NZA-0247,1.02771,34.603808,permanent_masonry,38180000.0,200,0.005,0.0,0.0,0.0,0.0,0.0
NZA-0247,1.02771,34.603808,permanent_masonry,38180000.0,500,0.002,0.0,0.0,0.0,0.0,0.0
NZA-0248,1.278619,35.180017,semi_permanent,5815000.0,10,0.1,0.0,0.0,0.0,0.0,0.0
NZA-0248,1.278619,35.180017,semi_permanent,5815000.0,20,0.05,0.0,0.0,0.0,0.0,0.0
NZA-0248,1.278619,35.180017,semi_permanent,5815000.0,50,0.02,0.0,0.0,0.0,0.0,0.0
NZA-0248,1.278619,35.180017,semi_permanent,5815000.0,100,0.01,0.0,0.0,0.0,0.0,0.0
NZA-0248,1.278619,35.180017,semi_permanent,5815000.0,200,0.005,0.0,0.0,0.0,0.0,0.0
NZA-0248,1.278619,35.180017,semi_permanent,5815000.0,500,0.002,0.0,0.0,0.0,0.0,0.0
NZA-0249,0.784923,35.201385,semi_permanent,3095000.0,10,0.1,0.0,0.0,0.0,0.0,0.0
NZA-0249,0.784923,35.201385,semi_permanent,3095000.0,20,0.05,0.0,0.0,0.0,0.0,0.0
NZA-0249,0.784923,35.201385,semi_permanent,3095000.0,50,0.02,0.0,0.0,0.0,0.0,0.0
NZA-0249,0.784923,35.201385,semi_permanent,3095000.0,100,0.01,0.0,0.0,0.0,0.0,0.0
NZA-0249,0.784923,35.201385,semi_permanent,3095000.0,200,0.005,0.0,0.0,0.0,0.0,0.0
NZA-0249,0.784923,35.201385,semi_permanent,3095000.0,500,0.002,0.0,0.0,0.0,0.0,0.0
NZA-0250,0.30244,34.881249,semi_permanent,3070000.0,10,0.1,0.0,0.0,0.0,0.0,0.0
NZA-0250,0.30244,34.881249,semi_permanent,3070000.0,20,0.05,0.0,0.0,0.0,0.0,0.0
NZA-0250,0.30244,34.881249,semi_permanent,3070000.0,50,0.02,0.0,0.0,0.0,0.0,0.0
NZA-0250,0.30244,34.881249,semi_permanent,3070000.0,100,0.01,0.0,0.0,0.0,0.0,0.0
NZA-0250,0.30244,34.881249,semi_permanent,3070000.0,200,0.005,0.0,0.0,0.0,0.0,0.0
NZA-0250,0.30244,34.881249,semi_permanent,3070000.0,500,0.002,0.0,0.0,0.0,0.0,0.0
NZA-0251,1.03318,34.046947,informal_iron_sheet,595000.0,10,0.1,0.0,0.0,0.0,0.0,0.0
NZA-0251,1.03318,34.046947,informal_iron_sheet,595000.0,20,0.05,0.0,0.0,0.0,0.0,0.0
NZA-0251,1.03318,34.046947,informal_iron_sheet,595000.0,50,0.02,0.0,0.0,0.0,0.0,0.0
NZA-0251,1.03318,34.046947,informal_iron_sheet,595000.0,100,0.01,0.0,0.0,0.0,0.0,0.0
NZA-0251,1.03318,34.046947,informal_iron_sheet,595000.0,200,0.005,0.0,0.0,0.0,0.0,0.0
NZA-0251,1.03318,34.046947,informal_iron_sheet,595000.0,500,0.002,0.0,0.0,0.0,0.0,0.0
NZA-0252,1.194176,35.293823,informal_iron_sheet,955000.0,10,0.1,0.0,0.0,0.0,0.0,0.0
NZA-0252,1.194176,35.293823,informal_iron_sheet,955000.0,20,0.05,0.0,0.0,0.0,0.0,0.0
NZA-0252,1.194176,35.293823,informal_iron_sheet,955000.0,50,0.02,0.0,0.0,0.0,0.0,0.0
NZA-0252,1.194176,35.293823,informal_iron_sheet,955000.0,100,0.01,0.0,0.0,0.0,0.0,0.0
NZA-0252,1.194176,35.293823,informal_iron_sheet,955000.0,200,0.005,0.0,0.0,0.0,0.0,0.0
NZA-0252,1.194176,35.293823,informal_iron_sheet,955000.0,500,0.002,0.0,0.0,0.0,0.0,0.0
NZA-0253,0.529755,35.078419,permanent_masonry,73870000.0,10,0.1,0.0,0.0,0.0,0.0,0.0
NZA-0253,0.529755,35.078419,permanent_masonry,73870000.0,20,0.05,0.0,0.0,0.0,0.0,0.0
NZA-0253,0.529755,35.078419,permanent_masonry,73870000.0,50,0.02,0.0,0.0,0.0,0.0,0.0
NZA-0253,0.529755,35.078419,permanent_masonry,73870000.0,100,0.01,0.0,0.0,0.0,0.0,0.0
NZA-0253,0.529755,35.078419,permanent_masonry,73870000.0,200,0.005,0.0,0.0,0.0,0.0,0.0
NZA-0253,0.529755,35.078419,permanent_masonry,73870000.0,500,0.002,0.0,0.0,0.0,0.0,0.0
NZA-0254,0.343724,35.047128,concrete_rcc,425865000.0,10,0.1,0.0,0.0,0.0,0.0,0.0
NZA-0254,0.343724,35.047128,concrete_rcc,425865000.0,20,0.05,0.0,0.0,0.0,0.0,0.0
NZA-0254,0.343724,35.047128,concrete_rcc,425865000.0,50,0.02,0.0,0.0,0.0,0.0,0.0
NZA-0254,0.343724,35.047128,concrete_rcc,425865000.0,100,0.01,0.0,0.0,0.0,0.0,0.0
NZA-0254,0.343724,35.047128,concrete_rcc,425865000.0,200,0.005,0.0,0.0,0.0,0.0,0.0
NZA-0254,0.343724,35.047128,concrete_rcc,425865000.0,500,0.002,0.0,0.0,0.0,0.0,0.0
NZA-0255,0.70253,33.825102,informal_iron_sheet,590000.0,10,0.1,0.0,0.0,0.0,0.0,0.0
NZA-0255,0.70253,33.825102,informal_iron_sheet,590000.0,20,0.05,0.0,0.0,0.0,0.0,0.0
NZA-0255,0.70253,33.825102,informal_iron_sheet,590000.0,50,0.02,0.0,0.0,0.0,0.0,0.0
NZA-0255,0.70253,33.825102,informal_iron_sheet,590000.0,100,0.01,0.0,0.0,0.0,0.0,0.0
NZA-0255,0.70253,33.825102,informal_iron_sheet,590000.0,200,0.005,0.0,0.0,0.0,0.0,0.0
NZA-0255,0.70253,33.825102,informal_iron_sheet,590000.0,500,0.002,0.0,0.0,0.0,0.0,0.0
NZA-0256,-0.006645,35.185234,semi_permanent,5255000.0,10,0.1,0.0,0.0,0.0,0.0,0.0
NZA-0256,-0.006645,35.185234,semi_permanent,5255000.0,20,0.05,0.0,0.0,0.0,0.0,0.0
NZA-0256,-0.006645,35.185234,semi_permanent,5255000.0,50,0.02,0.0,0.0,0.0,0.0,0.0
NZA-0256,-0.006645,35.185234,semi_permanent,5255000.0,100,0.01,0.0,0.0,0.0,0.0,0.0
NZA-0256,-0.006645,35.185234,semi_permanent,5255000.0,200,0.005,0.0,0.0,0.0,0.0,0.0
NZA-0256,-0.006645,35.185234,semi_permanent,5255000.0,500,0.002,0.0,0.0,0.0,0.0,0.0
NZA-0257,0.631845,34.774512,informal_iron_sheet,650000.0,10,0.1,0.0,0.0,0.0,0.0,0.0
NZA-0257,0.631845,34.774512,informal_iron_sheet,650000.0,20,0.05,0.0,0.0,0.0,0.0,0.0
NZA-0257,0.631845,34.774512,informal_iron_sheet,650000.0,50,0.02,0.0,0.0,0.0,0.0,0.0
NZA-0257,0.631845,34.774512,informal_iron_sheet,650000.0,100,0.01,0.0,0.0,0.0,0.0,0.0
NZA-0257,0.631845,34.774512,informal_iron_sheet,650000.0,200,0.005,0.0,0.0,0.0,0.0,0.0
NZA-0257,0.631845,34.774512,informal_iron_sheet,650000.0,500,0.002,0.0,0.0,0.0,0.0,0.0
NZA-0258,0.574405,34.730911,semi_permanent,4275000.0,10,0.1,0.0,0.0,0.0,0.0,0.0
NZA-0258,0.574405,34.730911,semi_permanent,4275000.0,20,0.05,0.0,0.0,0.0,0.0,0.0
NZA-0258,0.574405,34.730911,semi_permanent,4275000.0,50,0.02,0.0,0.0,0.0,0.0,0.0
NZA-0258,0.574405,34.730911,semi_permanent,4275000.0,100,0.01,0.0,0.0,0.0,0.0,0.0
NZA-0258,0.574405,34.730911,semi_permanent,4275000.0,200,0.005,0.0,0.0,0.0,0.0,0.0
NZA-0258,0.574405,34.730911,semi_permanent,4275000.0,500,0.002,0.0,0.0,0.0,0.0,0.0
NZA-0259,0.980305,33.863152,informal_iron_sheet,1160000.0,10,0.1,0.0,0.0,0.0,0.0,0.0
NZA-0259,0.980305,33.863152,informal_iron_sheet,1160000.0,20,0.05,0.0,0.0,0.0,0.0,0.0
NZA-0259,0.980305,33.863152,informal_iron_sheet,1160000.0,50,0.02,0.0,0.0,0.0,0.0,0.0
NZA-0259,0.980305,33.863152,informal_iron_sheet,1160000.0,100,0.01,0.0,0.0,0.0,0.0,0.0
NZA-0259,0.980305,33.863152,informal_iron_sheet,1160000.0,200,0.005,0.0,0.0,0.0,0.0,0.0
NZA-0259,0.980305,33.863152,informal_iron_sheet,1160000.0,500,0.002,0.0,0.0,0.0,0.0,0.0
NZA-0260,-0.141532,35.034344,permanent_masonry,46245000.0,10,0.1,0.0,0.0,0.0,0.0,0.0
NZA-0260,-0.141532,35.034344,permanent_masonry,46245000.0,20,0.05,0.0,0.0,0.0,0.0,0.0
NZA-0260,-0.141532,35.034344,permanent_masonry,46245000.0,50,0.02,0.0,0.0,0.0,0.0,0.0
NZA-0260,-0.141532,35.034344,permanent_masonry,46245000.0,100,0.01,0.0,0.0,0.0,0.0,0.0
NZA-0260,-0.141532,35.034344,permanent_masonry,46245000.0,200,0.005,0.0,0.0,0.0,0.0,0.0
NZA-0260,-0.141532,35.034344,permanent_masonry,46245000.0,500,0.002,0.0,0.0,0.0,0.0,0.0
NZA-0261,-0.204841,34.978545,informal_iron_sheet,1070000.0,10,0.1,0.0,0.0,0.0,0.0,0.0
NZA-0261,-0.204841,34.978545,informal_iron_sheet,1070000.0,20,0.05,0.0,0.0,0.0,0.0,0.0
NZA-0261,-0.204841,34.978545,informal_iron_sheet,1070000.0,50,0.02,0.0,0.0,0.0,0.0,0.0
NZA-0261,-0.204841,34.978545,informal_iron_sheet,1070000.0,100,0.01,0.0,0.0,0.0,0.0,0.0
NZA-0261,-0.204841,34.978545,informal_iron_sheet,1070000.0,200,0.005,0.0,0.0,0.0,0.0,0.0
NZA-0261,-0.204841,34.978545,informal_iron_sheet,1070000.0,500,0.002,0.0,0.0,0.0,0.0,0.0
NZA-0262,0.336428,34.151892,semi_permanent,5580000.0,10,0.1,0.0,0.0,0.0,0.0,0.0
NZA-0262,0.336428,34.151892,semi_permanent,5580000.0,20,0.05,0.0,0.0,0.0,0.0,0.0
NZA-0262,0.336428,34.151892,semi_permanent,5580000.0,50,0.02,0.0,0.0,0.0,0.0,0.0
NZA-0262,0.336428,34.151892,semi_permanent,5580000.0,100,0.01,0.0,0.0,0.0,0.0,0.0
NZA-0262,0.336428,34.151892,semi_permanent,5580000.0,200,0.005,0.0,0.0,0.0,0.0,0.0
NZA-0262,0.336428,34.151892,semi_permanent,5580000.0,500,0.002,0.0,0.0,0.0,0.0,0.0
NZA-0263,0.441061,33.936723,permanent_masonry,63120000.0,10,0.1,0.0,0.0,0.0,0.0,0.0
NZA-0263,0.441061,33.936723,permanent_masonry,63120000.0,20,0.05,0.0,0.0,0.0,0.0,0.0
NZA-0263,0.441061,33.936723,permanent_masonry,63120000.0,50,0.02,0.0,0.0,0.0,0.0,0.0
NZA-0263,0.441061,33.936723,permanent_masonry,63120000.0,100,0.01,0.0,0.0,0.0,0.0,0.0
NZA-0263,0.441061,33.936723,permanent_masonry,63120000.0,200,0.005,0.0,0.0,0.0,0.0,0.0
NZA-0263,0.441061,33.936723,permanent_masonry,63120000.0,500,0.002,0.0,0.0,0.0,0.0,0.0
NZA-0264,0.582415,34.863063,semi_permanent,7590000.0,10,0.1,0.0,0.0,0.0,0.0,0.0
NZA-0264,0.582415,34.863063,semi_permanent,7590000.0,20,0.05,0.0,0.0,0.0,0.0,0.0
NZA-0264,0.582415,34.863063,semi_permanent,7590000.0,50,0.02,0.0,0.0,0.0,0.0,0.0
NZA-0264,0.582415,34.863063,semi_permanent,7590000.0,100,0.01,0.0,0.0,0.0,0.0,0.0
NZA-0264,0.582415,34.863063,semi_permanent,7590000.0,200,0.005,0.0,0.0,0.0,0.0,0.0
NZA-0264,0.582415,34.863063,semi_permanent,7590000.0,500,0.002,0.0,0.0,0.0,0.0,0.0
NZA-0265,1.103404,34.031378,permanent_masonry,87140000.0,10,0.1,0.0,0.0,0.0,0.0,0.0
NZA-0265,1.103404,34.031378,permanent_masonry,87140000.0,20,0.05,0.0,0.0,0.0,0.0,0.0
NZA-0265,1.103404,34.031378,permanent_masonry,87140000.0,50,0.02,0.0,0.0,0.0,0.0,0.0
NZA-0265,1.103404,34.031378,permanent_masonry,87140000.0,100,0.01,0.0,0.0,0.0,0.0,0.0
NZA-0265,1.103404,34.031378,permanent_masonry,87140000.0,200,0.005,0.0,0.0,0.0,0.0,0.0
NZA-0265,1.103404,34.031378,permanent_masonry,87140000.0,500,0.002,0.0,0.0,0.0,0.0,0.0
NZA-0266,-0.289731,34.413022,permanent_masonry,65705000.0,10,0.1,0.17000000178813934,0.1298416079345218,8531242.849337755,1314100.0,7217142.849337755
NZA-0266,-0.289731,34.413022,permanent_masonry,65705000.0,20,0.05,0.23000000417232513,0.1298416079345218,8531242.849337755,1314100.0,7217142.849337755
NZA-0266,-0.289731,34.413022,permanent_masonry,65705000.0,50,0.02,0.30000001192092896,0.1298416079345218,8531242.849337755,1314100.0,7217142.849337755
NZA-0266,-0.289731,34.413022,permanent_masonry,65705000.0,100,0.01,0.3700000047683716,0.1298416079345218,8531242.849337755,1314100.0,7217142.849337755
NZA-0266,-0.289731,34.413022,permanent_masonry,65705000.0,200,0.005,0.4399999976158142,0.1298416079345218,8531242.849337755,1314100.0,7217142.849337755
NZA-0266,-0.289731,34.413022,permanent_masonry,65705000.0,500,0.002,0.5299999713897705,0.1298416079345218,8531242.849337755,1314100.0,7217142.849337755
NZA-0267,1.20618,34.952274,semi_permanent,5270000.0,10,0.1,0.0,0.0,0.0,0.0,0.0
NZA-0267,1.20618,34.952274,semi_permanent,5270000.0,20,0.05,0.0,0.0,0.0,0.0,0.0
NZA-0267,1.20618,34.952274,semi_permanent,5270000.0,50,0.02,0.0,0.0,0.0,0.0,0.0
NZA-0267,1.20618,34.952274,semi_permanent,5270000.0,100,0.01,0.0,0.0,0.0,0.0,0.0
NZA-0267,1.20618,34.952274,semi_permanent,5270000.0,200,0.005,0.0,0.0,0.0,0.0,0.0
NZA-0267,1.20618,34.952274,semi_permanent,5270000.0,500,0.002,0.0,0.0,0.0,0.0,0.0
NZA-0268,1.080481,34.541392,permanent_masonry,72710000.0,10,0.1,0.0,0.0,0.0,0.0,0.0
NZA-0268,1.080481,34.541392,permanent_masonry,72710000.0,20,0.05,0.0,0.0,0.0,0.0,0.0
NZA-0268,1.080481,34.541392,permanent_masonry,72710000.0,50,0.02,0.0,0.0,0.0,0.0,0.0
NZA-0268,1.080481,34.541392,permanent_masonry,72710000.0,100,0.01,0.0,0.0,0.0,0.0,0.0
NZA-0268,1.080481,34.541392,permanent_masonry,72710000.0,200,0.005,0.0,0.0,0.0,0.0,0.0
NZA-0268,1.080481,34.541392,permanent_masonry,72710000.0,500,0.002,0.0,0.0,0.0,0.0,0.0
NZA-0269,1.265353,35.013313,semi_permanent,8215000.0,10,0.1,0.0,0.0,0.0,0.0,0.0
NZA-0269,1.265353,35.013313,semi_permanent,8215000.0,20,0.05,0.0,0.0,0.0,0.0,0.0
NZA-0269,1.265353,35.013313,semi_permanent,8215000.0,50,0.02,0.0,0.0,0.0,0.0,0.0
NZA-0269,1.265353,35.013313,semi_permanent,8215000.0,100,0.01,0.0,0.0,0.0,0.0,0.0
NZA-0269,1.265353,35.013313,semi_permanent,8215000.0,200,0.005,0.0,0.0,0.0,0.0,0.0
NZA-0269,1.265353,35.013313,semi_permanent,8215000.0,500,0.002,0.0,0.0,0.0,0.0,0.0
NZA-0270,0.162901,33.9899,concrete_rcc,204600000.0,10,0.1,0.0,0.0,0.0,0.0,0.0
NZA-0270,0.162901,33.9899,concrete_rcc,204600000.0,20,0.05,0.0,0.0,0.0,0.0,0.0
NZA-0270,0.162901,33.9899,concrete_rcc,204600000.0,50,0.02,0.0,0.0,0.0,0.0,0.0
NZA-0270,0.162901,33.9899,concrete_rcc,204600000.0,100,0.01,0.0,0.0,0.0,0.0,0.0
NZA-0270,0.162901,33.9899,concrete_rcc,204600000.0,200,0.005,0.0,0.0,0.0,0.0,0.0
NZA-0270,0.162901,33.9899,concrete_rcc,204600000.0,500,0.002,0.0,0.0,0.0,0.0,0.0
NZA-0271,0.91255,35.150675,informal_iron_sheet,695000.0,10,0.1,0.0,0.0,0.0,0.0,0.0
NZA-0271,0.91255,35.150675,informal_iron_sheet,695000.0,20,0.05,0.0,0.0,0.0,0.0,0.0
NZA-0271,0.91255,35.150675,informal_iron_sheet,695000.0,50,0.02,0.0,0.0,0.0,0.0,0.0
NZA-0271,0.91255,35.150675,informal_iron_sheet,695000.0,100,0.01,0.0,0.0,0.0,0.0,0.0
NZA-0271,0.91255,35.150675,informal_iron_sheet,695000.0,200,0.005,0.0,0.0,0.0,0.0,0.0
NZA-0271,0.91255,35.150675,informal_iron_sheet,695000.0,500,0.002,0.0,0.0,0.0,0.0,0.0
NZA-0272,0.846355,34.649884,informal_iron_sheet,1125000.0,10,0.1,0.0,0.0,0.0,0.0,0.0
NZA-0272,0.846355,34.649884,informal_iron_sheet,1125000.0,20,0.05,0.0,0.0,0.0,0.0,0.0
NZA-0272,0.846355,34.649884,informal_iron_sheet,1125000.0,50,0.02,0.0,0.0,0.0,0.0,0.0
NZA-0272,0.846355,34.649884,informal_iron_sheet,1125000.0,100,0.01,0.0,0.0,0.0,0.0,0.0
NZA-0272,0.846355,34.649884,informal_iron_sheet,1125000.0,200,0.005,0.0,0.0,0.0,0.0,0.0
NZA-0272,0.846355,34.649884,informal_iron_sheet,1125000.0,500,0.002,0.0,0.0,0.0,0.0,0.0
NZA-0273,0.661502,34.61257,informal_iron_sheet,1275000.0,10,0.1,0.0,0.0,0.0,0.0,0.0
NZA-0273,0.661502,34.61257,informal_iron_sheet,1275000.0,20,0.05,0.0,0.0,0.0,0.0,0.0
NZA-0273,0.661502,34.61257,informal_iron_sheet,1275000.0,50,0.02,0.0,0.0,0.0,0.0,0.0
NZA-0273,0.661502,34.61257,informal_iron_sheet,1275000.0,100,0.01,0.0,0.0,0.0,0.0,0.0
NZA-0273,0.661502,34.61257,informal_iron_sheet,1275000.0,200,0.005,0.0,0.0,0.0,0.0,0.0
NZA-0273,0.661502,34.61257,informal_iron_sheet,1275000.0,500,0.002,0.0,0.0,0.0,0.0,0.0
NZA-0274,0.054072,33.889111,permanent_masonry,62965000.0,10,0.1,4.090000152587891,0.7421696448298949,46730711.68671433,1259300.0,45471411.68671433
NZA-0274,0.054072,33.889111,permanent_masonry,62965000.0,20,0.05,4.190000057220459,0.7421696448298949,46730711.68671433,1259300.0,45471411.68671433
NZA-0274,0.054072,33.889111,permanent_masonry,62965000.0,50,0.02,4.300000190734863,0.7421696448298949,46730711.68671433,1259300.0,45471411.68671433
NZA-0274,0.054072,33.889111,permanent_masonry,62965000.0,100,0.01,4.380000114440918,0.7421696448298949,46730711.68671433,1259300.0,45471411.68671433
NZA-0274,0.054072,33.889111,permanent_masonry,62965000.0,200,0.005,4.449999809265137,0.7421696448298949,46730711.68671433,1259300.0,45471411.68671433
NZA-0274,0.054072,33.889111,permanent_masonry,62965000.0,500,0.002,4.539999961853027,0.7421696448298949,46730711.68671433,1259300.0,45471411.68671433
NZA-0275,0.627349,34.64853,informal_iron_sheet,1650000.0,10,0.1,0.0,0.0,0.0,0.0,0.0
NZA-0275,0.627349,34.64853,informal_iron_sheet,1650000.0,20,0.05,0.0,0.0,0.0,0.0,0.0
NZA-0275,0.627349,34.64853,informal_iron_sheet,1650000.0,50,0.02,0.0,0.0,0.0,0.0,0.0
NZA-0275,0.627349,34.64853,informal_iron_sheet,1650000.0,100,0.01,0.0,0.0,0.0,0.0,0.0
NZA-0275,0.627349,34.64853,informal_iron_sheet,1650000.0,200,0.005,0.0,0.0,0.0,0.0,0.0
NZA-0275,0.627349,34.64853,informal_iron_sheet,1650000.0,500,0.002,0.0,0.0,0.0,0.0,0.0
NZA-0276,0.777207,34.376214,permanent_masonry,55750000.0,10,0.1,0.0,0.0,0.0,0.0,0.0
NZA-0276,0.777207,34.376214,permanent_masonry,55750000.0,20,0.05,0.0,0.0,0.0,0.0,0.0
NZA-0276,0.777207,34.376214,permanent_masonry,55750000.0,50,0.02,0.0,0.0,0.0,0.0,0.0
NZA-0276,0.777207,34.376214,permanent_masonry,55750000.0,100,0.01,0.0,0.0,0.0,0.0,0.0
NZA-0276,0.777207,34.376214,permanent_masonry,55750000.0,200,0.005,0.0,0.0,0.0,0.0,0.0
NZA-0276,0.777207,34.376214,permanent_masonry,55750000.0,500,0.002,0.0,0.0,0.0,0.0,0.0
NZA-0277,1.02503,35.248999,informal_iron_sheet,1330000.0,10,0.1,0.0,0.0,0.0,0.0,0.0
NZA-0277,1.02503,35.248999,informal_iron_sheet,1330000.0,20,0.05,0.0,0.0,0.0,0.0,0.0
NZA-0277,1.02503,35.248999,informal_iron_sheet,1330000.0,50,0.02,0.0,0.0,0.0,0.0,0.0
NZA-0277,1.02503,35.248999,informal_iron_sheet,1330000.0,100,0.01,0.0,0.0,0.0,0.0,0.0
NZA-0277,1.02503,35.248999,informal_iron_sheet,1330000.0,200,0.005,0.0,0.0,0.0,0.0,0.0
NZA-0277,1.02503,35.248999,informal_iron_sheet,1330000.0,500,0.002,0.0,0.0,0.0,0.0,0.0
NZA-0278,0.628028,33.945231,permanent_masonry,49980000.0,10,0.1,0.0,0.0,0.0,0.0,0.0
NZA-0278,0.628028,33.945231,permanent_masonry,49980000.0,20,0.05,0.0,0.0,0.0,0.0,0.0
NZA-0278,0.628028,33.945231,permanent_masonry,49980000.0,50,0.02,0.0,0.0,0.0,0.0,0.0
NZA-0278,0.628028,33.945231,permanent_masonry,49980000.0,100,0.01,0.0,0.0,0.0,0.0,0.0
NZA-0278,0.628028,33.945231,permanent_masonry,49980000.0,200,0.005,0.0,0.0,0.0,0.0,0.0
NZA-0278,0.628028,33.945231,permanent_masonry,49980000.0,500,0.002,0.0,0.0,0.0,0.0,0.0
NZA-0279,0.517021,34.628905,semi_permanent,3195000.0,10,0.1,0.0,0.0,0.0,0.0,0.0
NZA-0279,0.517021,34.628905,semi_permanent,3195000.0,20,0.05,0.0,0.0,0.0,0.0,0.0
NZA-0279,0.517021,34.628905,semi_permanent,3195000.0,50,0.02,0.0,0.0,0.0,0.0,0.0
NZA-0279,0.517021,34.628905,semi_permanent,3195000.0,100,0.01,0.0,0.0,0.0,0.0,0.0
NZA-0279,0.517021,34.628905,semi_permanent,3195000.0,200,0.005,0.0,0.0,0.0,0.0,0.0
NZA-0279,0.517021,34.628905,semi_permanent,3195000.0,500,0.002,0.0,0.0,0.0,0.0,0.0
NZA-0280,1.185841,34.483516,semi_permanent,4305000.0,10,0.1,0.0,0.0,0.0,0.0,0.0
NZA-0280,1.185841,34.483516,semi_permanent,4305000.0,20,0.05,0.0,0.0,0.0,0.0,0.0
NZA-0280,1.185841,34.483516,semi_permanent,4305000.0,50,0.02,0.0,0.0,0.0,0.0,0.0
NZA-0280,1.185841,34.483516,semi_permanent,4305000.0,100,0.01,0.0,0.0,0.0,0.0,0.0
NZA-0280,1.185841,34.483516,semi_permanent,4305000.0,200,0.005,0.0,0.0,0.0,0.0,0.0
NZA-0280,1.185841,34.483516,semi_permanent,4305000.0,500,0.002,0.0,0.0,0.0,0.0,0.0
NZA-0281,0.439745,35.312734,concrete_rcc,467370000.0,10,0.1,0.0,0.0,0.0,0.0,0.0
NZA-0281,0.439745,35.312734,concrete_rcc,467370000.0,20,0.05,0.0,0.0,0.0,0.0,0.0
NZA-0281,0.439745,35.312734,concrete_rcc,467370000.0,50,0.02,0.0,0.0,0.0,0.0,0.0
NZA-0281,0.439745,35.312734,concrete_rcc,467370000.0,100,0.01,0.0,0.0,0.0,0.0,0.0
NZA-0281,0.439745,35.312734,concrete_rcc,467370000.0,200,0.005,0.0,0.0,0.0,0.0,0.0
NZA-0281,0.439745,35.312734,concrete_rcc,467370000.0,500,0.002,0.0,0.0,0.0,0.0,0.0
NZA-0282,0.791292,35.169288,semi_permanent,4745000.0,10,0.1,0.0,0.0,0.0,0.0,0.0
NZA-0282,0.791292,35.169288,semi_permanent,4745000.0,20,0.05,0.0,0.0,0.0,0.0,0.0
NZA-0282,0.791292,35.169288,semi_permanent,4745000.0,50,0.02,0.0,0.0,0.0,0.0,0.0
NZA-0282,0.791292,35.169288,semi_permanent,4745000.0,100,0.01,0.0,0.0,0.0,0.0,0.0
NZA-0282,0.791292,35.169288,semi_permanent,4745000.0,200,0.005,0.0,0.0,0.0,0.0,0.0
NZA-0282,0.791292,35.169288,semi_permanent,4745000.0,500,0.002,0.0,0.0,0.0,0.0,0.0
NZA-0283,0.923322,34.530605,semi_permanent,3620000.0,10,0.1,0.0,0.0,0.0,0.0,0.0
NZA-0283,0.923322,34.530605,semi_permanent,3620000.0,20,0.05,0.0,0.0,0.0,0.0,0.0
NZA-0283,0.923322,34.530605,semi_permanent,3620000.0,50,0.02,0.0,0.0,0.0,0.0,0.0
NZA-0283,0.923322,34.530605,semi_permanent,3620000.0,100,0.01,0.0,0.0,0.0,0.0,0.0
NZA-0283,0.923322,34.530605,semi_permanent,3620000.0,200,0.005,0.0,0.0,0.0,0.0,0.0
NZA-0283,0.923322,34.530605,semi_permanent,3620000.0,500,0.002,0.0,0.0,0.0,0.0,0.0
NZA-0284,0.769539,35.168805,informal_iron_sheet,1010000.0,10,0.1,0.0,0.0,0.0,0.0,0.0
NZA-0284,0.769539,35.168805,informal_iron_sheet,1010000.0,20,0.05,0.0,0.0,0.0,0.0,0.0
NZA-0284,0.769539,35.168805,informal_iron_sheet,1010000.0,50,0.02,0.0,0.0,0.0,0.0,0.0
NZA-0284,0.769539,35.168805,informal_iron_sheet,1010000.0,100,0.01,0.0,0.0,0.0,0.0,0.0
NZA-0284,0.769539,35.168805,informal_iron_sheet,1010000.0,200,0.005,0.0,0.0,0.0,0.0,0.0
NZA-0284,0.769539,35.168805,informal_iron_sheet,1010000.0,500,0.002,0.0,0.0,0.0,0.0,0.0
NZA-0285,0.574865,34.657637,permanent_masonry,36460000.0,10,0.1,0.0,0.0,0.0,0.0,0.0
NZA-0285,0.574865,34.657637,permanent_masonry,36460000.0,20,0.05,0.0,0.0,0.0,0.0,0.0
NZA-0285,0.574865,34.657637,permanent_masonry,36460000.0,50,0.02,0.0,0.0,0.0,0.0,0.0
NZA-0285,0.574865,34.657637,permanent_masonry,36460000.0,100,0.01,0.0,0.0,0.0,0.0,0.0
NZA-0285,0.574865,34.657637,permanent_masonry,36460000.0,200,0.005,0.0,0.0,0.0,0.0,0.0
NZA-0285,0.574865,34.657637,permanent_masonry,36460000.0,500,0.002,0.0,0.0,0.0,0.0,0.0
NZA-0286,0.178493,33.901017,permanent_masonry,32390000.0,10,0.1,0.23999999463558197,0.1298416079345218,4205569.680999161,647800.0,3557769.6809991607
NZA-0286,0.178493,33.901017,permanent_masonry,32390000.0,20,0.05,0.2800000011920929,0.1298416079345218,4205569.680999161,647800.0,3557769.6809991607
NZA-0286,0.178493,33.901017,permanent_masonry,32390000.0,50,0.02,0.33000001311302185,0.1298416079345218,4205569.680999161,647800.0,3557769.6809991607
NZA-0286,0.178493,33.901017,permanent_masonry,32390000.0,100,0.01,0.3700000047683716,0.1298416079345218,4205569.680999161,647800.0,3557769.6809991607
NZA-0286,0.178493,33.901017,permanent_masonry,32390000.0,200,0.005,0.4000000059604645,0.1298416079345218,4205569.680999161,647800.0,3557769.6809991607
NZA-0286,0.178493,33.901017,permanent_masonry,32390000.0,500,0.002,0.44999998807907104,0.1298416079345218,4205569.680999161,647800.0,3557769.6809991607
NZA-0287,-0.032237,33.866162,semi_permanent,4915000.0,10,0.1,0.4699999988079071,0.14281975640791192,701959.1027448871,98300.0,603659.1027448871
NZA-0287,-0.032237,33.866162,semi_permanent,4915000.0,20,0.05,0.5199999809265137,0.14281975640791192,701959.1027448871,98300.0,603659.1027448871
NZA-0287,-0.032237,33.866162,semi_permanent,4915000.0,50,0.02,0.5799999833106995,0.14281975640791192,701959.1027448871,98300.0,603659.1027448871
NZA-0287,-0.032237,33.866162,semi_permanent,4915000.0,100,0.01,0.6200000047683716,0.14381987394720455,706874.6804505104,98300.0,608574.6804505104
NZA-0287,-0.032237,33.866162,semi_permanent,4915000.0,200,0.005,0.6600000262260437,0.15816047104298941,777358.7151762929,98300.0,679058.7151762929
NZA-0287,-0.032237,33.866162,semi_permanent,4915000.0,500,0.002,0.699999988079071,0.17104703283052575,840696.166362034,98300.0,742396.166362034
NZA-0288,1.019005,34.386734,permanent_masonry,84990000.0,10,0.1,0.0,0.0,0.0,0.0,0.0
NZA-0288,1.019005,34.386734,permanent_masonry,84990000.0,20,0.05,0.0,0.0,0.0,0.0,0.0
NZA-0288,1.019005,34.386734,permanent_masonry,84990000.0,50,0.02,0.0,0.0,0.0,0.0,0.0
NZA-0288,1.019005,34.386734,permanent_masonry,84990000.0,100,0.01,0.0,0.0,0.0,0.0,0.0
NZA-0288,1.019005,34.386734,permanent_masonry,84990000.0,200,0.005,0.0,0.0,0.0,0.0,0.0
NZA-0288,1.019005,34.386734,permanent_masonry,84990000.0,500,0.002,0.0,0.0,0.0,0.0,0.0
NZA-0289,0.87648,35.270379,semi_permanent,5130000.0,10,0.1,0.0,0.0,0.0,0.0,0.0
NZA-0289,0.87648,35.270379,semi_permanent,5130000.0,20,0.05,0.0,0.0,0.0,0.0,0.0
NZA-0289,0.87648,35.270379,semi_permanent,5130000.0,50,0.02,0.0,0.0,0.0,0.0,0.0
NZA-0289,0.87648,35.270379,semi_permanent,5130000.0,100,0.01,0.0,0.0,0.0,0.0,0.0
NZA-0289,0.87648,35.270379,semi_permanent,5130000.0,200,0.005,0.0,0.0,0.0,0.0,0.0
NZA-0289,0.87648,35.270379,semi_permanent,5130000.0,500,0.002,0.0,0.0,0.0,0.0,0.0
NZA-0290,0.727901,34.986233,informal_iron_sheet,895000.0,10,0.1,0.0,0.0,0.0,0.0,0.0
NZA-0290,0.727901,34.986233,informal_iron_sheet,895000.0,20,0.05,0.0,0.0,0.0,0.0,0.0
NZA-0290,0.727901,34.986233,informal_iron_sheet,895000.0,50,0.02,0.0,0.0,0.0,0.0,0.0
NZA-0290,0.727901,34.986233,informal_iron_sheet,895000.0,100,0.01,0.0,0.0,0.0,0.0,0.0
NZA-0290,0.727901,34.986233,informal_iron_sheet,895000.0,200,0.005,0.0,0.0,0.0,0.0,0.0
NZA-0290,0.727901,34.986233,informal_iron_sheet,895000.0,500,0.002,0.0,0.0,0.0,0.0,0.0
NZA-0291,1.182063,35.231795,concrete_rcc,221090000.0,10,0.1,0.0,0.0,0.0,0.0,0.0
NZA-0291,1.182063,35.231795,concrete_rcc,221090000.0,20,0.05,0.0,0.0,0.0,0.0,0.0
NZA-0291,1.182063,35.231795,concrete_rcc,221090000.0,50,0.02,0.0,0.0,0.0,0.0,0.0
NZA-0291,1.182063,35.231795,concrete_rcc,221090000.0,100,0.01,0.0,0.0,0.0,0.0,0.0
NZA-0291,1.182063,35.231795,concrete_rcc,221090000.0,200,0.005,0.0,0.0,0.0,0.0,0.0
NZA-0291,1.182063,35.231795,concrete_rcc,221090000.0,500,0.002,0.0,0.0,0.0,0.0,0.0
NZA-0292,0.95596,35.318004,informal_iron_sheet,1315000.0,10,0.1,0.0,0.0,0.0,0.0,0.0
NZA-0292,0.95596,35.318004,informal_iron_sheet,1315000.0,20,0.05,0.0,0.0,0.0,0.0,0.0
NZA-0292,0.95596,35.318004,informal_iron_sheet,1315000.0,50,0.02,0.0,0.0,0.0,0.0,0.0
NZA-0292,0.95596,35.318004,informal_iron_sheet,1315000.0,100,0.01,0.0,0.0,0.0,0.0,0.0
NZA-0292,0.95596,35.318004,informal_iron_sheet,1315000.0,200,0.005,0.0,0.0,0.0,0.0,0.0
NZA-0292,0.95596,35.318004,informal_iron_sheet,1315000.0,500,0.002,0.0,0.0,0.0,0.0,0.0
NZA-0293,1.153901,34.966821,permanent_masonry,21345000.0,10,0.1,0.0,0.0,0.0,0.0,0.0
NZA-0293,1.153901,34.966821,permanent_masonry,21345000.0,20,0.05,0.0,0.0,0.0,0.0,0.0
NZA-0293,1.153901,34.966821,permanent_masonry,21345000.0,50,0.02,0.0,0.0,0.0,0.0,0.0
NZA-0293,1.153901,34.966821,permanent_masonry,21345000.0,100,0.01,0.0,0.0,0.0,0.0,0.0
NZA-0293,1.153901,34.966821,permanent_masonry,21345000.0,200,0.005,0.0,0.0,0.0,0.0,0.0
NZA-0293,1.153901,34.966821,permanent_masonry,21345000.0,500,0.002,0.0,0.0,0.0,0.0,0.0
NZA-0294,0.965489,34.374677,concrete_rcc,141660000.0,10,0.1,0.0,0.0,0.0,0.0,0.0
NZA-0294,0.965489,34.374677,concrete_rcc,141660000.0,20,0.05,0.0,0.0,0.0,0.0,0.0
NZA-0294,0.965489,34.374677,concrete_rcc,141660000.0,50,0.02,0.0,0.0,0.0,0.0,0.0
NZA-0294,0.965489,34.374677,concrete_rcc,141660000.0,100,0.01,0.0,0.0,0.0,0.0,0.0
NZA-0294,0.965489,34.374677,concrete_rcc,141660000.0,200,0.005,0.0,0.0,0.0,0.0,0.0
NZA-0294,0.965489,34.374677,concrete_rcc,141660000.0,500,0.002,0.0,0.0,0.0,0.0,0.0
NZA-0295,0.368369,34.148271,concrete_rcc,385920000.0,10,0.1,0.0,0.0,0.0,0.0,0.0
NZA-0295,0.368369,34.148271,concrete_rcc,385920000.0,20,0.05,0.0,0.0,0.0,0.0,0.0
NZA-0295,0.368369,34.148271,concrete_rcc,385920000.0,50,0.02,0.0,0.0,0.0,0.0,0.0
NZA-0295,0.368369,34.148271,concrete_rcc,385920000.0,100,0.01,0.0,0.0,0.0,0.0,0.0
NZA-0295,0.368369,34.148271,concrete_rcc,385920000.0,200,0.005,0.0,0.0,0.0,0.0,0.0
NZA-0295,0.368369,34.148271,concrete_rcc,385920000.0,500,0.002,0.0,0.0,0.0,0.0,0.0
NZA-0296,0.834715,35.024396,semi_permanent,4325000.0,10,0.1,0.0,0.0,0.0,0.0,0.0
NZA-0296,0.834715,35.024396,semi_permanent,4325000.0,20,0.05,0.0,0.0,0.0,0.0,0.0
NZA-0296,0.834715,35.024396,semi_permanent,4325000.0,50,0.02,0.0,0.0,0.0,0.0,0.0
NZA-0296,0.834715,35.024396,semi_permanent,4325000.0,100,0.01,0.0,0.0,0.0,0.0,0.0
NZA-0296,0.834715,35.024396,semi_permanent,4325000.0,200,0.005,0.0,0.0,0.0,0.0,0.0
NZA-0296,0.834715,35.024396,semi_permanent,4325000.0,500,0.002,0.0,0.0,0.0,0.0,0.0
NZA-0297,0.910832,35.060717,informal_iron_sheet,865000.0,10,0.1,0.0,0.0,0.0,0.0,0.0
NZA-0297,0.910832,35.060717,informal_iron_sheet,865000.0,20,0.05,0.0,0.0,0.0,0.0,0.0
NZA-0297,0.910832,35.060717,informal_iron_sheet,865000.0,50,0.02,0.0,0.0,0.0,0.0,0.0
NZA-0297,0.910832,35.060717,informal_iron_sheet,865000.0,100,0.01,0.0,0.0,0.0,0.0,0.0
NZA-0297,0.910832,35.060717,informal_iron_sheet,865000.0,200,0.005,0.0,0.0,0.0,0.0,0.0
NZA-0297,0.910832,35.060717,informal_iron_sheet,865000.0,500,0.002,0.0,0.0,0.0,0.0,0.0
NZA-0298,0.35965,35.324168,informal_iron_sheet,1220000.0,10,0.1,0.0,0.0,0.0,0.0,0.0
NZA-0298,0.35965,35.324168,informal_iron_sheet,1220000.0,20,0.05,0.0,0.0,0.0,0.0,0.0
NZA-0298,0.35965,35.324168,informal_iron_sheet,1220000.0,50,0.02,0.0,0.0,0.0,0.0,0.0
NZA-0298,0.35965,35.324168,informal_iron_sheet,1220000.0,100,0.01,0.0,0.0,0.0,0.0,0.0
NZA-0298,0.35965,35.324168,informal_iron_sheet,1220000.0,200,0.005,0.0,0.0,0.0,0.0,0.0
NZA-0298,0.35965,35.324168,informal_iron_sheet,1220000.0,500,0.002,0.0,0.0,0.0,0.0,0.0
NZA-0299,0.153178,34.779217,semi_permanent,2375000.0,10,0.1,0.0,0.0,0.0,0.0,0.0
NZA-0299,0.153178,34.779217,semi_permanent,2375000.0,20,0.05,0.0,0.0,0.0,0.0,0.0
NZA-0299,0.153178,34.779217,semi_permanent,2375000.0,50,0.02,0.0,0.0,0.0,0.0,0.0
NZA-0299,0.153178,34.779217,semi_permanent,2375000.0,100,0.01,0.0,0.0,0.0,0.0,0.0
NZA-0299,0.153178,34.779217,semi_permanent,2375000.0,200,0.005,0.0,0.0,0.0,0.0,0.0
NZA-0299,0.153178,34.779217,semi_permanent,2375000.0,500,0.002,0.0,0.0,0.0,0.0,0.0
NZA-0300,0.458554,35.18356,semi_permanent,3600000.0,10,0.1,0.0,0.0,0.0,0.0,0.0
NZA-0300,0.458554,35.18356,semi_permanent,3600000.0,20,0.05,0.0,0.0,0.0,0.0,0.0
NZA-0300,0.458554,35.18356,semi_permanent,3600000.0,50,0.02,0.0,0.0,0.0,0.0,0.0
NZA-0300,0.458554,35.18356,semi_permanent,3600000.0,100,0.01,0.0,0.0,0.0,0.0,0.0
NZA-0300,0.458554,35.18356,semi_permanent,3600000.0,200,0.005,0.0,0.0,0.0,0.0,0.0
NZA-0300,0.458554,35.18356,semi_permanent,3600000.0,500,0.002,0.0,0.0,0.0,0.0,0.0
NZA-0301,-0.162183,34.160557,permanent_masonry,79745000.0,10,0.1,0.0,0.0,0.0,0.0,0.0
NZA-0301,-0.162183,34.160557,permanent_masonry,79745000.0,20,0.05,0.0,0.0,0.0,0.0,0.0
NZA-0301,-0.162183,34.160557,permanent_masonry,79745000.0,50,0.02,0.0,0.0,0.0,0.0,0.0
NZA-0301,-0.162183,34.160557,permanent_masonry,79745000.0,100,0.01,0.0,0.0,0.0,0.0,0.0
NZA-0301,-0.162183,34.160557,permanent_masonry,79745000.0,200,0.005,0.0,0.0,0.0,0.0,0.0
NZA-0301,-0.162183,34.160557,permanent_masonry,79745000.0,500,0.002,0.0,0.0,0.0,0.0,0.0
NZA-0302,0.308398,34.177234,semi_permanent,7700000.0,10,0.1,0.0,0.0,0.0,0.0,0.0
NZA-0302,0.308398,34.177234,semi_permanent,7700000.0,20,0.05,0.0,0.0,0.0,0.0,0.0
NZA-0302,0.308398,34.177234,semi_permanent,7700000.0,50,0.02,0.0,0.0,0.0,0.0,0.0
NZA-0302,0.308398,34.177234,semi_permanent,7700000.0,100,0.01,0.0,0.0,0.0,0.0,0.0
NZA-0302,0.308398,34.177234,semi_permanent,7700000.0,200,0.005,0.0,0.0,0.0,0.0,0.0
NZA-0302,0.308398,34.177234,semi_permanent,7700000.0,500,0.002,0.0,0.0,0.0,0.0,0.0
NZA-0303,0.949621,34.475347,informal_iron_sheet,895000.0,10,0.1,0.0,0.0,0.0,0.0,0.0
NZA-0303,0.949621,34.475347,informal_iron_sheet,895000.0,20,0.05,0.0,0.0,0.0,0.0,0.0
NZA-0303,0.949621,34.475347,informal_iron_sheet,895000.0,50,0.02,0.0,0.0,0.0,0.0,0.0
NZA-0303,0.949621,34.475347,informal_iron_sheet,895000.0,100,0.01,0.0,0.0,0.0,0.0,0.0
NZA-0303,0.949621,34.475347,informal_iron_sheet,895000.0,200,0.005,0.0,0.0,0.0,0.0,0.0
NZA-0303,0.949621,34.475347,informal_iron_sheet,895000.0,500,0.002,0.0,0.0,0.0,0.0,0.0
NZA-0304,0.668158,33.957035,concrete_rcc,257515000.0,10,0.1,0.0,0.0,0.0,0.0,0.0
NZA-0304,0.668158,33.957035,concrete_rcc,257515000.0,20,0.05,0.0,0.0,0.0,0.0,0.0
NZA-0304,0.668158,33.957035,concrete_rcc,257515000.0,50,0.02,0.0,0.0,0.0,0.0,0.0
NZA-0304,0.668158,33.957035,concrete_rcc,257515000.0,100,0.01,0.0,0.0,0.0,0.0,0.0
NZA-0304,0.668158,33.957035,concrete_rcc,257515000.0,200,0.005,0.0,0.0,0.0,0.0,0.0
NZA-0304,0.668158,33.957035,concrete_rcc,257515000.0,500,0.002,0.0,0.0,0.0,0.0,0.0
NZA-0305,0.980948,35.148597,informal_iron_sheet,730000.0,10,0.1,0.0,0.0,0.0,0.0,0.0
NZA-0305,0.980948,35.148597,informal_iron_sheet,730000.0,20,0.05,0.0,0.0,0.0,0.0,0.0
NZA-0305,0.980948,35.148597,informal_iron_sheet,730000.0,50,0.02,0.0,0.0,0.0,0.0,0.0
NZA-0305,0.980948,35.148597,informal_iron_sheet,730000.0,100,0.01,0.0,0.0,0.0,0.0,0.0
NZA-0305,0.980948,35.148597,informal_iron_sheet,730000.0,200,0.005,0.0,0.0,0.0,0.0,0.0
NZA-0305,0.980948,35.148597,informal_iron_sheet,730000.0,500,0.002,0.0,0.0,0.0,0.0,0.0
NZA-0306,0.332437,35.079992,permanent_masonry,34315000.0,10,0.1,0.0,0.0,0.0,0.0,0.0
NZA-0306,0.332437,35.079992,permanent_masonry,34315000.0,20,0.05,0.0,0.0,0.0,0.0,0.0
NZA-0306,0.332437,35.079992,permanent_masonry,34315000.0,50,0.02,0.0,0.0,0.0,0.0,0.0
NZA-0306,0.332437,35.079992,permanent_masonry,34315000.0,100,0.01,0.0,0.0,0.0,0.0,0.0
NZA-0306,0.332437,35.079992,permanent_masonry,34315000.0,200,0.005,0.0,0.0,0.0,0.0,0.0
NZA-0306,0.332437,35.079992,permanent_masonry,34315000.0,500,0.002,0.0,0.0,0.0,0.0,0.0
NZA-0307,1.250294,35.241248,concrete_rcc,308865000.0,10,0.1,0.0,0.0,0.0,0.0,0.0
NZA-0307,1.250294,35.241248,concrete_rcc,308865000.0,20,0.05,0.0,0.0,0.0,0.0,0.0
NZA-0307,1.250294,35.241248,concrete_rcc,308865000.0,50,0.02,0.0,0.0,0.0,0.0,0.0
NZA-0307,1.250294,35.241248,concrete_rcc,308865000.0,100,0.01,0.0,0.0,0.0,0.0,0.0
NZA-0307,1.250294,35.241248,concrete_rcc,308865000.0,200,0.005,0.0,0.0,0.0,0.0,0.0
NZA-0307,1.250294,35.241248,concrete_rcc,308865000.0,500,0.002,0.0,0.0,0.0,0.0,0.0
NZA-0308,0.694308,33.996537,permanent_masonry,123155000.0,10,0.1,0.0,0.0,0.0,0.0,0.0
NZA-0308,0.694308,33.996537,permanent_masonry,123155000.0,20,0.05,0.0,0.0,0.0,0.0,0.0
NZA-0308,0.694308,33.996537,permanent_masonry,123155000.0,50,0.02,0.0,0.0,0.0,0.0,0.0
NZA-0308,0.694308,33.996537,permanent_masonry,123155000.0,100,0.01,0.0,0.0,0.0,0.0,0.0
NZA-0308,0.694308,33.996537,permanent_masonry,123155000.0,200,0.005,0.0,0.0,0.0,0.0,0.0
NZA-0308,0.694308,33.996537,permanent_masonry,123155000.0,500,0.002,0.0,0.0,0.0,0.0,0.0
NZA-0309,1.00907,34.814645,semi_permanent,7345000.0,10,0.1,0.0,0.0,0.0,0.0,0.0
NZA-0309,1.00907,34.814645,semi_permanent,7345000.0,20,0.05,0.0,0.0,0.0,0.0,0.0
NZA-0309,1.00907,34.814645,semi_permanent,7345000.0,50,0.02,0.0,0.0,0.0,0.0,0.0
NZA-0309,1.00907,34.814645,semi_permanent,7345000.0,100,0.01,0.0,0.0,0.0,0.0,0.0
NZA-0309,1.00907,34.814645,semi_permanent,7345000.0,200,0.005,0.0,0.0,0.0,0.0,0.0
NZA-0309,1.00907,34.814645,semi_permanent,7345000.0,500,0.002,0.0,0.0,0.0,0.0,0.0
NZA-0310,-0.138074,33.746357,informal_iron_sheet,1230000.0,10,0.1,0.3199999928474426,0.16620403524024446,204430.9633455007,24600.0,179830.9633455007
NZA-0310,-0.138074,33.746357,informal_iron_sheet,1230000.0,20,0.05,0.36000001430511475,0.16620403524024446,204430.9633455007,24600.0,179830.9633455007
NZA-0310,-0.138074,33.746357,informal_iron_sheet,1230000.0,50,0.02,0.4099999964237213,0.16620403524024446,204430.9633455007,24600.0,179830.9633455007
NZA-0310,-0.138074,33.746357,informal_iron_sheet,1230000.0,100,0.01,0.4399999976158142,0.16620403524024446,204430.9633455007,24600.0,179830.9633455007
NZA-0310,-0.138074,33.746357,informal_iron_sheet,1230000.0,200,0.005,0.47999998927116394,0.16620403524024446,204430.9633455007,24600.0,179830.9633455007
NZA-0310,-0.138074,33.746357,informal_iron_sheet,1230000.0,500,0.002,0.5099999904632568,0.16620403524024446,204430.9633455007,24600.0,179830.9633455007
NZA-0311,0.156966,33.874016,semi_permanent,3785000.0,10,0.1,0.6299999952316284,0.1538181875322336,582201.8398095042,75700.0,506501.8398095042
NZA-0311,0.156966,33.874016,semi_permanent,3785000.0,20,0.05,0.8100000023841858,0.20343397314192024,769997.5883421681,75700.0,694297.5883421681
NZA-0311,0.156966,33.874016,semi_permanent,3785000.0,50,0.02,1.1100000143051147,0.3056523185384863,1156894.0256681705,75700.0,1081194.0256681705
NZA-0311,0.156966,33.874016,semi_permanent,3785000.0,100,0.01,1.25,0.34008305885438495,1287214.3777638471,75700.0,1211514.3777638471
NZA-0311,0.156966,33.874016,semi_permanent,3785000.0,200,0.005,1.350000023841858,0.3716655383400906,1406754.0626172428,75700.0,1331054.0626172428
NZA-0311,0.156966,33.874016,semi_permanent,3785000.0,500,0.002,1.4500000476837158,0.39938706819224545,1511680.053107649,75700.0,1435980.053107649
NZA-0312,-0.216944,34.610915,informal_iron_sheet,900000.0,10,0.1,0.38999998569488525,0.16620403524024446,149583.63171622003,18000.0,131583.63171622003
NZA-0312,-0.216944,34.610915,informal_iron_sheet,900000.0,20,0.05,0.5400000214576721,0.16620403524024446,149583.63171622003,18000.0,131583.63171622003
NZA-0312,-0.216944,34.610915,informal_iron_sheet,900000.0,50,0.02,0.699999988079071,0.2223626250013771,200126.3625012394,18000.0,182126.3625012394
NZA-0312,-0.216944,34.610915,informal_iron_sheet,900000.0,100,0.01,0.8500000238418579,0.28576795437584906,257191.15893826415,18000.0,239191.15893826415
NZA-0312,-0.216944,34.610915,informal_iron_sheet,900000.0,200,0.005,1.0,0.3415500618417648,307395.0556575883,18000.0,289395.0556575883
NZA-0312,-0.216944,34.610915,informal_iron_sheet,900000.0,500,0.002,1.1399999856948853,0.38645603675738543,347810.4330816469,18000.0,329810.4330816469
NZA-0313,-0.264664,34.910856,permanent_masonry,53025000.0,10,0.1,0.0,0.0,0.0,0.0,0.0
NZA-0313,-0.264664,34.910856,permanent_masonry,53025000.0,20,0.05,0.0,0.0,0.0,0.0,0.0
NZA-0313,-0.264664,34.910856,permanent_masonry,53025000.0,50,0.02,0.0,0.0,0.0,0.0,0.0
NZA-0313,-0.264664,34.910856,permanent_masonry,53025000.0,100,0.01,0.0,0.0,0.0,0.0,0.0
NZA-0313,-0.264664,34.910856,permanent_masonry,53025000.0,200,0.005,0.0,0.0,0.0,0.0,0.0
NZA-0313,-0.264664,34.910856,permanent_masonry,53025000.0,500,0.002,0.0,0.0,0.0,0.0,0.0
NZA-0314,0.039246,34.809932,permanent_masonry,48265000.0,10,0.1,0.0,0.0,0.0,0.0,0.0
NZA-0314,0.039246,34.809932,permanent_masonry,48265000.0,20,0.05,0.0,0.0,0.0,0.0,0.0
NZA-0314,0.039246,34.809932,permanent_masonry,48265000.0,50,0.02,0.0,0.0,0.0,0.0,0.0
NZA-0314,0.039246,34.809932,permanent_masonry,48265000.0,100,0.01,0.0,0.0,0.0,0.0,0.0
NZA-0314,0.039246,34.809932,permanent_masonry,48265000.0,200,0.005,0.0,0.0,0.0,0.0,0.0
NZA-0314,0.039246,34.809932,permanent_masonry,48265000.0,500,0.002,0.0,0.0,0.0,0.0,0.0
NZA-0315,1.124506,33.892295,permanent_masonry,37640000.0,10,0.1,0.0,0.0,0.0,0.0,0.0
NZA-0315,1.124506,33.892295,permanent_masonry,37640000.0,20,0.05,0.0,0.0,0.0,0.0,0.0
NZA-0315,1.124506,33.892295,permanent_masonry,37640000.0,50,0.02,0.0,0.0,0.0,0.0,0.0
NZA-0315,1.124506,33.892295,permanent_masonry,37640000.0,100,0.01,0.0,0.0,0.0,0.0,0.0
NZA-0315,1.124506,33.892295,permanent_masonry,37640000.0,200,0.005,0.0,0.0,0.0,0.0,0.0
NZA-0315,1.124506,33.892295,permanent_masonry,37640000.0,500,0.002,0.0,0.0,0.0,0.0,0.0
NZA-0316,0.345467,34.256804,informal_iron_sheet,930000.0,10,0.1,0.0,0.0,0.0,0.0,0.0
NZA-0316,0.345467,34.256804,informal_iron_sheet,930000.0,20,0.05,0.0,0.0,0.0,0.0,0.0
NZA-0316,0.345467,34.256804,informal_iron_sheet,930000.0,50,0.02,0.0,0.0,0.0,0.0,0.0
NZA-0316,0.345467,34.256804,informal_iron_sheet,930000.0,100,0.01,0.0,0.0,0.0,0.0,0.0
NZA-0316,0.345467,34.256804,informal_iron_sheet,930000.0,200,0.005,0.0,0.0,0.0,0.0,0.0
NZA-0316,0.345467,34.256804,informal_iron_sheet,930000.0,500,0.002,0.0,0.0,0.0,0.0,0.0
NZA-0317,-0.19775,34.547148,semi_permanent,5410000.0,10,0.1,0.12999999523162842,0.14281975640791192,772654.8821668035,108200.0,664454.8821668035
NZA-0317,-0.19775,34.547148,semi_permanent,5410000.0,20,0.05,0.3799999952316284,0.14281975640791192,772654.8821668035,108200.0,664454.8821668035
NZA-0317,-0.19775,34.547148,semi_permanent,5410000.0,50,0.02,0.6899999976158142,0.16838300297539177,910952.0460968695,108200.0,802752.0460968695
NZA-0317,-0.19775,34.547148,semi_permanent,5410000.0,100,0.01,0.8500000238418579,0.2175423627401606,1176904.1824242687,108200.0,1068704.1824242687
NZA-0317,-0.19775,34.547148,semi_permanent,5410000.0,200,0.005,0.9900000095367432,0.26131724408944673,1413726.2905239067,108200.0,1305526.2905239067
NZA-0317,-0.19775,34.547148,semi_permanent,5410000.0,500,0.002,1.1200000047683716,0.3044747258548639,1647208.2668748137,108200.0,1539008.2668748137
NZA-0318,-0.180077,33.715615,informal_iron_sheet,960000.0,10,0.1,0.4699999988079071,0.16620403524024446,159555.8738306347,19200.0,140355.8738306347
NZA-0318,-0.180077,33.715615,informal_iron_sheet,960000.0,20,0.05,0.5199999809265137,0.16620403524024446,159555.8738306347,19200.0,140355.8738306347
NZA-0318,-0.180077,33.715615,informal_iron_sheet,960000.0,50,0.02,0.5799999833106995,0.16620403524024446,159555.8738306347,19200.0,140355.8738306347
NZA-0318,-0.180077,33.715615,informal_iron_sheet,960000.0,100,0.01,0.6200000047683716,0.17478094796119922,167789.71004275125,19200.0,148589.71004275125
NZA-0318,-0.180077,33.715615,informal_iron_sheet,960000.0,200,0.005,0.6600000262260437,0.2061060048981311,197861.76470220587,19200.0,178661.76470220587
NZA-0318,-0.180077,33.715615,informal_iron_sheet,960000.0,500,0.002,0.699999988079071,0.2223626250013771,213468.120001322,19200.0,194268.120001322
NZA-0319,0.742574,34.693275,informal_iron_sheet,815000.0,10,0.1,0.0,0.0,0.0,0.0,0.0
NZA-0319,0.742574,34.693275,informal_iron_sheet,815000.0,20,0.05,0.0,0.0,0.0,0.0,0.0
NZA-0319,0.742574,34.693275,informal_iron_sheet,815000.0,50,0.02,0.0,0.0,0.0,0.0,0.0
NZA-0319,0.742574,34.693275,informal_iron_sheet,815000.0,100,0.01,0.0,0.0,0.0,0.0,0.0
NZA-0319,0.742574,34.693275,informal_iron_sheet,815000.0,200,0.005,0.0,0.0,0.0,0.0,0.0
NZA-0319,0.742574,34.693275,informal_iron_sheet,815000.0,500,0.002,0.0,0.0,0.0,0.0,0.0
NZA-0320,0.767671,34.547825,semi_permanent,3700000.0,10,0.1,0.0,0.0,0.0,0.0,0.0
NZA-0320,0.767671,34.547825,semi_permanent,3700000.0,20,0.05,0.0,0.0,0.0,0.0,0.0
NZA-0320,0.767671,34.547825,semi_permanent,3700000.0,50,0.02,0.0,0.0,0.0,0.0,0.0
NZA-0320,0.767671,34.547825,semi_permanent,3700000.0,100,0.01,0.0,0.0,0.0,0.0,0.0
NZA-0320,0.767671,34.547825,semi_permanent,3700000.0,200,0.005,0.0,0.0,0.0,0.0,0.0
NZA-0320,0.767671,34.547825,semi_permanent,3700000.0,500,0.002,0.0,0.0,0.0,0.0,0.0
NZA-0321,0.276305,34.64447,concrete_rcc,124435000.0,10,0.1,0.0,0.0,0.0,0.0,0.0
NZA-0321,0.276305,34.64447,concrete_rcc,124435000.0,20,0.05,0.0,0.0,0.0,0.0,0.0
NZA-0321,0.276305,34.64447,concrete_rcc,124435000.0,50,0.02,0.0,0.0,0.0,0.0,0.0
NZA-0321,0.276305,34.64447,concrete_rcc,124435000.0,100,0.01,0.0,0.0,0.0,0.0,0.0
NZA-0321,0.276305,34.64447,concrete_rcc,124435000.0,200,0.005,0.0,0.0,0.0,0.0,0.0
NZA-0321,0.276305,34.64447,concrete_rcc,124435000.0,500,0.002,0.0,0.0,0.0,0.0,0.0
NZA-0322,1.25903,35.393372,permanent_masonry,18375000.0,10,0.1,0.0,0.0,0.0,0.0,0.0
NZA-0322,1.25903,35.393372,permanent_masonry,18375000.0,20,0.05,0.0,0.0,0.0,0.0,0.0
NZA-0322,1.25903,35.393372,permanent_masonry,18375000.0,50,0.02,0.0,0.0,0.0,0.0,0.0
NZA-0322,1.25903,35.393372,permanent_masonry,18375000.0,100,0.01,0.0,0.0,0.0,0.0,0.0
NZA-0322,1.25903,35.393372,permanent_masonry,18375000.0,200,0.005,0.0,0.0,0.0,0.0,0.0
NZA-0322,1.25903,35.393372,permanent_masonry,18375000.0,500,0.002,0.0,0.0,0.0,0.0,0.0
NZA-0323,-0.296545,34.470554,informal_iron_sheet,1955000.0,10,0.1,3.119999885559082,0.8665300631156481,1694066.273391092,39100.0,1654966.273391092
NZA-0323,-0.296545,34.470554,informal_iron_sheet,1955000.0,20,0.05,3.2300000190734863,0.8665300631156481,1694066.273391092,39100.0,1654966.273391092
NZA-0323,-0.296545,34.470554,informal_iron_sheet,1955000.0,50,0.02,3.3499999046325684,0.8665300631156481,1694066.273391092,39100.0,1654966.273391092
NZA-0323,-0.296545,34.470554,informal_iron_sheet,1955000.0,100,0.01,3.430000066757202,0.8665300631156481,1694066.273391092,39100.0,1654966.273391092
NZA-0323,-0.296545,34.470554,informal_iron_sheet,1955000.0,200,0.005,3.5,0.8665300631156481,1694066.273391092,39100.0,1654966.273391092
NZA-0323,-0.296545,34.470554,informal_iron_sheet,1955000.0,500,0.002,3.5799999237060547,0.8665300631156481,1694066.273391092,39100.0,1654966.273391092
NZA-0324,0.033137,35.342208,semi_permanent,4410000.0,10,0.1,0.0,0.0,0.0,0.0,0.0
NZA-0324,0.033137,35.342208,semi_permanent,4410000.0,20,0.05,0.0,0.0,0.0,0.0,0.0
NZA-0324,0.033137,35.342208,semi_permanent,4410000.0,50,0.02,0.0,0.0,0.0,0.0,0.0
NZA-0324,0.033137,35.342208,semi_permanent,4410000.0,100,0.01,0.0,0.0,0.0,0.0,0.0
NZA-0324,0.033137,35.342208,semi_permanent,4410000.0,200,0.005,0.0,0.0,0.0,0.0,0.0
NZA-0324,0.033137,35.342208,semi_permanent,4410000.0,500,0.002,0.0,0.0,0.0,0.0,0.0
NZA-0325,0.594286,34.69312,semi_permanent,3535000.0,10,0.1,0.0,0.0,0.0,0.0,0.0
NZA-0325,0.594286,34.69312,semi_permanent,3535000.0,20,0.05,0.0,0.0,0.0,0.0,0.0
NZA-0325,0.594286,34.69312,semi_permanent,3535000.0,50,0.02,0.0,0.0,0.0,0.0,0.0
NZA-0325,0.594286,34.69312,semi_permanent,3535000.0,100,0.01,0.0,0.0,0.0,0.0,0.0
NZA-0325,0.594286,34.69312,semi_permanent,3535000.0,200,0.005,0.0,0.0,0.0,0.0,0.0
NZA-0325,0.594286,34.69312,semi_permanent,3535000.0,500,0.002,0.0,0.0,0.0,0.0,0.0
NZA-0326,0.115034,34.472817,permanent_masonry,30125000.0,10,0.1,0.0,0.0,0.0,0.0,0.0
NZA-0326,0.115034,34.472817,permanent_masonry,30125000.0,20,0.05,0.0,0.0,0.0,0.0,0.0
NZA-0326,0.115034,34.472817,permanent_masonry,30125000.0,50,0.02,0.0,0.0,0.0,0.0,0.0
NZA-0326,0.115034,34.472817,permanent_masonry,30125000.0,100,0.01,0.0,0.0,0.0,0.0,0.0
NZA-0326,0.115034,34.472817,permanent_masonry,30125000.0,200,0.005,0.0,0.0,0.0,0.0,0.0
NZA-0326,0.115034,34.472817,permanent_masonry,30125000.0,500,0.002,0.0,0.0,0.0,0.0,0.0
NZA-0327,1.001417,34.038693,concrete_rcc,724360000.0,10,0.1,0.0,0.0,0.0,0.0,0.0
NZA-0327,1.001417,34.038693,concrete_rcc,724360000.0,20,0.05,0.0,0.0,0.0,0.0,0.0
NZA-0327,1.001417,34.038693,concrete_rcc,724360000.0,50,0.02,0.0,0.0,0.0,0.0,0.0
NZA-0327,1.001417,34.038693,concrete_rcc,724360000.0,100,0.01,0.0,0.0,0.0,0.0,0.0
NZA-0327,1.001417,34.038693,concrete_rcc,724360000.0,200,0.005,0.0,0.0,0.0,0.0,0.0
NZA-0327,1.001417,34.038693,concrete_rcc,724360000.0,500,0.002,0.0,0.0,0.0,0.0,0.0
NZA-0328,-0.104347,35.09238,semi_permanent,4905000.0,10,0.1,0.0,0.0,0.0,0.0,0.0
NZA-0328,-0.104347,35.09238,semi_permanent,4905000.0,20,0.05,0.0,0.0,0.0,0.0,0.0
NZA-0328,-0.104347,35.09238,semi_permanent,4905000.0,50,0.02,0.0,0.0,0.0,0.0,0.0
NZA-0328,-0.104347,35.09238,semi_permanent,4905000.0,100,0.01,0.0,0.0,0.0,0.0,0.0
NZA-0328,-0.104347,35.09238,semi_permanent,4905000.0,200,0.005,0.0,0.0,0.0,0.0,0.0
NZA-0328,-0.104347,35.09238,semi_permanent,4905000.0,500,0.002,0.0,0.0,0.0,0.0,0.0
NZA-0329,0.295155,34.238132,concrete_rcc,184320000.0,10,0.1,0.0,0.0,0.0,0.0,0.0
NZA-0329,0.295155,34.238132,concrete_rcc,184320000.0,20,0.05,0.0,0.0,0.0,0.0,0.0
NZA-0329,0.295155,34.238132,concrete_rcc,184320000.0,50,0.02,0.0,0.0,0.0,0.0,0.0
NZA-0329,0.295155,34.238132,concrete_rcc,184320000.0,100,0.01,0.0,0.0,0.0,0.0,0.0
NZA-0329,0.295155,34.238132,concrete_rcc,184320000.0,200,0.005,0.0,0.0,0.0,0.0,0.0
NZA-0329,0.295155,34.238132,concrete_rcc,184320000.0,500,0.002,0.0,0.0,0.0,0.0,0.0
NZA-0330,0.78048,34.173979,semi_permanent,7380000.0,10,0.1,0.0,0.0,0.0,0.0,0.0
NZA-0330,0.78048,34.173979,semi_permanent,7380000.0,20,0.05,0.0,0.0,0.0,0.0,0.0
NZA-0330,0.78048,34.173979,semi_permanent,7380000.0,50,0.02,0.0,0.0,0.0,0.0,0.0
NZA-0330,0.78048,34.173979,semi_permanent,7380000.0,100,0.01,0.0,0.0,0.0,0.0,0.0
NZA-0330,0.78048,34.173979,semi_permanent,7380000.0,200,0.005,0.0,0.0,0.0,0.0,0.0
NZA-0330,0.78048,34.173979,semi_permanent,7380000.0,500,0.002,0.0,0.0,0.0,0.0,0.0
NZA-0331,-0.109391,34.341276,concrete_rcc,546910000.0,10,0.1,0.0,0.0,0.0,0.0,0.0
NZA-0331,-0.109391,34.341276,concrete_rcc,546910000.0,20,0.05,0.0,0.0,0.0,0.0,0.0
NZA-0331,-0.109391,34.341276,concrete_rcc,546910000.0,50,0.02,0.0,0.0,0.0,0.0,0.0
NZA-0331,-0.109391,34.341276,concrete_rcc,546910000.0,100,0.01,0.0,0.0,0.0,0.0,0.0
NZA-0331,-0.109391,34.341276,concrete_rcc,546910000.0,200,0.005,0.0,0.0,0.0,0.0,0.0
NZA-0331,-0.109391,34.341276,concrete_rcc,546910000.0,500,0.002,0.0,0.0,0.0,0.0,0.0
NZA-0332,0.048393,34.565011,informal_iron_sheet,2330000.0,10,0.1,0.0,0.0,0.0,0.0,0.0
NZA-0332,0.048393,34.565011,informal_iron_sheet,2330000.0,20,0.05,0.0,0.0,0.0,0.0,0.0
NZA-0332,0.048393,34.565011,informal_iron_sheet,2330000.0,50,0.02,0.0,0.0,0.0,0.0,0.0
NZA-0332,0.048393,34.565011,informal_iron_sheet,2330000.0,100,0.01,0.0,0.0,0.0,0.0,0.0
NZA-0332,0.048393,34.565011,informal_iron_sheet,2330000.0,200,0.005,0.0,0.0,0.0,0.0,0.0
NZA-0332,0.048393,34.565011,informal_iron_sheet,2330000.0,500,0.002,0.0,0.0,0.0,0.0,0.0
NZA-0333,0.25734,34.321241,informal_iron_sheet,880000.0,10,0.1,0.0,0.0,0.0,0.0,0.0
NZA-0333,0.25734,34.321241,informal_iron_sheet,880000.0,20,0.05,0.0,0.0,0.0,0.0,0.0
NZA-0333,0.25734,34.321241,informal_iron_sheet,880000.0,50,0.02,0.0,0.0,0.0,0.0,0.0
NZA-0333,0.25734,34.321241,informal_iron_sheet,880000.0,100,0.01,0.0,0.0,0.0,0.0,0.0
NZA-0333,0.25734,34.321241,informal_iron_sheet,880000.0,200,0.005,0.0,0.0,0.0,0.0,0.0
NZA-0333,0.25734,34.321241,informal_iron_sheet,880000.0,500,0.002,0.0,0.0,0.0,0.0,0.0
NZA-0334,0.69927,35.031547,permanent_masonry,61800000.0,10,0.1,0.0,0.0,0.0,0.0,0.0
NZA-0334,0.69927,35.031547,permanent_masonry,61800000.0,20,0.05,0.0,0.0,0.0,0.0,0.0
NZA-0334,0.69927,35.031547,permanent_masonry,61800000.0,50,0.02,0.0,0.0,0.0,0.0,0.0
NZA-0334,0.69927,35.031547,permanent_masonry,61800000.0,100,0.01,0.0,0.0,0.0,0.0,0.0
NZA-0334,0.69927,35.031547,permanent_masonry,61800000.0,200,0.005,0.0,0.0,0.0,0.0,0.0
NZA-0334,0.69927,35.031547,permanent_masonry,61800000.0,500,0.002,0.0,0.0,0.0,0.0,0.0
NZA-0335,0.481944,34.066823,concrete_rcc,457470000.0,10,0.1,0.0,0.0,0.0,0.0,0.0
NZA-0335,0.481944,34.066823,concrete_rcc,457470000.0,20,0.05,0.0,0.0,0.0,0.0,0.0
NZA-0335,0.481944,34.066823,concrete_rcc,457470000.0,50,0.02,0.0,0.0,0.0,0.0,0.0
NZA-0335,0.481944,34.066823,concrete_rcc,457470000.0,100,0.01,0.0,0.0,0.0,0.0,0.0
NZA-0335,0.481944,34.066823,concrete_rcc,457470000.0,200,0.005,0.0,0.0,0.0,0.0,0.0
NZA-0335,0.481944,34.066823,concrete_rcc,457470000.0,500,0.002,0.0,0.0,0.0,0.0,0.0
NZA-0336,1.241742,34.091352,permanent_masonry,35840000.0,10,0.1,0.0,0.0,0.0,0.0,0.0
NZA-0336,1.241742,34.091352,permanent_masonry,35840000.0,20,0.05,0.0,0.0,0.0,0.0,0.0
NZA-0336,1.241742,34.091352,permanent_masonry,35840000.0,50,0.02,0.0,0.0,0.0,0.0,0.0
NZA-0336,1.241742,34.091352,permanent_masonry,35840000.0,100,0.01,0.0,0.0,0.0,0.0,0.0
NZA-0336,1.241742,34.091352,permanent_masonry,35840000.0,200,0.005,0.0,0.0,0.0,0.0,0.0
NZA-0336,1.241742,34.091352,permanent_masonry,35840000.0,500,0.002,0.0,0.0,0.0,0.0,0.0
NZA-0337,1.198726,34.755269,informal_iron_sheet,1120000.0,10,0.1,0.0,0.0,0.0,0.0,0.0
NZA-0337,1.198726,34.755269,informal_iron_sheet,1120000.0,20,0.05,0.0,0.0,0.0,0.0,0.0
NZA-0337,1.198726,34.755269,informal_iron_sheet,1120000.0,50,0.02,0.0,0.0,0.0,0.0,0.0
NZA-0337,1.198726,34.755269,informal_iron_sheet,1120000.0,100,0.01,0.0,0.0,0.0,0.0,0.0
NZA-0337,1.198726,34.755269,informal_iron_sheet,1120000.0,200,0.005,0.0,0.0,0.0,0.0,0.0
NZA-0337,1.198726,34.755269,informal_iron_sheet,1120000.0,500,0.002,0.0,0.0,0.0,0.0,0.0
NZA-0338,0.446663,33.736635,semi_permanent,5605000.0,10,0.1,0.0,0.0,0.0,0.0,0.0
NZA-0338,0.446663,33.736635,semi_permanent,5605000.0,20,0.05,0.0,0.0,0.0,0.0,0.0
NZA-0338,0.446663,33.736635,semi_permanent,5605000.0,50,0.02,0.0,0.0,0.0,0.0,0.0
NZA-0338,0.446663,33.736635,semi_permanent,5605000.0,100,0.01,0.0,0.0,0.0,0.0,0.0
NZA-0338,0.446663,33.736635,semi_permanent,5605000.0,200,0.005,0.0,0.0,0.0,0.0,0.0
NZA-0338,0.446663,33.736635,semi_permanent,5605000.0,500,0.002,0.0,0.0,0.0,0.0,0.0
NZA-0339,0.024772,34.30548,permanent_masonry,49820000.0,10,0.1,0.0,0.0,0.0,0.0,0.0
NZA-0339,0.024772,34.30548,permanent_masonry,49820000.0,20,0.05,0.0,0.0,0.0,0.0,0.0
NZA-0339,0.024772,34.30548,permanent_masonry,49820000.0,50,0.02,0.0,0.0,0.0,0.0,0.0
NZA-0339,0.024772,34.30548,permanent_masonry,49820000.0,100,0.01,0.0,0.0,0.0,0.0,0.0
NZA-0339,0.024772,34.30548,permanent_masonry,49820000.0,200,0.005,0.0,0.0,0.0,0.0,0.0
NZA-0339,0.024772,34.30548,permanent_masonry,49820000.0,500,0.002,0.0,0.0,0.0,0.0,0.0
NZA-0340,0.171572,35.11162,permanent_masonry,46110000.0,10,0.1,0.0,0.0,0.0,0.0,0.0
NZA-0340,0.171572,35.11162,permanent_masonry,46110000.0,20,0.05,0.0,0.0,0.0,0.0,0.0
NZA-0340,0.171572,35.11162,permanent_masonry,46110000.0,50,0.02,0.0,0.0,0.0,0.0,0.0
NZA-0340,0.171572,35.11162,permanent_masonry,46110000.0,100,0.01,0.0,0.0,0.0,0.0,0.0
NZA-0340,0.171572,35.11162,permanent_masonry,46110000.0,200,0.005,0.0,0.0,0.0,0.0,0.0
NZA-0340,0.171572,35.11162,permanent_masonry,46110000.0,500,0.002,0.0,0.0,0.0,0.0,0.0
NZA-0341,0.795236,35.292739,semi_permanent,6720000.0,10,0.1,0.0,0.0,0.0,0.0,0.0
NZA-0341,0.795236,35.292739,semi_permanent,6720000.0,20,0.05,0.0,0.0,0.0,0.0,0.0
NZA-0341,0.795236,35.292739,semi_permanent,6720000.0,50,0.02,0.0,0.0,0.0,0.0,0.0
NZA-0341,0.795236,35.292739,semi_permanent,6720000.0,100,0.01,0.0,0.0,0.0,0.0,0.0
NZA-0341,0.795236,35.292739,semi_permanent,6720000.0,200,0.005,0.0,0.0,0.0,0.0,0.0
NZA-0341,0.795236,35.292739,semi_permanent,6720000.0,500,0.002,0.0,0.0,0.0,0.0,0.0
NZA-0342,-0.126004,34.84036,informal_iron_sheet,1040000.0,10,0.1,0.0,0.0,0.0,0.0,0.0
NZA-0342,-0.126004,34.84036,informal_iron_sheet,1040000.0,20,0.05,0.0,0.0,0.0,0.0,0.0
NZA-0342,-0.126004,34.84036,informal_iron_sheet,1040000.0,50,0.02,0.0,0.0,0.0,0.0,0.0
NZA-0342,-0.126004,34.84036,informal_iron_sheet,1040000.0,100,0.01,0.0,0.0,0.0,0.0,0.0
NZA-0342,-0.126004,34.84036,informal_iron_sheet,1040000.0,200,0.005,0.0,0.0,0.0,0.0,0.0
NZA-0342,-0.126004,34.84036,informal_iron_sheet,1040000.0,500,0.002,0.0,0.0,0.0,0.0,0.0
NZA-0343,-0.199741,34.026399,concrete_rcc,245245000.0,10,0.1,0.4000000059604645,0.09774022860433544,23970302.364070244,4904900.0,19065402.364070244
NZA-0343,-0.199741,34.026399,concrete_rcc,245245000.0,20,0.05,0.44999998807907104,0.09774022860433544,23970302.364070244,4904900.0,19065402.364070244
NZA-0343,-0.199741,34.026399,concrete_rcc,245245000.0,50,0.02,0.5099999904632568,0.09774022860433544,23970302.364070244,4904900.0,19065402.364070244
NZA-0343,-0.199741,34.026399,concrete_rcc,245245000.0,100,0.01,0.550000011920929,0.09774022860433544,23970302.364070244,4904900.0,19065402.364070244
NZA-0343,-0.199741,34.026399,concrete_rcc,245245000.0,200,0.005,0.5899999737739563,0.09874034614362803,24215576.189994056,4904900.0,19310676.189994056
NZA-0343,-0.199741,34.026399,concrete_rcc,245245000.0,500,0.002,0.6399999856948853,0.1094690316414824,26846732.664915353,4904900.0,21941832.664915353
NZA-0344,0.111087,34.308282,concrete_rcc,339480000.0,10,0.1,0.0,0.0,0.0,0.0,0.0
NZA-0344,0.111087,34.308282,concrete_rcc,339480000.0,20,0.05,0.0,0.0,0.0,0.0,0.0
NZA-0344,0.111087,34.308282,concrete_rcc,339480000.0,50,0.02,0.0,0.0,0.0,0.0,0.0
NZA-0344,0.111087,34.308282,concrete_rcc,339480000.0,100,0.01,0.0,0.0,0.0,0.0,0.0
NZA-0344,0.111087,34.308282,concrete_rcc,339480000.0,200,0.005,0.0,0.0,0.0,0.0,0.0
NZA-0344,0.111087,34.308282,concrete_rcc,339480000.0,500,0.002,0.0,0.0,0.0,0.0,0.0
NZA-0345,0.624731,34.421918,semi_permanent,6750000.0,10,0.1,0.0,0.0,0.0,0.0,0.0
NZA-0345,0.624731,34.421918,semi_permanent,6750000.0,20,0.05,0.0,0.0,0.0,0.0,0.0
NZA-0345,0.624731,34.421918,semi_permanent,6750000.0,50,0.02,0.0,0.0,0.0,0.0,0.0
NZA-0345,0.624731,34.421918,semi_permanent,6750000.0,100,0.01,0.0,0.0,0.0,0.0,0.0
NZA-0345,0.624731,34.421918,semi_permanent,6750000.0,200,0.005,0.0,0.0,0.0,0.0,0.0
NZA-0345,0.624731,34.421918,semi_permanent,6750000.0,500,0.002,0.0,0.0,0.0,0.0,0.0
NZA-0346,1.240717,35.148812,semi_permanent,4235000.0,10,0.1,0.0,0.0,0.0,0.0,0.0
NZA-0346,1.240717,35.148812,semi_permanent,4235000.0,20,0.05,0.0,0.0,0.0,0.0,0.0
NZA-0346,1.240717,35.148812,semi_permanent,4235000.0,50,0.02,0.0,0.0,0.0,0.0,0.0
NZA-0346,1.240717,35.148812,semi_permanent,4235000.0,100,0.01,0.0,0.0,0.0,0.0,0.0
NZA-0346,1.240717,35.148812,semi_permanent,4235000.0,200,0.005,0.0,0.0,0.0,0.0,0.0
NZA-0346,1.240717,35.148812,semi_permanent,4235000.0,500,0.002,0.0,0.0,0.0,0.0,0.0
NZA-0347,0.230103,34.12453,informal_iron_sheet,560000.0,10,0.1,0.0,0.0,0.0,0.0,0.0
NZA-0347,0.230103,34.12453,informal_iron_sheet,560000.0,20,0.05,0.0,0.0,0.0,0.0,0.0
NZA-0347,0.230103,34.12453,informal_iron_sheet,560000.0,50,0.02,0.0,0.0,0.0,0.0,0.0
NZA-0347,0.230103,34.12453,informal_iron_sheet,560000.0,100,0.01,0.0,0.0,0.0,0.0,0.0
NZA-0347,0.230103,34.12453,informal_iron_sheet,560000.0,200,0.005,0.0,0.0,0.0,0.0,0.0
NZA-0347,0.230103,34.12453,informal_iron_sheet,560000.0,500,0.002,0.0,0.0,0.0,0.0,0.0
NZA-0348,-0.158487,34.968485,semi_permanent,4960000.0,10,0.1,0.0,0.0,0.0,0.0,0.0
NZA-0348,-0.158487,34.968485,semi_permanent,4960000.0,20,0.05,0.0,0.0,0.0,0.0,0.0
NZA-0348,-0.158487,34.968485,semi_permanent,4960000.0,50,0.02,0.0,0.0,0.0,0.0,0.0
NZA-0348,-0.158487,34.968485,semi_permanent,4960000.0,100,0.01,0.0,0.0,0.0,0.0,0.0
NZA-0348,-0.158487,34.968485,semi_permanent,4960000.0,200,0.005,0.0,0.0,0.0,0.0,0.0
NZA-0348,-0.158487,34.968485,semi_permanent,4960000.0,500,0.002,0.0,0.0,0.0,0.0,0.0
NZA-0349,0.964796,34.438534,permanent_masonry,59495000.0,10,0.1,0.0,0.0,0.0,0.0,0.0
NZA-0349,0.964796,34.438534,permanent_masonry,59495000.0,20,0.05,0.0,0.0,0.0,0.0,0.0
NZA-0349,0.964796,34.438534,permanent_masonry,59495000.0,50,0.02,0.0,0.0,0.0,0.0,0.0
NZA-0349,0.964796,34.438534,permanent_masonry,59495000.0,100,0.01,0.0,0.0,0.0,0.0,0.0
NZA-0349,0.964796,34.438534,permanent_masonry,59495000.0,200,0.005,0.0,0.0,0.0,0.0,0.0
NZA-0349,0.964796,34.438534,permanent_masonry,59495000.0,500,0.002,0.0,0.0,0.0,0.0,0.0
NZA-0350,1.0998,34.915436,permanent_masonry,62635000.0,10,0.1,0.0,0.0,0.0,0.0,0.0
NZA-0350,1.0998,34.915436,permanent_masonry,62635000.0,20,0.05,0.0,0.0,0.0,0.0,0.0
NZA-0350,1.0998,34.915436,permanent_masonry,62635000.0,50,0.02,0.0,0.0,0.0,0.0,0.0
NZA-0350,1.0998,34.915436,permanent_masonry,62635000.0,100,0.01,0.0,0.0,0.0,0.0,0.0
NZA-0350,1.0998,34.915436,permanent_masonry,62635000.0,200,0.005,0.0,0.0,0.0,0.0,0.0
NZA-0350,1.0998,34.915436,permanent_masonry,62635000.0,500,0.002,0.0,0.0,0.0,0.0,0.0
NZA-0351,0.273103,34.838045,concrete_rcc,243515000.0,10,0.1,0.0,0.0,0.0,0.0,0.0
NZA-0351,0.273103,34.838045,concrete_rcc,243515000.0,20,0.05,0.0,0.0,0.0,0.0,0.0
NZA-0351,0.273103,34.838045,concrete_rcc,243515000.0,50,0.02,0.0,0.0,0.0,0.0,0.0
NZA-0351,0.273103,34.838045,concrete_rcc,243515000.0,100,0.01,0.0,0.0,0.0,0.0,0.0
NZA-0351,0.273103,34.838045,concrete_rcc,243515000.0,200,0.005,0.0,0.0,0.0,0.0,0.0
NZA-0351,0.273103,34.838045,concrete_rcc,243515000.0,500,0.002,0.0,0.0,0.0,0.0,0.0
NZA-0352,0.508895,35.217335,informal_iron_sheet,735000.0,10,0.1,0.0,0.0,0.0,0.0,0.0
NZA-0352,0.508895,35.217335,informal_iron_sheet,735000.0,20,0.05,0.0,0.0,0.0,0.0,0.0
NZA-0352,0.508895,35.217335,informal_iron_sheet,735000.0,50,0.02,0.0,0.0,0.0,0.0,0.0
NZA-0352,0.508895,35.217335,informal_iron_sheet,735000.0,100,0.01,0.0,0.0,0.0,0.0,0.0
NZA-0352,0.508895,35.217335,informal_iron_sheet,735000.0,200,0.005,0.0,0.0,0.0,0.0,0.0
NZA-0352,0.508895,35.217335,informal_iron_sheet,735000.0,500,0.002,0.0,0.0,0.0,0.0,0.0
NZA-0353,0.796888,34.850966,semi_permanent,7740000.0,10,0.1,0.0,0.0,0.0,0.0,0.0
NZA-0353,0.796888,34.850966,semi_permanent,7740000.0,20,0.05,0.0,0.0,0.0,0.0,0.0
NZA-0353,0.796888,34.850966,semi_permanent,7740000.0,50,0.02,0.0,0.0,0.0,0.0,0.0
NZA-0353,0.796888,34.850966,semi_permanent,7740000.0,100,0.01,0.0,0.0,0.0,0.0,0.0
NZA-0353,0.796888,34.850966,semi_permanent,7740000.0,200,0.005,0.0,0.0,0.0,0.0,0.0
NZA-0353,0.796888,34.850966,semi_permanent,7740000.0,500,0.002,0.0,0.0,0.0,0.0,0.0
NZA-0354,0.787981,34.126489,semi_permanent,7465000.0,10,0.1,0.0,0.0,0.0,0.0,0.0
NZA-0354,0.787981,34.126489,semi_permanent,7465000.0,20,0.05,0.0,0.0,0.0,0.0,0.0
NZA-0354,0.787981,34.126489,semi_permanent,7465000.0,50,0.02,0.0,0.0,0.0,0.0,0.0
NZA-0354,0.787981,34.126489,semi_permanent,7465000.0,100,0.01,0.0,0.0,0.0,0.0,0.0
NZA-0354,0.787981,34.126489,semi_permanent,7465000.0,200,0.005,0.0,0.0,0.0,0.0,0.0
NZA-0354,0.787981,34.126489,semi_permanent,7465000.0,500,0.002,0.0,0.0,0.0,0.0,0.0
NZA-0355,0.864138,34.433399,informal_iron_sheet,1550000.0,10,0.1,0.0,0.0,0.0,0.0,0.0
NZA-0355,0.864138,34.433399,informal_iron_sheet,1550000.0,20,0.05,0.0,0.0,0.0,0.0,0.0
NZA-0355,0.864138,34.433399,informal_iron_sheet,1550000.0,50,0.02,0.0,0.0,0.0,0.0,0.0
NZA-0355,0.864138,34.433399,informal_iron_sheet,1550000.0,100,0.01,0.0,0.0,0.0,0.0,0.0
NZA-0355,0.864138,34.433399,informal_iron_sheet,1550000.0,200,0.005,0.0,0.0,0.0,0.0,0.0
NZA-0355,0.864138,34.433399,informal_iron_sheet,1550000.0,500,0.002,0.0,0.0,0.0,0.0,0.0
NZA-0356,0.75526,34.406184,informal_iron_sheet,1110000.0,10,0.1,0.0,0.0,0.0,0.0,0.0
NZA-0356,0.75526,34.406184,informal_iron_sheet,1110000.0,20,0.05,0.0,0.0,0.0,0.0,0.0
NZA-0356,0.75526,34.406184,informal_iron_sheet,1110000.0,50,0.02,0.0,0.0,0.0,0.0,0.0
NZA-0356,0.75526,34.406184,informal_iron_sheet,1110000.0,100,0.01,0.0,0.0,0.0,0.0,0.0
NZA-0356,0.75526,34.406184,informal_iron_sheet,1110000.0,200,0.005,0.0,0.0,0.0,0.0,0.0
NZA-0356,0.75526,34.406184,informal_iron_sheet,1110000.0,500,0.002,0.0,0.0,0.0,0.0,0.0
NZA-0357,-0.274891,34.000098,semi_permanent,3100000.0,10,0.1,0.5699999928474426,0.14281975640791192,442741.24486452696,62000.0,380741.24486452696
NZA-0357,-0.274891,34.000098,semi_permanent,3100000.0,20,0.05,0.6200000047683716,0.14381987394720455,445841.6092363341,62000.0,383841.6092363341
NZA-0357,-0.274891,34.000098,semi_permanent,3100000.0,50,0.02,0.6800000071525574,0.1610807205301101,499350.23364334134,62000.0,437350.23364334134
NZA-0357,-0.274891,34.000098,semi_permanent,3100000.0,100,0.01,0.7300000190734863,0.17984635107998828,557523.6883479636,62000.0,495523.6883479636
NZA-0357,-0.274891,34.000098,semi_permanent,3100000.0,200,0.005,0.7699999809265137,0.19184019425497595,594704.6021904254,62000.0,532704.6021904254
NZA-0357,-0.274891,34.000098,semi_permanent,3100000.0,500,0.002,0.8199999928474426,0.20637857845352087,639773.5932059147,62000.0,577773.5932059147
NZA-0358,0.257418,35.240719,informal_iron_sheet,1120000.0,10,0.1,0.0,0.0,0.0,0.0,0.0
NZA-0358,0.257418,35.240719,informal_iron_sheet,1120000.0,20,0.05,0.0,0.0,0.0,0.0,0.0
NZA-0358,0.257418,35.240719,informal_iron_sheet,1120000.0,50,0.02,0.0,0.0,0.0,0.0,0.0
NZA-0358,0.257418,35.240719,informal_iron_sheet,1120000.0,100,0.01,0.0,0.0,0.0,0.0,0.0
NZA-0358,0.257418,35.240719,informal_iron_sheet,1120000.0,200,0.005,0.0,0.0,0.0,0.0,0.0
NZA-0358,0.257418,35.240719,informal_iron_sheet,1120000.0,500,0.002,0.0,0.0,0.0,0.0,0.0
NZA-0359,-0.179782,34.04073,informal_iron_sheet,1500000.0,10,0.1,0.3700000047683716,0.16620403524024446,249306.0528603667,30000.0,219306.0528603667
NZA-0359,-0.179782,34.04073,informal_iron_sheet,1500000.0,20,0.05,0.4300000071525574,0.16620403524024446,249306.0528603667,30000.0,219306.0528603667
NZA-0359,-0.179782,34.04073,informal_iron_sheet,1500000.0,50,0.02,0.49000000953674316,0.16620403524024446,249306.0528603667,30000.0,219306.0528603667
NZA-0359,-0.179782,34.04073,informal_iron_sheet,1500000.0,100,0.01,0.5299999713897705,0.16620403524024446,249306.0528603667,30000.0,219306.0528603667
NZA-0359,-0.179782,34.04073,informal_iron_sheet,1500000.0,200,0.005,0.5699999928474426,0.16620403524024446,249306.0528603667,30000.0,219306.0528603667
NZA-0359,-0.179782,34.04073,informal_iron_sheet,1500000.0,500,0.002,0.6200000047683716,0.17478094796119922,262171.4219417988,30000.0,232171.42194179882
NZA-0360,-0.211896,34.215362,semi_permanent,6760000.0,10,0.1,0.0,0.0,0.0,0.0,0.0
NZA-0360,-0.211896,34.215362,semi_permanent,6760000.0,20,0.05,0.0,0.0,0.0,0.0,0.0
NZA-0360,-0.211896,34.215362,semi_permanent,6760000.0,50,0.02,0.0,0.0,0.0,0.0,0.0
NZA-0360,-0.211896,34.215362,semi_permanent,6760000.0,100,0.01,0.0,0.0,0.0,0.0,0.0
NZA-0360,-0.211896,34.215362,semi_permanent,6760000.0,200,0.005,0.0,0.0,0.0,0.0,0.0
NZA-0360,-0.211896,34.215362,semi_permanent,6760000.0,500,0.002,0.0,0.0,0.0,0.0,0.0
NZA-0361,0.136668,35.356317,semi_permanent,2935000.0,10,0.1,0.0,0.0,0.0,0.0,0.0
NZA-0361,0.136668,35.356317,semi_permanent,2935000.0,20,0.05,0.0,0.0,0.0,0.0,0.0
NZA-0361,0.136668,35.356317,semi_permanent,2935000.0,50,0.02,0.0,0.0,0.0,0.0,0.0
NZA-0361,0.136668,35.356317,semi_permanent,2935000.0,100,0.01,0.0,0.0,0.0,0.0,0.0
NZA-0361,0.136668,35.356317,semi_permanent,2935000.0,200,0.005,0.0,0.0,0.0,0.0,0.0
NZA-0361,0.136668,35.356317,semi_permanent,2935000.0,500,0.002,0.0,0.0,0.0,0.0,0.0
NZA-0362,0.993362,34.81099,semi_permanent,3490000.0,10,0.1,0.0,0.0,0.0,0.0,0.0
NZA-0362,0.993362,34.81099,semi_permanent,3490000.0,20,0.05,0.0,0.0,0.0,0.0,0.0
NZA-0362,0.993362,34.81099,semi_permanent,3490000.0,50,0.02,0.0,0.0,0.0,0.0,0.0
NZA-0362,0.993362,34.81099,semi_permanent,3490000.0,100,0.01,0.0,0.0,0.0,0.0,0.0
NZA-0362,0.993362,34.81099,semi_permanent,3490000.0,200,0.005,0.0,0.0,0.0,0.0,0.0
NZA-0362,0.993362,34.81099,semi_permanent,3490000.0,500,0.002,0.0,0.0,0.0,0.0,0.0
NZA-0363,0.093722,35.125256,informal_iron_sheet,1260000.0,10,0.1,0.0,0.0,0.0,0.0,0.0
NZA-0363,0.093722,35.125256,informal_iron_sheet,1260000.0,20,0.05,0.0,0.0,0.0,0.0,0.0
NZA-0363,0.093722,35.125256,informal_iron_sheet,1260000.0,50,0.02,0.0,0.0,0.0,0.0,0.0
NZA-0363,0.093722,35.125256,informal_iron_sheet,1260000.0,100,0.01,0.0,0.0,0.0,0.0,0.0
NZA-0363,0.093722,35.125256,informal_iron_sheet,1260000.0,200,0.005,0.0,0.0,0.0,0.0,0.0
NZA-0363,0.093722,35.125256,informal_iron_sheet,1260000.0,500,0.002,0.0,0.0,0.0,0.0,0.0
NZA-0364,0.481802,33.718245,semi_permanent,5320000.0,10,0.1,0.0,0.0,0.0,0.0,0.0
NZA-0364,0.481802,33.718245,semi_permanent,5320000.0,20,0.05,0.0,0.0,0.0,0.0,0.0
NZA-0364,0.481802,33.718245,semi_permanent,5320000.0,50,0.02,0.0,0.0,0.0,0.0,0.0
NZA-0364,0.481802,33.718245,semi_permanent,5320000.0,100,0.01,0.0,0.0,0.0,0.0,0.0
NZA-0364,0.481802,33.718245,semi_permanent,5320000.0,200,0.005,0.0,0.0,0.0,0.0,0.0
NZA-0364,0.481802,33.718245,semi_permanent,5320000.0,500,0.002,0.0,0.0,0.0,0.0,0.0
NZA-0365,0.803341,34.813402,semi_permanent,7105000.0,10,0.1,0.0,0.0,0.0,0.0,0.0
NZA-0365,0.803341,34.813402,semi_permanent,7105000.0,20,0.05,0.0,0.0,0.0,0.0,0.0
NZA-0365,0.803341,34.813402,semi_permanent,7105000.0,50,0.02,0.0,0.0,0.0,0.0,0.0
NZA-0365,0.803341,34.813402,semi_permanent,7105000.0,100,0.01,0.0,0.0,0.0,0.0,0.0
NZA-0365,0.803341,34.813402,semi_permanent,7105000.0,200,0.005,0.0,0.0,0.0,0.0,0.0
NZA-0365,0.803341,34.813402,semi_permanent,7105000.0,500,0.002,0.0,0.0,0.0,0.0,0.0
NZA-0366,0.435186,34.383184,permanent_masonry,24455000.0,10,0.1,0.0,0.0,0.0,0.0,0.0
NZA-0366,0.435186,34.383184,permanent_masonry,24455000.0,20,0.05,0.0,0.0,0.0,0.0,0.0
NZA-0366,0.435186,34.383184,permanent_masonry,24455000.0,50,0.02,0.0,0.0,0.0,0.0,0.0
NZA-0366,0.435186,34.383184,permanent_masonry,24455000.0,100,0.01,0.0,0.0,0.0,0.0,0.0
NZA-0366,0.435186,34.383184,permanent_masonry,24455000.0,200,0.005,0.0,0.0,0.0,0.0,0.0
NZA-0366,0.435186,34.383184,permanent_masonry,24455000.0,500,0.002,0.0,0.0,0.0,0.0,0.0
NZA-0367,0.79895,35.329582,informal_iron_sheet,1105000.0,10,0.1,0.0,0.0,0.0,0.0,0.0
NZA-0367,0.79895,35.329582,informal_iron_sheet,1105000.0,20,0.05,0.0,0.0,0.0,0.0,0.0
NZA-0367,0.79895,35.329582,informal_iron_sheet,1105000.0,50,0.02,0.0,0.0,0.0,0.0,0.0
NZA-0367,0.79895,35.329582,informal_iron_sheet,1105000.0,100,0.01,0.0,0.0,0.0,0.0,0.0
NZA-0367,0.79895,35.329582,informal_iron_sheet,1105000.0,200,0.005,0.0,0.0,0.0,0.0,0.0
NZA-0367,0.79895,35.329582,informal_iron_sheet,1105000.0,500,0.002,0.0,0.0,0.0,0.0,0.0
NZA-0368,1.140014,35.187459,concrete_rcc,282800000.0,10,0.1,0.0,0.0,0.0,0.0,0.0
NZA-0368,1.140014,35.187459,concrete_rcc,282800000.0,20,0.05,0.0,0.0,0.0,0.0,0.0
NZA-0368,1.140014,35.187459,concrete_rcc,282800000.0,50,0.02,0.0,0.0,0.0,0.0,0.0
NZA-0368,1.140014,35.187459,concrete_rcc,282800000.0,100,0.01,0.0,0.0,0.0,0.0,0.0
NZA-0368,1.140014,35.187459,concrete_rcc,282800000.0,200,0.005,0.0,0.0,0.0,0.0,0.0
NZA-0368,1.140014,35.187459,concrete_rcc,282800000.0,500,0.002,0.0,0.0,0.0,0.0,0.0
NZA-0369,1.153627,34.759466,semi_permanent,5185000.0,10,0.1,0.0,0.0,0.0,0.0,0.0
NZA-0369,1.153627,34.759466,semi_permanent,5185000.0,20,0.05,0.0,0.0,0.0,0.0,0.0
NZA-0369,1.153627,34.759466,semi_permanent,5185000.0,50,0.02,0.0,0.0,0.0,0.0,0.0
NZA-0369,1.153627,34.759466,semi_permanent,5185000.0,100,0.01,0.0,0.0,0.0,0.0,0.0
NZA-0369,1.153627,34.759466,semi_permanent,5185000.0,200,0.005,0.0,0.0,0.0,0.0,0.0
NZA-0369,1.153627,34.759466,semi_permanent,5185000.0,500,0.002,0.0,0.0,0.0,0.0,0.0
NZA-0370,0.134927,35.299035,permanent_masonry,54625000.0,10,0.1,0.0,0.0,0.0,0.0,0.0
NZA-0370,0.134927,35.299035,permanent_masonry,54625000.0,20,0.05,0.0,0.0,0.0,0.0,0.0
NZA-0370,0.134927,35.299035,permanent_masonry,54625000.0,50,0.02,0.0,0.0,0.0,0.0,0.0
NZA-0370,0.134927,35.299035,permanent_masonry,54625000.0,100,0.01,0.0,0.0,0.0,0.0,0.0
NZA-0370,0.134927,35.299035,permanent_masonry,54625000.0,200,0.005,0.0,0.0,0.0,0.0,0.0
NZA-0370,0.134927,35.299035,permanent_masonry,54625000.0,500,0.002,0.0,0.0,0.0,0.0,0.0
NZA-0371,0.41675,34.966914,permanent_masonry,33010000.0,10,0.1,0.0,0.0,0.0,0.0,0.0
NZA-0371,0.41675,34.966914,permanent_masonry,33010000.0,20,0.05,0.0,0.0,0.0,0.0,0.0
NZA-0371,0.41675,34.966914,permanent_masonry,33010000.0,50,0.02,0.0,0.0,0.0,0.0,0.0
NZA-0371,0.41675,34.966914,permanent_masonry,33010000.0,100,0.01,0.0,0.0,0.0,0.0,0.0
NZA-0371,0.41675,34.966914,permanent_masonry,33010000.0,200,0.005,0.0,0.0,0.0,0.0,0.0
NZA-0371,0.41675,34.966914,permanent_masonry,33010000.0,500,0.002,0.0,0.0,0.0,0.0,0.0
NZA-0372,0.188227,33.875189,informal_iron_sheet,930000.0,10,0.1,0.0,0.0,0.0,0.0,0.0
NZA-0372,0.188227,33.875189,informal_iron_sheet,930000.0,20,0.05,0.0,0.0,0.0,0.0,0.0
NZA-0372,0.188227,33.875189,informal_iron_sheet,930000.0,50,0.02,0.0,0.0,0.0,0.0,0.0
NZA-0372,0.188227,33.875189,informal_iron_sheet,930000.0,100,0.01,0.0,0.0,0.0,0.0,0.0
NZA-0372,0.188227,33.875189,informal_iron_sheet,930000.0,200,0.005,0.0,0.0,0.0,0.0,0.0
NZA-0372,0.188227,33.875189,informal_iron_sheet,930000.0,500,0.002,0.0,0.0,0.0,0.0,0.0
NZA-0373,1.002419,34.710645,concrete_rcc,153125000.0,10,0.1,0.0,0.0,0.0,0.0,0.0
NZA-0373,1.002419,34.710645,concrete_rcc,153125000.0,20,0.05,0.0,0.0,0.0,0.0,0.0
NZA-0373,1.002419,34.710645,concrete_rcc,153125000.0,50,0.02,0.0,0.0,0.0,0.0,0.0
NZA-0373,1.002419,34.710645,concrete_rcc,153125000.0,100,0.01,0.0,0.0,0.0,0.0,0.0
NZA-0373,1.002419,34.710645,concrete_rcc,153125000.0,200,0.005,0.0,0.0,0.0,0.0,0.0
NZA-0373,1.002419,34.710645,concrete_rcc,153125000.0,500,0.002,0.0,0.0,0.0,0.0,0.0
NZA-0374,0.148013,35.314808,semi_permanent,3930000.0,10,0.1,0.0,0.0,0.0,0.0,0.0
NZA-0374,0.148013,35.314808,semi_permanent,3930000.0,20,0.05,0.0,0.0,0.0,0.0,0.0
NZA-0374,0.148013,35.314808,semi_permanent,3930000.0,50,0.02,0.0,0.0,0.0,0.0,0.0
NZA-0374,0.148013,35.314808,semi_permanent,3930000.0,100,0.01,0.0,0.0,0.0,0.0,0.0
NZA-0374,0.148013,35.314808,semi_permanent,3930000.0,200,0.005,0.0,0.0,0.0,0.0,0.0
NZA-0374,0.148013,35.314808,semi_permanent,3930000.0,500,0.002,0.0,0.0,0.0,0.0,0.0
NZA-0375,0.328548,33.936989,informal_iron_sheet,1100000.0,10,0.1,0.0,0.0,0.0,0.0,0.0
NZA-0375,0.328548,33.936989,informal_iron_sheet,1100000.0,20,0.05,0.0,0.0,0.0,0.0,0.0
NZA-0375,0.328548,33.936989,informal_iron_sheet,1100000.0,50,0.02,0.0,0.0,0.0,0.0,0.0
NZA-0375,0.328548,33.936989,informal_iron_sheet,1100000.0,100,0.01,0.0,0.0,0.0,0.0,0.0
NZA-0375,0.328548,33.936989,informal_iron_sheet,1100000.0,200,0.005,0.0,0.0,0.0,0.0,0.0
NZA-0375,0.328548,33.936989,informal_iron_sheet,1100000.0,500,0.002,0.0,0.0,0.0,0.0,0.0
NZA-0376,-0.061283,34.733168,informal_iron_sheet,890000.0,10,0.1,0.0,0.0,0.0,0.0,0.0
NZA-0376,-0.061283,34.733168,informal_iron_sheet,890000.0,20,0.05,0.0,0.0,0.0,0.0,0.0
NZA-0376,-0.061283,34.733168,informal_iron_sheet,890000.0,50,0.02,0.0,0.0,0.0,0.0,0.0
NZA-0376,-0.061283,34.733168,informal_iron_sheet,890000.0,100,0.01,0.0,0.0,0.0,0.0,0.0
NZA-0376,-0.061283,34.733168,informal_iron_sheet,890000.0,200,0.005,0.0,0.0,0.0,0.0,0.0
NZA-0376,-0.061283,34.733168,informal_iron_sheet,890000.0,500,0.002,0.0,0.0,0.0,0.0,0.0
NZA-0377,0.008762,33.820651,concrete_rcc,425985000.0,10,0.1,0.6200000047683716,0.09874034614362803,42061906.35199339,8519700.0,33542206.35199339
NZA-0377,0.008762,33.820651,concrete_rcc,425985000.0,20,0.05,0.6800000071525574,0.11554194252922945,49219134.38831381,8519700.0,40699434.38831381
NZA-0377,0.008762,33.820651,concrete_rcc,425985000.0,50,0.02,0.7400000095367432,0.13115625977005588,55870599.31814725,8519700.0,47350899.31814725
NZA-0377,0.008762,33.820651,concrete_rcc,425985000.0,100,0.01,0.7900000214576721,0.14389634688916997,61297685.32958307,8519700.0,52777985.32958307
NZA-0377,0.008762,33.820651,concrete_rcc,425985000.0,200,0.005,0.8299999833106995,0.152200006876536,64834919.929301195,8519700.0,56315219.929301195
NZA-0377,0.008762,33.820651,concrete_rcc,425985000.0,500,0.002,0.8799999952316284,0.16494023623121268,70262066.53095314,8519700.0,61742366.53095314
NZA-0378,0.616033,34.419873,semi_permanent,3915000.0,10,0.1,0.0,0.0,0.0,0.0,0.0
NZA-0378,0.616033,34.419873,semi_permanent,3915000.0,20,0.05,0.0,0.0,0.0,0.0,0.0
NZA-0378,0.616033,34.419873,semi_permanent,3915000.0,50,0.02,0.0,0.0,0.0,0.0,0.0
NZA-0378,0.616033,34.419873,semi_permanent,3915000.0,100,0.01,0.0,0.0,0.0,0.0,0.0
NZA-0378,0.616033,34.419873,semi_permanent,3915000.0,200,0.005,0.0,0.0,0.0,0.0,0.0
NZA-0378,0.616033,34.419873,semi_permanent,3915000.0,500,0.002,0.0,0.0,0.0,0.0,0.0
NZA-0379,-0.247038,34.960714,semi_permanent,5735000.0,10,0.1,0.0,0.0,0.0,0.0,0.0
NZA-0379,-0.247038,34.960714,semi_permanent,5735000.0,20,0.05,0.0,0.0,0.0,0.0,0.0
NZA-0379,-0.247038,34.960714,semi_permanent,5735000.0,50,0.02,0.0,0.0,0.0,0.0,0.0
NZA-0379,-0.247038,34.960714,semi_permanent,5735000.0,100,0.01,0.0,0.0,0.0,0.0,0.0
NZA-0379,-0.247038,34.960714,semi_permanent,5735000.0,200,0.005,0.0,0.0,0.0,0.0,0.0
NZA-0379,-0.247038,34.960714,semi_permanent,5735000.0,500,0.002,0.0,0.0,0.0,0.0,0.0
NZA-0380,1.028664,34.440164,permanent_masonry,83020000.0,10,0.1,0.0,0.0,0.0,0.0,0.0
NZA-0380,1.028664,34.440164,permanent_masonry,83020000.0,20,0.05,0.0,0.0,0.0,0.0,0.0
NZA-0380,1.028664,34.440164,permanent_masonry,83020000.0,50,0.02,0.0,0.0,0.0,0.0,0.0
NZA-0380,1.028664,34.440164,permanent_masonry,83020000.0,100,0.01,0.0,0.0,0.0,0.0,0.0
NZA-0380,1.028664,34.440164,permanent_masonry,83020000.0,200,0.005,0.0,0.0,0.0,0.0,0.0
NZA-0380,1.028664,34.440164,permanent_masonry,83020000.0,500,0.002,0.0,0.0,0.0,0.0,0.0
NZA-0381,0.03298,35.311184,informal_iron_sheet,1150000.0,10,0.1,0.0,0.0,0.0,0.0,0.0
NZA-0381,0.03298,35.311184,informal_iron_sheet,1150000.0,20,0.05,0.0,0.0,0.0,0.0,0.0
NZA-0381,0.03298,35.311184,informal_iron_sheet,1150000.0,50,0.02,0.0,0.0,0.0,0.0,0.0
NZA-0381,0.03298,35.311184,informal_iron_sheet,1150000.0,100,0.01,0.0,0.0,0.0,0.0,0.0
NZA-0381,0.03298,35.311184,informal_iron_sheet,1150000.0,200,0.005,0.0,0.0,0.0,0.0,0.0
NZA-0381,0.03298,35.311184,informal_iron_sheet,1150000.0,500,0.002,0.0,0.0,0.0,0.0,0.0
NZA-0382,0.134439,34.249404,permanent_masonry,35420000.0,10,0.1,0.0,0.0,0.0,0.0,0.0
NZA-0382,0.134439,34.249404,permanent_masonry,35420000.0,20,0.05,0.0,0.0,0.0,0.0,0.0
NZA-0382,0.134439,34.249404,permanent_masonry,35420000.0,50,0.02,0.0,0.0,0.0,0.0,0.0
NZA-0382,0.134439,34.249404,permanent_masonry,35420000.0,100,0.01,0.0,0.0,0.0,0.0,0.0
NZA-0382,0.134439,34.249404,permanent_masonry,35420000.0,200,0.005,0.0,0.0,0.0,0.0,0.0
NZA-0382,0.134439,34.249404,permanent_masonry,35420000.0,500,0.002,0.0,0.0,0.0,0.0,0.0
NZA-0383,-0.276326,35.077981,concrete_rcc,372060000.0,10,0.1,0.0,0.0,0.0,0.0,0.0
NZA-0383,-0.276326,35.077981,concrete_rcc,372060000.0,20,0.05,0.0,0.0,0.0,0.0,0.0
NZA-0383,-0.276326,35.077981,concrete_rcc,372060000.0,50,0.02,0.0,0.0,0.0,0.0,0.0
NZA-0383,-0.276326,35.077981,concrete_rcc,372060000.0,100,0.01,0.0,0.0,0.0,0.0,0.0
NZA-0383,-0.276326,35.077981,concrete_rcc,372060000.0,200,0.005,0.0,0.0,0.0,0.0,0.0
NZA-0383,-0.276326,35.077981,concrete_rcc,372060000.0,500,0.002,0.0,0.0,0.0,0.0,0.0
NZA-0384,1.276649,33.751257,permanent_masonry,58750000.0,10,0.1,0.0,0.0,0.0,0.0,0.0
NZA-0384,1.276649,33.751257,permanent_masonry,58750000.0,20,0.05,0.0,0.0,0.0,0.0,0.0
NZA-0384,1.276649,33.751257,permanent_masonry,58750000.0,50,0.02,0.0,0.0,0.0,0.0,0.0
NZA-0384,1.276649,33.751257,permanent_masonry,58750000.0,100,0.01,0.0,0.0,0.0,0.0,0.0
NZA-0384,1.276649,33.751257,permanent_masonry,58750000.0,200,0.005,0.0,0.0,0.0,0.0,0.0
NZA-0384,1.276649,33.751257,permanent_masonry,58750000.0,500,0.002,0.0,0.0,0.0,0.0,0.0
NZA-0385,1.255817,34.341503,informal_iron_sheet,1510000.0,10,0.1,0.0,0.0,0.0,0.0,0.0
NZA-0385,1.255817,34.341503,informal_iron_sheet,1510000.0,20,0.05,0.0,0.0,0.0,0.0,0.0
NZA-0385,1.255817,34.341503,informal_iron_sheet,1510000.0,50,0.02,0.0,0.0,0.0,0.0,0.0
NZA-0385,1.255817,34.341503,informal_iron_sheet,1510000.0,100,0.01,0.0,0.0,0.0,0.0,0.0
NZA-0385,1.255817,34.341503,informal_iron_sheet,1510000.0,200,0.005,0.0,0.0,0.0,0.0,0.0
NZA-0385,1.255817,34.341503,informal_iron_sheet,1510000.0,500,0.002,0.0,0.0,0.0,0.0,0.0
NZA-0386,0.877986,35.214762,semi_permanent,6550000.0,10,0.1,0.0,0.0,0.0,0.0,0.0
NZA-0386,0.877986,35.214762,semi_permanent,6550000.0,20,0.05,0.0,0.0,0.0,0.0,0.0
NZA-0386,0.877986,35.214762,semi_permanent,6550000.0,50,0.02,0.0,0.0,0.0,0.0,0.0
NZA-0386,0.877986,35.214762,semi_permanent,6550000.0,100,0.01,0.0,0.0,0.0,0.0,0.0
NZA-0386,0.877986,35.214762,semi_permanent,6550000.0,200,0.005,0.0,0.0,0.0,0.0,0.0
NZA-0386,0.877986,35.214762,semi_permanent,6550000.0,500,0.002,0.0,0.0,0.0,0.0,0.0
NZA-0387,0.846554,34.91434,informal_iron_sheet,1160000.0,10,0.1,0.0,0.0,0.0,0.0,0.0
NZA-0387,0.846554,34.91434,informal_iron_sheet,1160000.0,20,0.05,0.0,0.0,0.0,0.0,0.0
NZA-0387,0.846554,34.91434,informal_iron_sheet,1160000.0,50,0.02,0.0,0.0,0.0,0.0,0.0
NZA-0387,0.846554,34.91434,informal_iron_sheet,1160000.0,100,0.01,0.0,0.0,0.0,0.0,0.0
NZA-0387,0.846554,34.91434,informal_iron_sheet,1160000.0,200,0.005,0.0,0.0,0.0,0.0,0.0
NZA-0387,0.846554,34.91434,informal_iron_sheet,1160000.0,500,0.002,0.0,0.0,0.0,0.0,0.0
NZA-0388,-0.293337,35.001587,informal_iron_sheet,1025000.0,10,0.1,0.0,0.0,0.0,0.0,0.0
NZA-0388,-0.293337,35.001587,informal_iron_sheet,1025000.0,20,0.05,0.0,0.0,0.0,0.0,0.0
NZA-0388,-0.293337,35.001587,informal_iron_sheet,1025000.0,50,0.02,0.0,0.0,0.0,0.0,0.0
NZA-0388,-0.293337,35.001587,informal_iron_sheet,1025000.0,100,0.01,0.0,0.0,0.0,0.0,0.0
NZA-0388,-0.293337,35.001587,informal_iron_sheet,1025000.0,200,0.005,0.0,0.0,0.0,0.0,0.0
NZA-0388,-0.293337,35.001587,informal_iron_sheet,1025000.0,500,0.002,0.0,0.0,0.0,0.0,0.0
NZA-0389,0.404294,34.409473,semi_permanent,7490000.0,10,0.1,0.0,0.0,0.0,0.0,0.0
NZA-0389,0.404294,34.409473,semi_permanent,7490000.0,20,0.05,0.0,0.0,0.0,0.0,0.0
NZA-0389,0.404294,34.409473,semi_permanent,7490000.0,50,0.02,0.0,0.0,0.0,0.0,0.0
NZA-0389,0.404294,34.409473,semi_permanent,7490000.0,100,0.01,0.0,0.0,0.0,0.0,0.0
NZA-0389,0.404294,34.409473,semi_permanent,7490000.0,200,0.005,0.0,0.0,0.0,0.0,0.0
NZA-0389,0.404294,34.409473,semi_permanent,7490000.0,500,0.002,0.0,0.0,0.0,0.0,0.0
NZA-0390,0.033382,34.710524,informal_iron_sheet,970000.0,10,0.1,0.0,0.0,0.0,0.0,0.0
NZA-0390,0.033382,34.710524,informal_iron_sheet,970000.0,20,0.05,0.0,0.0,0.0,0.0,0.0
NZA-0390,0.033382,34.710524,informal_iron_sheet,970000.0,50,0.02,0.0,0.0,0.0,0.0,0.0
NZA-0390,0.033382,34.710524,informal_iron_sheet,970000.0,100,0.01,0.0,0.0,0.0,0.0,0.0
NZA-0390,0.033382,34.710524,informal_iron_sheet,970000.0,200,0.005,0.0,0.0,0.0,0.0,0.0
NZA-0390,0.033382,34.710524,informal_iron_sheet,970000.0,500,0.002,0.0,0.0,0.0,0.0,0.0
NZA-0391,0.780842,34.847427,semi_permanent,4110000.0,10,0.1,0.0,0.0,0.0,0.0,0.0
NZA-0391,0.780842,34.847427,semi_permanent,4110000.0,20,0.05,0.0,0.0,0.0,0.0,0.0
NZA-0391,0.780842,34.847427,semi_permanent,4110000.0,50,0.02,0.0,0.0,0.0,0.0,0.0
NZA-0391,0.780842,34.847427,semi_permanent,4110000.0,100,0.01,0.0,0.0,0.0,0.0,0.0
NZA-0391,0.780842,34.847427,semi_permanent,4110000.0,200,0.005,0.0,0.0,0.0,0.0,0.0
NZA-0391,0.780842,34.847427,semi_permanent,4110000.0,500,0.002,0.0,0.0,0.0,0.0,0.0
NZA-0392,0.945937,34.461041,informal_iron_sheet,1090000.0,10,0.1,0.0,0.0,0.0,0.0,0.0
NZA-0392,0.945937,34.461041,informal_iron_sheet,1090000.0,20,0.05,0.0,0.0,0.0,0.0,0.0
NZA-0392,0.945937,34.461041,informal_iron_sheet,1090000.0,50,0.02,0.0,0.0,0.0,0.0,0.0
NZA-0392,0.945937,34.461041,informal_iron_sheet,1090000.0,100,0.01,0.0,0.0,0.0,0.0,0.0
NZA-0392,0.945937,34.461041,informal_iron_sheet,1090000.0,200,0.005,0.0,0.0,0.0,0.0,0.0
NZA-0392,0.945937,34.461041,informal_iron_sheet,1090000.0,500,0.002,0.0,0.0,0.0,0.0,0.0
NZA-0393,0.42372,34.738458,permanent_masonry,38495000.0,10,0.1,0.0,0.0,0.0,0.0,0.0
NZA-0393,0.42372,34.738458,permanent_masonry,38495000.0,20,0.05,0.0,0.0,0.0,0.0,0.0
NZA-0393,0.42372,34.738458,permanent_masonry,38495000.0,50,0.02,0.0,0.0,0.0,0.0,0.0
NZA-0393,0.42372,34.738458,permanent_masonry,38495000.0,100,0.01,0.0,0.0,0.0,0.0,0.0
NZA-0393,0.42372,34.738458,permanent_masonry,38495000.0,200,0.005,0.0,0.0,0.0,0.0,0.0
NZA-0393,0.42372,34.738458,permanent_masonry,38495000.0,500,0.002,0.0,0.0,0.0,0.0,0.0
NZA-0394,0.348756,34.631277,semi_permanent,5500000.0,10,0.1,0.0,0.0,0.0,0.0,0.0
NZA-0394,0.348756,34.631277,semi_permanent,5500000.0,20,0.05,0.0,0.0,0.0,0.0,0.0
NZA-0394,0.348756,34.631277,semi_permanent,5500000.0,50,0.02,0.0,0.0,0.0,0.0,0.0
NZA-0394,0.348756,34.631277,semi_permanent,5500000.0,100,0.01,0.0,0.0,0.0,0.0,0.0
NZA-0394,0.348756,34.631277,semi_permanent,5500000.0,200,0.005,0.0,0.0,0.0,0.0,0.0
NZA-0394,0.348756,34.631277,semi_permanent,5500000.0,500,0.002,0.0,0.0,0.0,0.0,0.0
NZA-0395,0.585248,34.36428,permanent_masonry,71215000.0,10,0.1,0.0,0.0,0.0,0.0,0.0
NZA-0395,0.585248,34.36428,permanent_masonry,71215000.0,20,0.05,0.0,0.0,0.0,0.0,0.0
NZA-0395,0.585248,34.36428,permanent_masonry,71215000.0,50,0.02,0.0,0.0,0.0,0.0,0.0
NZA-0395,0.585248,34.36428,permanent_masonry,71215000.0,100,0.01,0.0,0.0,0.0,0.0,0.0
NZA-0395,0.585248,34.36428,permanent_masonry,71215000.0,200,0.005,0.0,0.0,0.0,0.0,0.0
NZA-0395,0.585248,34.36428,permanent_masonry,71215000.0,500,0.002,0.0,0.0,0.0,0.0,0.0
NZA-0396,-0.074978,34.587112,informal_iron_sheet,820000.0,10,0.1,0.0,0.0,0.0,0.0,0.0
NZA-0396,-0.074978,34.587112,informal_iron_sheet,820000.0,20,0.05,0.0,0.0,0.0,0.0,0.0
NZA-0396,-0.074978,34.587112,informal_iron_sheet,820000.0,50,0.02,0.0,0.0,0.0,0.0,0.0
NZA-0396,-0.074978,34.587112,informal_iron_sheet,820000.0,100,0.01,0.0,0.0,0.0,0.0,0.0
NZA-0396,-0.074978,34.587112,informal_iron_sheet,820000.0,200,0.005,0.0,0.0,0.0,0.0,0.0
NZA-0396,-0.074978,34.587112,informal_iron_sheet,820000.0,500,0.002,0.0,0.0,0.0,0.0,0.0
NZA-0397,-0.22939,34.641788,informal_iron_sheet,1780000.0,10,0.1,0.28999999165534973,0.16620403524024446,295843.18272763514,35600.0,260243.18272763514
NZA-0397,-0.22939,34.641788,informal_iron_sheet,1780000.0,20,0.05,0.41999998688697815,0.16620403524024446,295843.18272763514,35600.0,260243.18272763514
NZA-0397,-0.22939,34.641788,informal_iron_sheet,1780000.0,50,0.02,0.6399999856948853,0.1885011567393359,335532.0589960179,35600.0,299932.0589960179
NZA-0397,-0.22939,34.641788,informal_iron_sheet,1780000.0,100,0.01,0.8399999737739563,0.2774282572042976,493822.2978236497,35600.0,458222.2978236497
NZA-0397,-0.22939,34.641788,informal_iron_sheet,1780000.0,200,0.005,1.0,0.3415500618417648,607959.1100783413,35600.0,572359.1100783413
NZA-0397,-0.22939,34.641788,informal_iron_sheet,1780000.0,500,0.002,1.1299999952316284,0.3871629258958127,689150.0080945466,35600.0,653550.0080945466
NZA-0398,0.650527,34.741207,informal_iron_sheet,1585000.0,10,0.1,0.0,0.0,0.0,0.0,0.0
NZA-0398,0.650527,34.741207,informal_iron_sheet,1585000.0,20,0.05,0.0,0.0,0.0,0.0,0.0
NZA-0398,0.650527,34.741207,informal_iron_sheet,1585000.0,50,0.02,0.0,0.0,0.0,0.0,0.0
NZA-0398,0.650527,34.741207,informal_iron_sheet,1585000.0,100,0.01,0.0,0.0,0.0,0.0,0.0
NZA-0398,0.650527,34.741207,informal_iron_sheet,1585000.0,200,0.005,0.0,0.0,0.0,0.0,0.0
NZA-0398,0.650527,34.741207,informal_iron_sheet,1585000.0,500,0.002,0.0,0.0,0.0,0.0,0.0
NZA-0399,0.885129,34.939104,semi_permanent,9515000.0,10,0.1,0.0,0.0,0.0,0.0,0.0
NZA-0399,0.885129,34.939104,semi_permanent,9515000.0,20,0.05,0.0,0.0,0.0,0.0,0.0
NZA-0399,0.885129,34.939104,semi_permanent,9515000.0,50,0.02,0.0,0.0,0.0,0.0,0.0
NZA-0399,0.885129,34.939104,semi_permanent,9515000.0,100,0.01,0.0,0.0,0.0,0.0,0.0
NZA-0399,0.885129,34.939104,semi_permanent,9515000.0,200,0.005,0.0,0.0,0.0,0.0,0.0
NZA-0399,0.885129,34.939104,semi_permanent,9515000.0,500,0.002,0.0,0.0,0.0,0.0,0.0
NZA-0400,0.569339,34.882715,permanent_masonry,56335000.0,10,0.1,0.0,0.0,0.0,0.0,0.0
NZA-0400,0.569339,34.882715,permanent_masonry,56335000.0,20,0.05,0.0,0.0,0.0,0.0,0.0
NZA-0400,0.569339,34.882715,permanent_masonry,56335000.0,50,0.02,0.0,0.0,0.0,0.0,0.0
NZA-0400,0.569339,34.882715,permanent_masonry,56335000.0,100,0.01,0.0,0.0,0.0,0.0,0.0
NZA-0400,0.569339,34.882715,permanent_masonry,56335000.0,200,0.005,0.0,0.0,0.0,0.0,0.0
NZA-0400,0.569339,34.882715,permanent_masonry,56335000.0,500,0.002,0.0,0.0,0.0,0.0,0.0
NZA-0401,0.692191,35.232247,informal_iron_sheet,670000.0,10,0.1,0.0,0.0,0.0,0.0,0.0
NZA-0401,0.692191,35.232247,informal_iron_sheet,670000.0,20,0.05,0.0,0.0,0.0,0.0,0.0
NZA-0401,0.692191,35.232247,informal_iron_sheet,670000.0,50,0.02,0.0,0.0,0.0,0.0,0.0
NZA-0401,0.692191,35.232247,informal_iron_sheet,670000.0,100,0.01,0.0,0.0,0.0,0.0,0.0
NZA-0401,0.692191,35.232247,informal_iron_sheet,670000.0,200,0.005,0.0,0.0,0.0,0.0,0.0
NZA-0401,0.692191,35.232247,informal_iron_sheet,670000.0,500,0.002,0.0,0.0,0.0,0.0,0.0
NZA-0402,0.084278,35.342177,permanent_masonry,78570000.0,10,0.1,0.0,0.0,0.0,0.0,0.0
NZA-0402,0.084278,35.342177,permanent_masonry,78570000.0,20,0.05,0.0,0.0,0.0,0.0,0.0
NZA-0402,0.084278,35.342177,permanent_masonry,78570000.0,50,0.02,0.0,0.0,0.0,0.0,0.0
NZA-0402,0.084278,35.342177,permanent_masonry,78570000.0,100,0.01,0.0,0.0,0.0,0.0,0.0
NZA-0402,0.084278,35.342177,permanent_masonry,78570000.0,200,0.005,0.0,0.0,0.0,0.0,0.0
NZA-0402,0.084278,35.342177,permanent_masonry,78570000.0,500,0.002,0.0,0.0,0.0,0.0,0.0
NZA-0403,0.719236,33.715352,concrete_rcc,215980000.0,10,0.1,0.0,0.0,0.0,0.0,0.0
NZA-0403,0.719236,33.715352,concrete_rcc,215980000.0,20,0.05,0.0,0.0,0.0,0.0,0.0
NZA-0403,0.719236,33.715352,concrete_rcc,215980000.0,50,0.02,0.0,0.0,0.0,0.0,0.0
NZA-0403,0.719236,33.715352,concrete_rcc,215980000.0,100,0.01,0.0,0.0,0.0,0.0,0.0
NZA-0403,0.719236,33.715352,concrete_rcc,215980000.0,200,0.005,0.0,0.0,0.0,0.0,0.0
NZA-0403,0.719236,33.715352,concrete_rcc,215980000.0,500,0.002,0.0,0.0,0.0,0.0,0.0
NZA-0404,-0.068859,34.897573,semi_permanent,2835000.0,10,0.1,0.0,0.0,0.0,0.0,0.0
NZA-0404,-0.068859,34.897573,semi_permanent,2835000.0,20,0.05,0.0,0.0,0.0,0.0,0.0
NZA-0404,-0.068859,34.897573,semi_permanent,2835000.0,50,0.02,0.0,0.0,0.0,0.0,0.0
NZA-0404,-0.068859,34.897573,semi_permanent,2835000.0,100,0.01,0.0,0.0,0.0,0.0,0.0
NZA-0404,-0.068859,34.897573,semi_permanent,2835000.0,200,0.005,0.0,0.0,0.0,0.0,0.0
NZA-0404,-0.068859,34.897573,semi_permanent,2835000.0,500,0.002,0.0,0.0,0.0,0.0,0.0
NZA-0405,-0.249223,35.147287,permanent_masonry,63040000.0,10,0.1,0.0,0.0,0.0,0.0,0.0
NZA-0405,-0.249223,35.147287,permanent_masonry,63040000.0,20,0.05,0.0,0.0,0.0,0.0,0.0
NZA-0405,-0.249223,35.147287,permanent_masonry,63040000.0,50,0.02,0.0,0.0,0.0,0.0,0.0
NZA-0405,-0.249223,35.147287,permanent_masonry,63040000.0,100,0.01,0.0,0.0,0.0,0.0,0.0
NZA-0405,-0.249223,35.147287,permanent_masonry,63040000.0,200,0.005,0.0,0.0,0.0,0.0,0.0
NZA-0405,-0.249223,35.147287,permanent_masonry,63040000.0,500,0.002,0.0,0.0,0.0,0.0,0.0
NZA-0406,0.144545,34.672172,informal_iron_sheet,1360000.0,10,0.1,0.0,0.0,0.0,0.0,0.0
NZA-0406,0.144545,34.672172,informal_iron_sheet,1360000.0,20,0.05,0.0,0.0,0.0,0.0,0.0
NZA-0406,0.144545,34.672172,informal_iron_sheet,1360000.0,50,0.02,0.0,0.0,0.0,0.0,0.0
NZA-0406,0.144545,34.672172,informal_iron_sheet,1360000.0,100,0.01,0.0,0.0,0.0,0.0,0.0
NZA-0406,0.144545,34.672172,informal_iron_sheet,1360000.0,200,0.005,0.0,0.0,0.0,0.0,0.0
NZA-0406,0.144545,34.672172,informal_iron_sheet,1360000.0,500,0.002,0.0,0.0,0.0,0.0,0.0
NZA-0407,-0.09259,33.945155,informal_iron_sheet,900000.0,10,0.1,0.3400000035762787,0.16620403524024446,149583.63171622003,18000.0,131583.63171622003
NZA-0407,-0.09259,33.945155,informal_iron_sheet,900000.0,20,0.05,0.38999998569488525,0.16620403524024446,149583.63171622003,18000.0,131583.63171622003
NZA-0407,-0.09259,33.945155,informal_iron_sheet,900000.0,50,0.02,0.4399999976158142,0.16620403524024446,149583.63171622003,18000.0,131583.63171622003
NZA-0407,-0.09259,33.945155,informal_iron_sheet,900000.0,100,0.01,0.49000000953674316,0.16620403524024446,149583.63171622003,18000.0,131583.63171622003
NZA-0407,-0.09259,33.945155,informal_iron_sheet,900000.0,200,0.005,0.5299999713897705,0.16620403524024446,149583.63171622003,18000.0,131583.63171622003
NZA-0407,-0.09259,33.945155,informal_iron_sheet,900000.0,500,0.002,0.5799999833106995,0.16620403524024446,149583.63171622003,18000.0,131583.63171622003
NZA-0408,0.606909,35.344483,permanent_masonry,51390000.0,10,0.1,0.0,0.0,0.0,0.0,0.0
NZA-0408,0.606909,35.344483,permanent_masonry,51390000.0,20,0.05,0.0,0.0,0.0,0.0,0.0
NZA-0408,0.606909,35.344483,permanent_masonry,51390000.0,50,0.02,0.0,0.0,0.0,0.0,0.0
NZA-0408,0.606909,35.344483,permanent_masonry,51390000.0,100,0.01,0.0,0.0,0.0,0.0,0.0
NZA-0408,0.606909,35.344483,permanent_masonry,51390000.0,200,0.005,0.0,0.0,0.0,0.0,0.0
NZA-0408,0.606909,35.344483,permanent_masonry,51390000.0,500,0.002,0.0,0.0,0.0,0.0,0.0
NZA-0409,1.10873,35.000699,semi_permanent,3960000.0,10,0.1,0.0,0.0,0.0,0.0,0.0
NZA-0409,1.10873,35.000699,semi_permanent,3960000.0,20,0.05,0.0,0.0,0.0,0.0,0.0
NZA-0409,1.10873,35.000699,semi_permanent,3960000.0,50,0.02,0.0,0.0,0.0,0.0,0.0
NZA-0409,1.10873,35.000699,semi_permanent,3960000.0,100,0.01,0.0,0.0,0.0,0.0,0.0
NZA-0409,1.10873,35.000699,semi_permanent,3960000.0,200,0.005,0.0,0.0,0.0,0.0,0.0
NZA-0409,1.10873,35.000699,semi_permanent,3960000.0,500,0.002,0.0,0.0,0.0,0.0,0.0
NZA-0410,0.063538,34.230758,semi_permanent,7865000.0,10,0.1,0.0,0.0,0.0,0.0,0.0
NZA-0410,0.063538,34.230758,semi_permanent,7865000.0,20,0.05,0.0,0.0,0.0,0.0,0.0
NZA-0410,0.063538,34.230758,semi_permanent,7865000.0,50,0.02,0.0,0.0,0.0,0.0,0.0
NZA-0410,0.063538,34.230758,semi_permanent,7865000.0,100,0.01,0.0,0.0,0.0,0.0,0.0
NZA-0410,0.063538,34.230758,semi_permanent,7865000.0,200,0.005,0.0,0.0,0.0,0.0,0.0
NZA-0410,0.063538,34.230758,semi_permanent,7865000.0,500,0.002,0.0,0.0,0.0,0.0,0.0
NZA-0411,0.864845,34.215677,informal_iron_sheet,925000.0,10,0.1,0.0,0.0,0.0,0.0,0.0
NZA-0411,0.864845,34.215677,informal_iron_sheet,925000.0,20,0.05,0.0,0.0,0.0,0.0,0.0
NZA-0411,0.864845,34.215677,informal_iron_sheet,925000.0,50,0.02,0.0,0.0,0.0,0.0,0.0
NZA-0411,0.864845,34.215677,informal_iron_sheet,925000.0,100,0.01,0.0,0.0,0.0,0.0,0.0
NZA-0411,0.864845,34.215677,informal_iron_sheet,925000.0,200,0.005,0.0,0.0,0.0,0.0,0.0
NZA-0411,0.864845,34.215677,informal_iron_sheet,925000.0,500,0.002,0.0,0.0,0.0,0.0,0.0
NZA-0412,0.538159,33.83332,permanent_masonry,79720000.0,10,0.1,0.0,0.0,0.0,0.0,0.0
NZA-0412,0.538159,33.83332,permanent_masonry,79720000.0,20,0.05,0.0,0.0,0.0,0.0,0.0
NZA-0412,0.538159,33.83332,permanent_masonry,79720000.0,50,0.02,0.0,0.0,0.0,0.0,0.0
NZA-0412,0.538159,33.83332,permanent_masonry,79720000.0,100,0.01,0.0,0.0,0.0,0.0,0.0
NZA-0412,0.538159,33.83332,permanent_masonry,79720000.0,200,0.005,0.0,0.0,0.0,0.0,0.0
NZA-0412,0.538159,33.83332,permanent_masonry,79720000.0,500,0.002,0.0,0.0,0.0,0.0,0.0
NZA-0413,0.428455,34.240755,permanent_masonry,81530000.0,10,0.1,0.0,0.0,0.0,0.0,0.0
NZA-0413,0.428455,34.240755,permanent_masonry,81530000.0,20,0.05,0.0,0.0,0.0,0.0,0.0
NZA-0413,0.428455,34.240755,permanent_masonry,81530000.0,50,0.02,0.0,0.0,0.0,0.0,0.0
NZA-0413,0.428455,34.240755,permanent_masonry,81530000.0,100,0.01,0.0,0.0,0.0,0.0,0.0
NZA-0413,0.428455,34.240755,permanent_masonry,81530000.0,200,0.005,0.0,0.0,0.0,0.0,0.0
NZA-0413,0.428455,34.240755,permanent_masonry,81530000.0,500,0.002,0.0,0.0,0.0,0.0,0.0
NZA-0414,0.647717,34.484053,concrete_rcc,485520000.0,10,0.1,0.0,0.0,0.0,0.0,0.0
NZA-0414,0.647717,34.484053,concrete_rcc,485520000.0,20,0.05,0.0,0.0,0.0,0.0,0.0
NZA-0414,0.647717,34.484053,concrete_rcc,485520000.0,50,0.02,0.0,0.0,0.0,0.0,0.0
NZA-0414,0.647717,34.484053,concrete_rcc,485520000.0,100,0.01,0.0,0.0,0.0,0.0,0.0
NZA-0414,0.647717,34.484053,concrete_rcc,485520000.0,200,0.005,0.0,0.0,0.0,0.0,0.0
NZA-0414,0.647717,34.484053,concrete_rcc,485520000.0,500,0.002,0.0,0.0,0.0,0.0,0.0
NZA-0415,0.413499,34.160793,informal_iron_sheet,1500000.0,10,0.1,0.0,0.0,0.0,0.0,0.0
NZA-0415,0.413499,34.160793,informal_iron_sheet,1500000.0,20,0.05,0.0,0.0,0.0,0.0,0.0
NZA-0415,0.413499,34.160793,informal_iron_sheet,1500000.0,50,0.02,0.0,0.0,0.0,0.0,0.0
NZA-0415,0.413499,34.160793,informal_iron_sheet,1500000.0,100,0.01,0.0,0.0,0.0,0.0,0.0
NZA-0415,0.413499,34.160793,informal_iron_sheet,1500000.0,200,0.005,0.0,0.0,0.0,0.0,0.0
NZA-0415,0.413499,34.160793,informal_iron_sheet,1500000.0,500,0.002,0.0,0.0,0.0,0.0,0.0
NZA-0416,0.549676,33.843996,permanent_masonry,76760000.0,10,0.1,0.0,0.0,0.0,0.0,0.0
NZA-0416,0.549676,33.843996,permanent_masonry,76760000.0,20,0.05,0.0,0.0,0.0,0.0,0.0
NZA-0416,0.549676,33.843996,permanent_masonry,76760000.0,50,0.02,0.0,0.0,0.0,0.0,0.0
NZA-0416,0.549676,33.843996,permanent_masonry,76760000.0,100,0.01,0.0,0.0,0.0,0.0,0.0
NZA-0416,0.549676,33.843996,permanent_masonry,76760000.0,200,0.005,0.0,0.0,0.0,0.0,0.0
NZA-0416,0.549676,33.843996,permanent_masonry,76760000.0,500,0.002,0.0,0.0,0.0,0.0,0.0
NZA-0417,0.08007,34.055394,informal_iron_sheet,470000.0,10,0.1,0.6299999952316284,0.1885011567393359,88595.54366748787,9400.0,79195.54366748787
NZA-0417,0.08007,34.055394,informal_iron_sheet,470000.0,20,0.05,0.7400000095367432,0.23688381958674934,111335.39520577219,9400.0,101935.39520577219
NZA-0417,0.08007,34.055394,informal_iron_sheet,470000.0,50,0.02,0.8799999952316284,0.2951424664728443,138716.95924223683,9400.0,129316.95924223683
NZA-0417,0.08007,34.055394,informal_iron_sheet,470000.0,100,0.01,0.9700000286102295,0.3281762216596115,154242.82418001743,9400.0,144842.82418001743
NZA-0417,0.08007,34.055394,informal_iron_sheet,470000.0,200,0.005,1.059999942779541,0.361832882923799,170061.45497418553,9400.0,160661.45497418553
NZA-0417,0.08007,34.055394,informal_iron_sheet,470000.0,500,0.002,1.1699999570846558,0.3991519582307646,187601.42036845937,9400.0,178201.42036845937
NZA-0418,1.070937,33.783992,concrete_rcc,286740000.0,10,0.1,0.0,0.0,0.0,0.0,0.0
NZA-0418,1.070937,33.783992,concrete_rcc,286740000.0,20,0.05,0.0,0.0,0.0,0.0,0.0
NZA-0418,1.070937,33.783992,concrete_rcc,286740000.0,50,0.02,0.0,0.0,0.0,0.0,0.0
NZA-0418,1.070937,33.783992,concrete_rcc,286740000.0,100,0.01,0.0,0.0,0.0,0.0,0.0
NZA-0418,1.070937,33.783992,concrete_rcc,286740000.0,200,0.005,0.0,0.0,0.0,0.0,0.0
NZA-0418,1.070937,33.783992,concrete_rcc,286740000.0,500,0.002,0.0,0.0,0.0,0.0,0.0
NZA-0419,0.51704,34.371814,informal_iron_sheet,950000.0,10,0.1,0.0,0.0,0.0,0.0,0.0
NZA-0419,0.51704,34.371814,informal_iron_sheet,950000.0,20,0.05,0.0,0.0,0.0,0.0,0.0
NZA-0419,0.51704,34.371814,informal_iron_sheet,950000.0,50,0.02,0.0,0.0,0.0,0.0,0.0
NZA-0419,0.51704,34.371814,informal_iron_sheet,950000.0,100,0.01,0.0,0.0,0.0,0.0,0.0
NZA-0419,0.51704,34.371814,informal_iron_sheet,950000.0,200,0.005,0.0,0.0,0.0,0.0,0.0
NZA-0419,0.51704,34.371814,informal_iron_sheet,950000.0,500,0.002,0.0,0.0,0.0,0.0,0.0
NZA-0420,0.773617,34.734959,permanent_masonry,40870000.0,10,0.1,0.0,0.0,0.0,0.0,0.0
NZA-0420,0.773617,34.734959,permanent_masonry,40870000.0,20,0.05,0.0,0.0,0.0,0.0,0.0
NZA-0420,0.773617,34.734959,permanent_masonry,40870000.0,50,0.02,0.0,0.0,0.0,0.0,0.0
NZA-0420,0.773617,34.734959,permanent_masonry,40870000.0,100,0.01,0.0,0.0,0.0,0.0,0.0
NZA-0420,0.773617,34.734959,permanent_masonry,40870000.0,200,0.005,0.0,0.0,0.0,0.0,0.0
NZA-0420,0.773617,34.734959,permanent_masonry,40870000.0,500,0.002,0.0,0.0,0.0,0.0,0.0
NZA-0421,0.010114,35.137946,permanent_masonry,25340000.0,10,0.1,0.0,0.0,0.0,0.0,0.0
NZA-0421,0.010114,35.137946,permanent_masonry,25340000.0,20,0.05,0.0,0.0,0.0,0.0,0.0
NZA-0421,0.010114,35.137946,permanent_masonry,25340000.0,50,0.02,0.0,0.0,0.0,0.0,0.0
NZA-0421,0.010114,35.137946,permanent_masonry,25340000.0,100,0.01,0.0,0.0,0.0,0.0,0.0
NZA-0421,0.010114,35.137946,permanent_masonry,25340000.0,200,0.005,0.0,0.0,0.0,0.0,0.0
NZA-0421,0.010114,35.137946,permanent_masonry,25340000.0,500,0.002,0.0,0.0,0.0,0.0,0.0
NZA-0422,0.435472,35.134517,informal_iron_sheet,640000.0,10,0.1,0.0,0.0,0.0,0.0,0.0
NZA-0422,0.435472,35.134517,informal_iron_sheet,640000.0,20,0.05,0.0,0.0,0.0,0.0,0.0
NZA-0422,0.435472,35.134517,informal_iron_sheet,640000.0,50,0.02,0.0,0.0,0.0,0.0,0.0
NZA-0422,0.435472,35.134517,informal_iron_sheet,640000.0,100,0.01,0.0,0.0,0.0,0.0,0.0
NZA-0422,0.435472,35.134517,informal_iron_sheet,640000.0,200,0.005,0.0,0.0,0.0,0.0,0.0
NZA-0422,0.435472,35.134517,informal_iron_sheet,640000.0,500,0.002,0.0,0.0,0.0,0.0,0.0
NZA-0423,-0.198967,34.281169,permanent_masonry,96990000.0,10,0.1,0.0,0.0,0.0,0.0,0.0
NZA-0423,-0.198967,34.281169,permanent_masonry,96990000.0,20,0.05,0.0,0.0,0.0,0.0,0.0
NZA-0423,-0.198967,34.281169,permanent_masonry,96990000.0,50,0.02,0.0,0.0,0.0,0.0,0.0
NZA-0423,-0.198967,34.281169,permanent_masonry,96990000.0,100,0.01,0.0,0.0,0.0,0.0,0.0
NZA-0423,-0.198967,34.281169,permanent_masonry,96990000.0,200,0.005,0.0,0.0,0.0,0.0,0.0
NZA-0423,-0.198967,34.281169,permanent_masonry,96990000.0,500,0.002,0.0,0.0,0.0,0.0,0.0
NZA-0424,-0.243639,34.696023,informal_iron_sheet,900000.0,10,0.1,2.740000009536743,0.8202812746895474,738253.1472205926,18000.0,720253.1472205926
NZA-0424,-0.243639,34.696023,informal_iron_sheet,900000.0,20,0.05,2.9100000858306885,0.8511634018047199,766047.0616242479,18000.0,748047.0616242479
NZA-0424,-0.243639,34.696023,informal_iron_sheet,900000.0,50,0.02,3.119999885559082,0.8665300631156481,779877.0568040833,18000.0,761877.0568040833
NZA-0424,-0.243639,34.696023,informal_iron_sheet,900000.0,100,0.01,3.2100000381469727,0.8665300631156481,779877.0568040833,18000.0,761877.0568040833
NZA-0424,-0.243639,34.696023,informal_iron_sheet,900000.0,200,0.005,3.299999952316284,0.8665300631156481,779877.0568040833,18000.0,761877.0568040833
NZA-0424,-0.243639,34.696023,informal_iron_sheet,900000.0,500,0.002,3.390000104904175,0.8665300631156481,779877.0568040833,18000.0,761877.0568040833
NZA-0425,0.445653,34.787098,semi_permanent,5105000.0,10,0.1,0.0,0.0,0.0,0.0,0.0
NZA-0425,0.445653,34.787098,semi_permanent,5105000.0,20,0.05,0.0,0.0,0.0,0.0,0.0
NZA-0425,0.445653,34.787098,semi_permanent,5105000.0,50,0.02,0.0,0.0,0.0,0.0,0.0
NZA-0425,0.445653,34.787098,semi_permanent,5105000.0,100,0.01,0.0,0.0,0.0,0.0,0.0
NZA-0425,0.445653,34.787098,semi_permanent,5105000.0,200,0.005,0.0,0.0,0.0,0.0,0.0
NZA-0425,0.445653,34.787098,semi_permanent,5105000.0,500,0.002,0.0,0.0,0.0,0.0,0.0
NZA-0426,1.108655,33.954177,permanent_masonry,69890000.0,10,0.1,0.0,0.0,0.0,0.0,0.0
NZA-0426,1.108655,33.954177,permanent_masonry,69890000.0,20,0.05,0.0,0.0,0.0,0.0,0.0
NZA-0426,1.108655,33.954177,permanent_masonry,69890000.0,50,0.02,0.0,0.0,0.0,0.0,0.0
NZA-0426,1.108655,33.954177,permanent_masonry,69890000.0,100,0.01,0.0,0.0,0.0,0.0,0.0
NZA-0426,1.108655,33.954177,permanent_masonry,69890000.0,200,0.005,0.0,0.0,0.0,0.0,0.0
NZA-0426,1.108655,33.954177,permanent_masonry,69890000.0,500,0.002,0.0,0.0,0.0,0.0,0.0
NZA-0427,0.603417,34.781679,concrete_rcc,329545000.0,10,0.1,0.0,0.0,0.0,0.0,0.0
NZA-0427,0.603417,34.781679,concrete_rcc,329545000.0,20,0.05,0.0,0.0,0.0,0.0,0.0
NZA-0427,0.603417,34.781679,concrete_rcc,329545000.0,50,0.02,0.0,0.0,0.0,0.0,0.0
NZA-0427,0.603417,34.781679,concrete_rcc,329545000.0,100,0.01,0.0,0.0,0.0,0.0,0.0
NZA-0427,0.603417,34.781679,concrete_rcc,329545000.0,200,0.005,0.0,0.0,0.0,0.0,0.0
NZA-0427,0.603417,34.781679,concrete_rcc,329545000.0,500,0.002,0.0,0.0,0.0,0.0,0.0
NZA-0428,-0.27813,34.468108,informal_iron_sheet,1150000.0,10,0.1,0.6399999856948853,0.1885011567393359,216776.3302502363,23000.0,193776.3302502363
NZA-0428,-0.27813,34.468108,informal_iron_sheet,1150000.0,20,0.05,1.100000023841858,0.37021246883939657,425744.33916530607,23000.0,402744.33916530607
NZA-0428,-0.27813,34.468108,informal_iron_sheet,1150000.0,50,0.02,1.2100000381469727,0.4175391153055566,480169.9826013901,23000.0,457169.9826013901
NZA-0428,-0.27813,34.468108,informal_iron_sheet,1150000.0,100,0.01,1.2799999713897705,0.44301593431824887,509468.3244659862,23000.0,486468.3244659862
NZA-0428,-0.27813,34.468108,informal_iron_sheet,1150000.0,200,0.005,1.340000033378601,0.4659377655655503,535828.4304003828,23000.0,512828.43040038284
NZA-0428,-0.27813,34.468108,informal_iron_sheet,1150000.0,500,0.002,1.399999976158142,0.48412340109437335,556741.9112585294,23000.0,533741.9112585294
NZA-0429,0.283537,34.654823,semi_permanent,9540000.0,10,0.1,0.0,0.0,0.0,0.0,0.0
NZA-0429,0.283537,34.654823,semi_permanent,9540000.0,20,0.05,0.0,0.0,0.0,0.0,0.0
NZA-0429,0.283537,34.654823,semi_permanent,9540000.0,50,0.02,0.0,0.0,0.0,0.0,0.0
NZA-0429,0.283537,34.654823,semi_permanent,9540000.0,100,0.01,0.0,0.0,0.0,0.0,0.0
NZA-0429,0.283537,34.654823,semi_permanent,9540000.0,200,0.005,0.0,0.0,0.0,0.0,0.0
NZA-0429,0.283537,34.654823,semi_permanent,9540000.0,500,0.002,0.0,0.0,0.0,0.0,0.0
NZA-0430,0.137854,35.21501,informal_iron_sheet,960000.0,10,0.1,0.0,0.0,0.0,0.0,0.0
NZA-0430,0.137854,35.21501,informal_iron_sheet,960000.0,20,0.05,0.0,0.0,0.0,0.0,0.0
NZA-0430,0.137854,35.21501,informal_iron_sheet,960000.0,50,0.02,0.0,0.0,0.0,0.0,0.0
NZA-0430,0.137854,35.21501,informal_iron_sheet,960000.0,100,0.01,0.0,0.0,0.0,0.0,0.0
NZA-0430,0.137854,35.21501,informal_iron_sheet,960000.0,200,0.005,0.0,0.0,0.0,0.0,0.0
NZA-0430,0.137854,35.21501,informal_iron_sheet,960000.0,500,0.002,0.0,0.0,0.0,0.0,0.0
NZA-0431,0.735051,34.152995,informal_iron_sheet,960000.0,10,0.1,0.0,0.0,0.0,0.0,0.0
NZA-0431,0.735051,34.152995,informal_iron_sheet,960000.0,20,0.05,0.0,0.0,0.0,0.0,0.0
NZA-0431,0.735051,34.152995,informal_iron_sheet,960000.0,50,0.02,0.0,0.0,0.0,0.0,0.0
NZA-0431,0.735051,34.152995,informal_iron_sheet,960000.0,100,0.01,0.0,0.0,0.0,0.0,0.0
NZA-0431,0.735051,34.152995,informal_iron_sheet,960000.0,200,0.005,0.0,0.0,0.0,0.0,0.0
NZA-0431,0.735051,34.152995,informal_iron_sheet,960000.0,500,0.002,0.0,0.0,0.0,0.0,0.0
NZA-0432,0.13921,33.85235,informal_iron_sheet,2180000.0,10,0.1,0.019999999552965164,0.16620403524024446,362324.7968237329,43600.0,318724.7968237329
NZA-0432,0.13921,33.85235,informal_iron_sheet,2180000.0,20,0.05,0.05000000074505806,0.16620403524024446,362324.7968237329,43600.0,318724.7968237329
NZA-0432,0.13921,33.85235,informal_iron_sheet,2180000.0,50,0.02,0.12999999523162842,0.16620403524024446,362324.7968237329,43600.0,318724.7968237329
NZA-0432,0.13921,33.85235,informal_iron_sheet,2180000.0,100,0.01,0.25,0.16620403524024446,362324.7968237329,43600.0,318724.7968237329
NZA-0432,0.13921,33.85235,informal_iron_sheet,2180000.0,200,0.005,0.3499999940395355,0.16620403524024446,362324.7968237329,43600.0,318724.7968237329
NZA-0432,0.13921,33.85235,informal_iron_sheet,2180000.0,500,0.002,0.44999998807907104,0.16620403524024446,362324.7968237329,43600.0,318724.7968237329
NZA-0433,0.741471,34.512865,semi_permanent,2270000.0,10,0.1,0.0,0.0,0.0,0.0,0.0
NZA-0433,0.741471,34.512865,semi_permanent,2270000.0,20,0.05,0.0,0.0,0.0,0.0,0.0
NZA-0433,0.741471,34.512865,semi_permanent,2270000.0,50,0.02,0.0,0.0,0.0,0.0,0.0
NZA-0433,0.741471,34.512865,semi_permanent,2270000.0,100,0.01,0.0,0.0,0.0,0.0,0.0
NZA-0433,0.741471,34.512865,semi_permanent,2270000.0,200,0.005,0.0,0.0,0.0,0.0,0.0
NZA-0433,0.741471,34.512865,semi_permanent,2270000.0,500,0.002,0.0,0.0,0.0,0.0,0.0
NZA-0434,0.86609,33.79795,semi_permanent,7075000.0,10,0.1,0.0,0.0,0.0,0.0,0.0
NZA-0434,0.86609,33.79795,semi_permanent,7075000.0,20,0.05,0.1899999976158142,0.14281975640791192,1010449.7765859768,141500.0,868949.7765859768
NZA-0434,0.86609,33.79795,semi_permanent,7075000.0,50,0.02,0.4099999964237213,0.14281975640791192,1010449.7765859768,141500.0,868949.7765859768
NZA-0434,0.86609,33.79795,semi_permanent,7075000.0,100,0.01,0.5600000023841858,0.14281975640791192,1010449.7765859768,141500.0,868949.7765859768
NZA-0434,0.86609,33.79795,semi_permanent,7075000.0,200,0.005,0.7200000286102295,0.17460629556720458,1235339.5411379724,141500.0,1093839.5411379724
NZA-0434,0.86609,33.79795,semi_permanent,7075000.0,500,0.002,0.9300000071525574,0.24402135569960487,1726451.0915747045,141500.0,1584951.0915747045
NZA-0435,0.316628,35.329571,semi_permanent,3830000.0,10,0.1,0.0,0.0,0.0,0.0,0.0
NZA-0435,0.316628,35.329571,semi_permanent,3830000.0,20,0.05,0.0,0.0,0.0,0.0,0.0
NZA-0435,0.316628,35.329571,semi_permanent,3830000.0,50,0.02,0.0,0.0,0.0,0.0,0.0
NZA-0435,0.316628,35.329571,semi_permanent,3830000.0,100,0.01,0.0,0.0,0.0,0.0,0.0
NZA-0435,0.316628,35.329571,semi_permanent,3830000.0,200,0.005,0.0,0.0,0.0,0.0,0.0
NZA-0435,0.316628,35.329571,semi_permanent,3830000.0,500,0.002,0.0,0.0,0.0,0.0,0.0
NZA-0436,0.343231,35.12082,semi_permanent,3120000.0,10,0.1,0.0,0.0,0.0,0.0,0.0
NZA-0436,0.343231,35.12082,semi_permanent,3120000.0,20,0.05,0.0,0.0,0.0,0.0,0.0
NZA-0436,0.343231,35.12082,semi_permanent,3120000.0,50,0.02,0.0,0.0,0.0,0.0,0.0
NZA-0436,0.343231,35.12082,semi_permanent,3120000.0,100,0.01,0.0,0.0,0.0,0.0,0.0
NZA-0436,0.343231,35.12082,semi_permanent,3120000.0,200,0.005,0.0,0.0,0.0,0.0,0.0
NZA-0436,0.343231,35.12082,semi_permanent,3120000.0,500,0.002,0.0,0.0,0.0,0.0,0.0
NZA-0437,1.067907,34.033015,informal_iron_sheet,2060000.0,10,0.1,0.0,0.0,0.0,0.0,0.0
NZA-0437,1.067907,34.033015,informal_iron_sheet,2060000.0,20,0.05,0.0,0.0,0.0,0.0,0.0
NZA-0437,1.067907,34.033015,informal_iron_sheet,2060000.0,50,0.02,0.0,0.0,0.0,0.0,0.0
NZA-0437,1.067907,34.033015,informal_iron_sheet,2060000.0,100,0.01,0.0,0.0,0.0,0.0,0.0
NZA-0437,1.067907,34.033015,informal_iron_sheet,2060000.0,200,0.005,0.0,0.0,0.0,0.0,0.0
NZA-0437,1.067907,34.033015,informal_iron_sheet,2060000.0,500,0.002,0.0,0.0,0.0,0.0,0.0
NZA-0438,0.072169,34.488333,informal_iron_sheet,1105000.0,10,0.1,0.0,0.0,0.0,0.0,0.0
NZA-0438,0.072169,34.488333,informal_iron_sheet,1105000.0,20,0.05,0.0,0.0,0.0,0.0,0.0
NZA-0438,0.072169,34.488333,informal_iron_sheet,1105000.0,50,0.02,0.0,0.0,0.0,0.0,0.0
NZA-0438,0.072169,34.488333,informal_iron_sheet,1105000.0,100,0.01,0.0,0.0,0.0,0.0,0.0
NZA-0438,0.072169,34.488333,informal_iron_sheet,1105000.0,200,0.005,0.0,0.0,0.0,0.0,0.0
NZA-0438,0.072169,34.488333,informal_iron_sheet,1105000.0,500,0.002,0.0,0.0,0.0,0.0,0.0
NZA-0439,1.140787,35.278208,permanent_masonry,71880000.0,10,0.1,0.0,0.0,0.0,0.0,0.0
NZA-0439,1.140787,35.278208,permanent_masonry,71880000.0,20,0.05,0.0,0.0,0.0,0.0,0.0
NZA-0439,1.140787,35.278208,permanent_masonry,71880000.0,50,0.02,0.0,0.0,0.0,0.0,0.0
NZA-0439,1.140787,35.278208,permanent_masonry,71880000.0,100,0.01,0.0,0.0,0.0,0.0,0.0
NZA-0439,1.140787,35.278208,permanent_masonry,71880000.0,200,0.005,0.0,0.0,0.0,0.0,0.0
NZA-0439,1.140787,35.278208,permanent_masonry,71880000.0,500,0.002,0.0,0.0,0.0,0.0,0.0
NZA-0440,0.166063,33.736171,informal_iron_sheet,1120000.0,10,0.1,0.4399999976158142,0.16620403524024446,186148.5194690738,22400.0,163748.5194690738
NZA-0440,0.166063,33.736171,informal_iron_sheet,1120000.0,20,0.05,0.49000000953674316,0.16620403524024446,186148.5194690738,22400.0,163748.5194690738
NZA-0440,0.166063,33.736171,informal_iron_sheet,1120000.0,50,0.02,0.550000011920929,0.16620403524024446,186148.5194690738,22400.0,163748.5194690738
NZA-0440,0.166063,33.736171,informal_iron_sheet,1120000.0,100,0.01,0.5899999737739563,0.17478094796119922,195754.66171654314,22400.0,173354.66171654314
NZA-0440,0.166063,33.736171,informal_iron_sheet,1120000.0,200,0.005,0.6299999952316284,0.1885011567393359,211121.29554805622,22400.0,188721.29554805622
NZA-0440,0.166063,33.736171,informal_iron_sheet,1120000.0,500,0.002,0.6800000071525574,0.21095673352894867,236271.5415524225,22400.0,213871.5415524225
NZA-0441,0.782204,34.975995,informal_iron_sheet,1020000.0,10,0.1,0.0,0.0,0.0,0.0,0.0
NZA-0441,0.782204,34.975995,informal_iron_sheet,1020000.0,20,0.05,0.0,0.0,0.0,0.0,0.0
NZA-0441,0.782204,34.975995,informal_iron_sheet,1020000.0,50,0.02,0.0,0.0,0.0,0.0,0.0
NZA-0441,0.782204,34.975995,informal_iron_sheet,1020000.0,100,0.01,0.0,0.0,0.0,0.0,0.0
NZA-0441,0.782204,34.975995,informal_iron_sheet,1020000.0,200,0.005,0.0,0.0,0.0,0.0,0.0
NZA-0441,0.782204,34.975995,informal_iron_sheet,1020000.0,500,0.002,0.0,0.0,0.0,0.0,0.0
NZA-0442,0.24136,34.408653,informal_iron_sheet,585000.0,10,0.1,0.0,0.0,0.0,0.0,0.0
NZA-0442,0.24136,34.408653,informal_iron_sheet,585000.0,20,0.05,0.0,0.0,0.0,0.0,0.0
NZA-0442,0.24136,34.408653,informal_iron_sheet,585000.0,50,0.02,0.0,0.0,0.0,0.0,0.0
NZA-0442,0.24136,34.408653,informal_iron_sheet,585000.0,100,0.01,0.0,0.0,0.0,0.0,0.0
NZA-0442,0.24136,34.408653,informal_iron_sheet,585000.0,200,0.005,0.0,0.0,0.0,0.0,0.0
NZA-0442,0.24136,34.408653,informal_iron_sheet,585000.0,500,0.002,0.0,0.0,0.0,0.0,0.0
NZA-0443,1.241818,33.924614,semi_permanent,5455000.0,10,0.1,0.0,0.0,0.0,0.0,0.0
NZA-0443,1.241818,33.924614,semi_permanent,5455000.0,20,0.05,0.0,0.0,0.0,0.0,0.0
NZA-0443,1.241818,33.924614,semi_permanent,5455000.0,50,0.02,0.0,0.0,0.0,0.0,0.0
NZA-0443,1.241818,33.924614,semi_permanent,5455000.0,100,0.01,0.0,0.0,0.0,0.0,0.0
NZA-0443,1.241818,33.924614,semi_permanent,5455000.0,200,0.005,0.0,0.0,0.0,0.0,0.0
NZA-0443,1.241818,33.924614,semi_permanent,5455000.0,500,0.002,0.0,0.0,0.0,0.0,0.0
NZA-0444,-0.033222,35.197986,permanent_masonry,56305000.0,10,0.1,0.0,0.0,0.0,0.0,0.0
NZA-0444,-0.033222,35.197986,permanent_masonry,56305000.0,20,0.05,0.0,0.0,0.0,0.0,0.0
NZA-0444,-0.033222,35.197986,permanent_masonry,56305000.0,50,0.02,0.0,0.0,0.0,0.0,0.0
NZA-0444,-0.033222,35.197986,permanent_masonry,56305000.0,100,0.01,0.0,0.0,0.0,0.0,0.0
NZA-0444,-0.033222,35.197986,permanent_masonry,56305000.0,200,0.005,0.0,0.0,0.0,0.0,0.0
NZA-0444,-0.033222,35.197986,permanent_masonry,56305000.0,500,0.002,0.0,0.0,0.0,0.0,0.0
NZA-0445,0.738215,34.834251,informal_iron_sheet,1165000.0,10,0.1,0.0,0.0,0.0,0.0,0.0
NZA-0445,0.738215,34.834251,informal_iron_sheet,1165000.0,20,0.05,0.0,0.0,0.0,0.0,0.0
NZA-0445,0.738215,34.834251,informal_iron_sheet,1165000.0,50,0.02,0.0,0.0,0.0,0.0,0.0
NZA-0445,0.738215,34.834251,informal_iron_sheet,1165000.0,100,0.01,0.0,0.0,0.0,0.0,0.0
NZA-0445,0.738215,34.834251,informal_iron_sheet,1165000.0,200,0.005,0.0,0.0,0.0,0.0,0.0
NZA-0445,0.738215,34.834251,informal_iron_sheet,1165000.0,500,0.002,0.0,0.0,0.0,0.0,0.0
NZA-0446,0.360261,34.386075,permanent_masonry,45100000.0,10,0.1,0.0,0.0,0.0,0.0,0.0
NZA-0446,0.360261,34.386075,permanent_masonry,45100000.0,20,0.05,0.0,0.0,0.0,0.0,0.0
NZA-0446,0.360261,34.386075,permanent_masonry,45100000.0,50,0.02,0.0,0.0,0.0,0.0,0.0
NZA-0446,0.360261,34.386075,permanent_masonry,45100000.0,100,0.01,0.0,0.0,0.0,0.0,0.0
NZA-0446,0.360261,34.386075,permanent_masonry,45100000.0,200,0.005,0.0,0.0,0.0,0.0,0.0
NZA-0446,0.360261,34.386075,permanent_masonry,45100000.0,500,0.002,0.0,0.0,0.0,0.0,0.0
NZA-0447,-0.010498,34.050865,semi_permanent,3080000.0,10,0.1,0.0,0.0,0.0,0.0,0.0
NZA-0447,-0.010498,34.050865,semi_permanent,3080000.0,20,0.05,0.0,0.0,0.0,0.0,0.0
NZA-0447,-0.010498,34.050865,semi_permanent,3080000.0,50,0.02,0.0,0.0,0.0,0.0,0.0
NZA-0447,-0.010498,34.050865,semi_permanent,3080000.0,100,0.01,0.0,0.0,0.0,0.0,0.0
NZA-0447,-0.010498,34.050865,semi_permanent,3080000.0,200,0.005,0.0,0.0,0.0,0.0,0.0
NZA-0447,-0.010498,34.050865,semi_permanent,3080000.0,500,0.002,0.0,0.0,0.0,0.0,0.0
NZA-0448,0.634956,35.208905,informal_iron_sheet,1010000.0,10,0.1,0.0,0.0,0.0,0.0,0.0
NZA-0448,0.634956,35.208905,informal_iron_sheet,1010000.0,20,0.05,0.0,0.0,0.0,0.0,0.0
NZA-0448,0.634956,35.208905,informal_iron_sheet,1010000.0,50,0.02,0.0,0.0,0.0,0.0,0.0
NZA-0448,0.634956,35.208905,informal_iron_sheet,1010000.0,100,0.01,0.0,0.0,0.0,0.0,0.0
NZA-0448,0.634956,35.208905,informal_iron_sheet,1010000.0,200,0.005,0.0,0.0,0.0,0.0,0.0
NZA-0448,0.634956,35.208905,informal_iron_sheet,1010000.0,500,0.002,0.0,0.0,0.0,0.0,0.0
NZA-0449,1.138511,33.956467,informal_iron_sheet,1310000.0,10,0.1,0.0,0.0,0.0,0.0,0.0
NZA-0449,1.138511,33.956467,informal_iron_sheet,1310000.0,20,0.05,0.0,0.0,0.0,0.0,0.0
NZA-0449,1.138511,33.956467,informal_iron_sheet,1310000.0,50,0.02,0.0,0.0,0.0,0.0,0.0
NZA-0449,1.138511,33.956467,informal_iron_sheet,1310000.0,100,0.01,0.0,0.0,0.0,0.0,0.0
NZA-0449,1.138511,33.956467,informal_iron_sheet,1310000.0,200,0.005,0.0,0.0,0.0,0.0,0.0
NZA-0449,1.138511,33.956467,informal_iron_sheet,1310000.0,500,0.002,0.0,0.0,0.0,0.0,0.0
NZA-0450,0.025876,34.752617,semi_permanent,5370000.0,10,0.1,0.0,0.0,0.0,0.0,0.0
NZA-0450,0.025876,34.752617,semi_permanent,5370000.0,20,0.05,0.0,0.0,0.0,0.0,0.0
NZA-0450,0.025876,34.752617,semi_permanent,5370000.0,50,0.02,0.0,0.0,0.0,0.0,0.0
NZA-0450,0.025876,34.752617,semi_permanent,5370000.0,100,0.01,0.0,0.0,0.0,0.0,0.0
NZA-0450,0.025876,34.752617,semi_permanent,5370000.0,200,0.005,0.0,0.0,0.0,0.0,0.0
NZA-0450,0.025876,34.752617,semi_permanent,5370000.0,500,0.002,0.0,0.0,0.0,0.0,0.0
NZA-0451,-0.239392,34.774853,semi_permanent,4360000.0,10,0.1,0.550000011920929,0.14281975640791192,622694.137938496,87200.0,535494.137938496
NZA-0451,-0.239392,34.774853,semi_permanent,4360000.0,20,0.05,0.6499999761581421,0.1538181875322336,670647.2976405385,87200.0,583447.2976405385
NZA-0451,-0.239392,34.774853,semi_permanent,4360000.0,50,0.02,0.7699999809265137,0.19184019425497595,836423.2469516952,87200.0,749223.2469516952
NZA-0451,-0.239392,34.774853,semi_permanent,4360000.0,100,0.01,0.8500000238418579,0.2175423627401606,948484.7015471002,87200.0,861284.7015471002
NZA-0451,-0.239392,34.774853,semi_permanent,4360000.0,200,0.005,0.9200000166893005,0.24412514970112664,1064385.6526969122,87200.0,977185.6526969122
NZA-0451,-0.239392,34.774853,semi_permanent,4360000.0,500,0.002,1.0099999904632568,0.26627394468070753,1160954.398807885,87200.0,1073754.398807885
NZA-0452,0.986012,34.255889,permanent_masonry,27590000.0,10,0.1,0.0,0.0,0.0,0.0,0.0
NZA-0452,0.986012,34.255889,permanent_masonry,27590000.0,20,0.05,0.0,0.0,0.0,0.0,0.0
NZA-0452,0.986012,34.255889,permanent_masonry,27590000.0,50,0.02,0.0,0.0,0.0,0.0,0.0
NZA-0452,0.986012,34.255889,permanent_masonry,27590000.0,100,0.01,0.0,0.0,0.0,0.0,0.0
NZA-0452,0.986012,34.255889,permanent_masonry,27590000.0,200,0.005,0.0,0.0,0.0,0.0,0.0
NZA-0452,0.986012,34.255889,permanent_masonry,27590000.0,500,0.002,0.0,0.0,0.0,0.0,0.0
NZA-0453,0.381342,35.343772,informal_iron_sheet,1095000.0,10,0.1,0.0,0.0,0.0,0.0,0.0
NZA-0453,0.381342,35.343772,informal_iron_sheet,1095000.0,20,0.05,0.0,0.0,0.0,0.0,0.0
NZA-0453,0.381342,35.343772,informal_iron_sheet,1095000.0,50,0.02,0.0,0.0,0.0,0.0,0.0
NZA-0453,0.381342,35.343772,informal_iron_sheet,1095000.0,100,0.01,0.0,0.0,0.0,0.0,0.0
NZA-0453,0.381342,35.343772,informal_iron_sheet,1095000.0,200,0.005,0.0,0.0,0.0,0.0,0.0
NZA-0453,0.381342,35.343772,informal_iron_sheet,1095000.0,500,0.002,0.0,0.0,0.0,0.0,0.0
NZA-0454,0.987785,35.351112,semi_permanent,7955000.0,10,0.1,0.0,0.0,0.0,0.0,0.0
NZA-0454,0.987785,35.351112,semi_permanent,7955000.0,20,0.05,0.0,0.0,0.0,0.0,0.0
NZA-0454,0.987785,35.351112,semi_permanent,7955000.0,50,0.02,0.0,0.0,0.0,0.0,0.0
NZA-0454,0.987785,35.351112,semi_permanent,7955000.0,100,0.01,0.0,0.0,0.0,0.0,0.0
NZA-0454,0.987785,35.351112,semi_permanent,7955000.0,200,0.005,0.0,0.0,0.0,0.0,0.0
NZA-0454,0.987785,35.351112,semi_permanent,7955000.0,500,0.002,0.0,0.0,0.0,0.0,0.0
NZA-0455,0.384702,35.084554,semi_permanent,5325000.0,10,0.1,0.0,0.0,0.0,0.0,0.0
NZA-0455,0.384702,35.084554,semi_permanent,5325000.0,20,0.05,0.0,0.0,0.0,0.0,0.0
NZA-0455,0.384702,35.084554,semi_permanent,5325000.0,50,0.02,0.0,0.0,0.0,0.0,0.0
NZA-0455,0.384702,35.084554,semi_permanent,5325000.0,100,0.01,0.0,0.0,0.0,0.0,0.0
NZA-0455,0.384702,35.084554,semi_permanent,5325000.0,200,0.005,0.0,0.0,0.0,0.0,0.0
NZA-0455,0.384702,35.084554,semi_permanent,5325000.0,500,0.002,0.0,0.0,0.0,0.0,0.0
NZA-0456,-0.273825,34.047396,semi_permanent,5125000.0,10,0.1,0.7099999785423279,0.17166826418195502,879799.8539325194,102500.0,777299.8539325194
NZA-0456,-0.273825,34.047396,semi_permanent,5125000.0,20,0.05,0.7699999809265137,0.19184019425497595,983180.9955567517,102500.0,880680.9955567517
NZA-0456,-0.273825,34.047396,semi_permanent,5125000.0,50,0.02,0.8399999737739563,0.21610637202127006,1107545.156609009,102500.0,1005045.156609009
NZA-0456,-0.273825,34.047396,semi_permanent,5125000.0,100,0.01,0.8899999856948853,0.2268834396713498,1162777.6283156676,102500.0,1060277.6283156676
NZA-0456,-0.273825,34.047396,semi_permanent,5125000.0,200,0.005,0.9399999976158142,0.2462271495558459,1261914.1414737103,102500.0,1159414.1414737103
NZA-0456,-0.273825,34.047396,semi_permanent,5125000.0,500,0.002,1.0,0.26371081372788496,1351517.9203554105,102500.0,1249017.9203554105
NZA-0457,0.867148,35.390504,informal_iron_sheet,1360000.0,10,0.1,0.0,0.0,0.0,0.0,0.0
NZA-0457,0.867148,35.390504,informal_iron_sheet,1360000.0,20,0.05,0.0,0.0,0.0,0.0,0.0
NZA-0457,0.867148,35.390504,informal_iron_sheet,1360000.0,50,0.02,0.0,0.0,0.0,0.0,0.0
NZA-0457,0.867148,35.390504,informal_iron_sheet,1360000.0,100,0.01,0.0,0.0,0.0,0.0,0.0
NZA-0457,0.867148,35.390504,informal_iron_sheet,1360000.0,200,0.005,0.0,0.0,0.0,0.0,0.0
NZA-0457,0.867148,35.390504,informal_iron_sheet,1360000.0,500,0.002,0.0,0.0,0.0,0.0,0.0
NZA-0458,1.153097,35.246726,informal_iron_sheet,870000.0,10,0.1,0.0,0.0,0.0,0.0,0.0
NZA-0458,1.153097,35.246726,informal_iron_sheet,870000.0,20,0.05,0.0,0.0,0.0,0.0,0.0
NZA-0458,1.153097,35.246726,informal_iron_sheet,870000.0,50,0.02,0.0,0.0,0.0,0.0,0.0
NZA-0458,1.153097,35.246726,informal_iron_sheet,870000.0,100,0.01,0.0,0.0,0.0,0.0,0.0
NZA-0458,1.153097,35.246726,informal_iron_sheet,870000.0,200,0.005,0.0,0.0,0.0,0.0,0.0
NZA-0458,1.153097,35.246726,informal_iron_sheet,870000.0,500,0.002,0.0,0.0,0.0,0.0,0.0
NZA-0459,0.889218,35.3286,permanent_masonry,38260000.0,10,0.1,0.0,0.0,0.0,0.0,0.0
NZA-0459,0.889218,35.3286,permanent_masonry,38260000.0,20,0.05,0.0,0.0,0.0,0.0,0.0
NZA-0459,0.889218,35.3286,permanent_masonry,38260000.0,50,0.02,0.0,0.0,0.0,0.0,0.0
NZA-0459,0.889218,35.3286,permanent_masonry,38260000.0,100,0.01,0.0,0.0,0.0,0.0,0.0
NZA-0459,0.889218,35.3286,permanent_masonry,38260000.0,200,0.005,0.0,0.0,0.0,0.0,0.0
NZA-0459,0.889218,35.3286,permanent_masonry,38260000.0,500,0.002,0.0,0.0,0.0,0.0,0.0
NZA-0460,0.957244,35.19988,informal_iron_sheet,1280000.0,10,0.1,0.0,0.0,0.0,0.0,0.0
NZA-0460,0.957244,35.19988,informal_iron_sheet,1280000.0,20,0.05,0.0,0.0,0.0,0.0,0.0
NZA-0460,0.957244,35.19988,informal_iron_sheet,1280000.0,50,0.02,0.0,0.0,0.0,0.0,0.0
NZA-0460,0.957244,35.19988,informal_iron_sheet,1280000.0,100,0.01,0.0,0.0,0.0,0.0,0.0
NZA-0460,0.957244,35.19988,informal_iron_sheet,1280000.0,200,0.005,0.0,0.0,0.0,0.0,0.0
NZA-0460,0.957244,35.19988,informal_iron_sheet,1280000.0,500,0.002,0.0,0.0,0.0,0.0,0.0
NZA-0461,1.072874,34.637427,permanent_masonry,37225000.0,10,0.1,0.0,0.0,0.0,0.0,0.0
NZA-0461,1.072874,34.637427,permanent_masonry,37225000.0,20,0.05,0.0,0.0,0.0,0.0,0.0
NZA-0461,1.072874,34.637427,permanent_masonry,37225000.0,50,0.02,0.0,0.0,0.0,0.0,0.0
NZA-0461,1.072874,34.637427,permanent_masonry,37225000.0,100,0.01,0.0,0.0,0.0,0.0,0.0
NZA-0461,1.072874,34.637427,permanent_masonry,37225000.0,200,0.005,0.0,0.0,0.0,0.0,0.0
NZA-0461,1.072874,34.637427,permanent_masonry,37225000.0,500,0.002,0.0,0.0,0.0,0.0,0.0
NZA-0462,1.100764,33.876284,semi_permanent,5225000.0,10,0.1,0.0,0.0,0.0,0.0,0.0
NZA-0462,1.100764,33.876284,semi_permanent,5225000.0,20,0.05,0.0,0.0,0.0,0.0,0.0
NZA-0462,1.100764,33.876284,semi_permanent,5225000.0,50,0.02,0.0,0.0,0.0,0.0,0.0
NZA-0462,1.100764,33.876284,semi_permanent,5225000.0,100,0.01,0.0,0.0,0.0,0.0,0.0
NZA-0462,1.100764,33.876284,semi_permanent,5225000.0,200,0.005,0.0,0.0,0.0,0.0,0.0
NZA-0462,1.100764,33.876284,semi_permanent,5225000.0,500,0.002,0.0,0.0,0.0,0.0,0.0
NZA-0463,0.654545,34.374969,informal_iron_sheet,995000.0,10,0.1,0.0,0.0,0.0,0.0,0.0
NZA-0463,0.654545,34.374969,informal_iron_sheet,995000.0,20,0.05,0.0,0.0,0.0,0.0,0.0
NZA-0463,0.654545,34.374969,informal_iron_sheet,995000.0,50,0.02,0.0,0.0,0.0,0.0,0.0
NZA-0463,0.654545,34.374969,informal_iron_sheet,995000.0,100,0.01,0.0,0.0,0.0,0.0,0.0
NZA-0463,0.654545,34.374969,informal_iron_sheet,995000.0,200,0.005,0.0,0.0,0.0,0.0,0.0
NZA-0463,0.654545,34.374969,informal_iron_sheet,995000.0,500,0.002,0.0,0.0,0.0,0.0,0.0
NZA-0464,0.146798,34.443591,informal_iron_sheet,935000.0,10,0.1,0.0,0.0,0.0,0.0,0.0
NZA-0464,0.146798,34.443591,informal_iron_sheet,935000.0,20,0.05,0.0,0.0,0.0,0.0,0.0
NZA-0464,0.146798,34.443591,informal_iron_sheet,935000.0,50,0.02,0.0,0.0,0.0,0.0,0.0
NZA-0464,0.146798,34.443591,informal_iron_sheet,935000.0,100,0.01,0.0,0.0,0.0,0.0,0.0
NZA-0464,0.146798,34.443591,informal_iron_sheet,935000.0,200,0.005,0.0,0.0,0.0,0.0,0.0
NZA-0464,0.146798,34.443591,informal_iron_sheet,935000.0,500,0.002,0.0,0.0,0.0,0.0,0.0
NZA-0465,0.907775,34.652904,permanent_masonry,29575000.0,10,0.1,0.0,0.0,0.0,0.0,0.0
NZA-0465,0.907775,34.652904,permanent_masonry,29575000.0,20,0.05,0.0,0.0,0.0,0.0,0.0
NZA-0465,0.907775,34.652904,permanent_masonry,29575000.0,50,0.02,0.0,0.0,0.0,0.0,0.0
NZA-0465,0.907775,34.652904,permanent_masonry,29575000.0,100,0.01,0.0,0.0,0.0,0.0,0.0
NZA-0465,0.907775,34.652904,permanent_masonry,29575000.0,200,0.005,0.0,0.0,0.0,0.0,0.0
NZA-0465,0.907775,34.652904,permanent_masonry,29575000.0,500,0.002,0.0,0.0,0.0,0.0,0.0
NZA-0466,1.181054,35.009734,informal_iron_sheet,950000.0,10,0.1,0.0,0.0,0.0,0.0,0.0
NZA-0466,1.181054,35.009734,informal_iron_sheet,950000.0,20,0.05,0.0,0.0,0.0,0.0,0.0
NZA-0466,1.181054,35.009734,informal_iron_sheet,950000.0,50,0.02,0.0,0.0,0.0,0.0,0.0
NZA-0466,1.181054,35.009734,informal_iron_sheet,950000.0,100,0.01,0.0,0.0,0.0,0.0,0.0
NZA-0466,1.181054,35.009734,informal_iron_sheet,950000.0,200,0.005,0.0,0.0,0.0,0.0,0.0
NZA-0466,1.181054,35.009734,informal_iron_sheet,950000.0,500,0.002,0.0,0.0,0.0,0.0,0.0
NZA-0467,0.337107,34.999095,semi_permanent,5510000.0,10,0.1,0.0,0.0,0.0,0.0,0.0
NZA-0467,0.337107,34.999095,semi_permanent,5510000.0,20,0.05,0.0,0.0,0.0,0.0,0.0
NZA-0467,0.337107,34.999095,semi_permanent,5510000.0,50,0.02,0.0,0.0,0.0,0.0,0.0
NZA-0467,0.337107,34.999095,semi_permanent,5510000.0,100,0.01,0.0,0.0,0.0,0.0,0.0
NZA-0467,0.337107,34.999095,semi_permanent,5510000.0,200,0.005,0.0,0.0,0.0,0.0,0.0
NZA-0467,0.337107,34.999095,semi_permanent,5510000.0,500,0.002,0.0,0.0,0.0,0.0,0.0
NZA-0468,1.242735,34.291571,semi_permanent,8120000.0,10,0.1,0.0,0.0,0.0,0.0,0.0
NZA-0468,1.242735,34.291571,semi_permanent,8120000.0,20,0.05,0.0,0.0,0.0,0.0,0.0
NZA-0468,1.242735,34.291571,semi_permanent,8120000.0,50,0.02,0.0,0.0,0.0,0.0,0.0
NZA-0468,1.242735,34.291571,semi_permanent,8120000.0,100,0.01,0.0,0.0,0.0,0.0,0.0
NZA-0468,1.242735,34.291571,semi_permanent,8120000.0,200,0.005,0.0,0.0,0.0,0.0,0.0
NZA-0468,1.242735,34.291571,semi_permanent,8120000.0,500,0.002,0.0,0.0,0.0,0.0,0.0
NZA-0469,0.536934,35.013341,concrete_rcc,438085000.0,10,0.1,0.0,0.0,0.0,0.0,0.0
NZA-0469,0.536934,35.013341,concrete_rcc,438085000.0,20,0.05,0.0,0.0,0.0,0.0,0.0
NZA-0469,0.536934,35.013341,concrete_rcc,438085000.0,50,0.02,0.0,0.0,0.0,0.0,0.0
NZA-0469,0.536934,35.013341,concrete_rcc,438085000.0,100,0.01,0.0,0.0,0.0,0.0,0.0
NZA-0469,0.536934,35.013341,concrete_rcc,438085000.0,200,0.005,0.0,0.0,0.0,0.0,0.0
NZA-0469,0.536934,35.013341,concrete_rcc,438085000.0,500,0.002,0.0,0.0,0.0,0.0,0.0
NZA-0470,-0.082401,34.039054,permanent_masonry,136280000.0,10,0.1,0.0,0.0,0.0,0.0,0.0
NZA-0470,-0.082401,34.039054,permanent_masonry,136280000.0,20,0.05,0.0,0.0,0.0,0.0,0.0
NZA-0470,-0.082401,34.039054,permanent_masonry,136280000.0,50,0.02,0.0,0.0,0.0,0.0,0.0
NZA-0470,-0.082401,34.039054,permanent_masonry,136280000.0,100,0.01,0.0,0.0,0.0,0.0,0.0
NZA-0470,-0.082401,34.039054,permanent_masonry,136280000.0,200,0.005,0.0,0.0,0.0,0.0,0.0
NZA-0470,-0.082401,34.039054,permanent_masonry,136280000.0,500,0.002,0.0,0.0,0.0,0.0,0.0
NZA-0471,0.735218,34.460097,concrete_rcc,399870000.0,10,0.1,0.0,0.0,0.0,0.0,0.0
NZA-0471,0.735218,34.460097,concrete_rcc,399870000.0,20,0.05,0.0,0.0,0.0,0.0,0.0
NZA-0471,0.735218,34.460097,concrete_rcc,399870000.0,50,0.02,0.0,0.0,0.0,0.0,0.0
NZA-0471,0.735218,34.460097,concrete_rcc,399870000.0,100,0.01,0.0,0.0,0.0,0.0,0.0
NZA-0471,0.735218,34.460097,concrete_rcc,399870000.0,200,0.005,0.0,0.0,0.0,0.0,0.0
NZA-0471,0.735218,34.460097,concrete_rcc,399870000.0,500,0.002,0.0,0.0,0.0,0.0,0.0
NZA-0472,0.594956,35.099327,informal_iron_sheet,825000.0,10,0.1,0.0,0.0,0.0,0.0,0.0
NZA-0472,0.594956,35.099327,informal_iron_sheet,825000.0,20,0.05,0.0,0.0,0.0,0.0,0.0
NZA-0472,0.594956,35.099327,informal_iron_sheet,825000.0,50,0.02,0.0,0.0,0.0,0.0,0.0
NZA-0472,0.594956,35.099327,informal_iron_sheet,825000.0,100,0.01,0.0,0.0,0.0,0.0,0.0
NZA-0472,0.594956,35.099327,informal_iron_sheet,825000.0,200,0.005,0.0,0.0,0.0,0.0,0.0
NZA-0472,0.594956,35.099327,informal_iron_sheet,825000.0,500,0.002,0.0,0.0,0.0,0.0,0.0
NZA-0473,0.770908,34.817441,semi_permanent,3480000.0,10,0.1,0.0,0.0,0.0,0.0,0.0
NZA-0473,0.770908,34.817441,semi_permanent,3480000.0,20,0.05,0.0,0.0,0.0,0.0,0.0
NZA-0473,0.770908,34.817441,semi_permanent,3480000.0,50,0.02,0.0,0.0,0.0,0.0,0.0
NZA-0473,0.770908,34.817441,semi_permanent,3480000.0,100,0.01,0.0,0.0,0.0,0.0,0.0
NZA-0473,0.770908,34.817441,semi_permanent,3480000.0,200,0.005,0.0,0.0,0.0,0.0,0.0
NZA-0473,0.770908,34.817441,semi_permanent,3480000.0,500,0.002,0.0,0.0,0.0,0.0,0.0
NZA-0474,0.909586,33.756294,semi_permanent,2950000.0,10,0.1,0.0,0.0,0.0,0.0,0.0
NZA-0474,0.909586,33.756294,semi_permanent,2950000.0,20,0.05,0.0,0.0,0.0,0.0,0.0
NZA-0474,0.909586,33.756294,semi_permanent,2950000.0,50,0.02,0.0,0.0,0.0,0.0,0.0
NZA-0474,0.909586,33.756294,semi_permanent,2950000.0,100,0.01,0.0,0.0,0.0,0.0,0.0
NZA-0474,0.909586,33.756294,semi_permanent,2950000.0,200,0.005,0.0,0.0,0.0,0.0,0.0
NZA-0474,0.909586,33.756294,semi_permanent,2950000.0,500,0.002,0.0,0.0,0.0,0.0,0.0
NZA-0475,1.132647,35.260655,permanent_masonry,56210000.0,10,0.1,0.0,0.0,0.0,0.0,0.0
NZA-0475,1.132647,35.260655,permanent_masonry,56210000.0,20,0.05,0.0,0.0,0.0,0.0,0.0
NZA-0475,1.132647,35.260655,permanent_masonry,56210000.0,50,0.02,0.0,0.0,0.0,0.0,0.0
NZA-0475,1.132647,35.260655,permanent_masonry,56210000.0,100,0.01,0.0,0.0,0.0,0.0,0.0
NZA-0475,1.132647,35.260655,permanent_masonry,56210000.0,200,0.005,0.0,0.0,0.0,0.0,0.0
NZA-0475,1.132647,35.260655,permanent_masonry,56210000.0,500,0.002,0.0,0.0,0.0,0.0,0.0
NZA-0476,0.140861,35.060387,concrete_rcc,321985000.0,10,0.1,0.0,0.0,0.0,0.0,0.0
NZA-0476,0.140861,35.060387,concrete_rcc,321985000.0,20,0.05,0.0,0.0,0.0,0.0,0.0
NZA-0476,0.140861,35.060387,concrete_rcc,321985000.0,50,0.02,0.0,0.0,0.0,0.0,0.0
NZA-0476,0.140861,35.060387,concrete_rcc,321985000.0,100,0.01,0.0,0.0,0.0,0.0,0.0
NZA-0476,0.140861,35.060387,concrete_rcc,321985000.0,200,0.005,0.0,0.0,0.0,0.0,0.0
NZA-0476,0.140861,35.060387,concrete_rcc,321985000.0,500,0.002,0.0,0.0,0.0,0.0,0.0
NZA-0477,-0.268106,34.530761,semi_permanent,5340000.0,10,0.1,0.6299999952316284,0.1538181875322336,821389.1214221275,106800.0,714589.1214221275
NZA-0477,-0.268106,34.530761,semi_permanent,5340000.0,20,0.05,0.7900000214576721,0.19654192807873536,1049533.8959404468,106800.0,942733.8959404468
NZA-0477,-0.268106,34.530761,semi_permanent,5340000.0,50,0.02,1.0099999904632568,0.26627394468070753,1421902.8645949783,106800.0,1315102.8645949783
NZA-0477,-0.268106,34.530761,semi_permanent,5340000.0,100,0.01,1.1100000143051147,0.3056523185384863,1632183.380995517,106800.0,1525383.380995517
NZA-0477,-0.268106,34.530761,semi_permanent,5340000.0,200,0.005,1.1799999475479126,0.32057795137272216,1711886.2603303364,106800.0,1605086.2603303364
NZA-0477,-0.268106,34.530761,semi_permanent,5340000.0,500,0.002,1.25,0.34008305885438495,1816043.5342824156,106800.0,1709243.5342824156
NZA-0478,-0.157211,34.444361,informal_iron_sheet,1210000.0,10,0.1,0.0,0.0,0.0,0.0,0.0
NZA-0478,-0.157211,34.444361,informal_iron_sheet,1210000.0,20,0.05,0.0,0.0,0.0,0.0,0.0
NZA-0478,-0.157211,34.444361,informal_iron_sheet,1210000.0,50,0.02,0.0,0.0,0.0,0.0,0.0
NZA-0478,-0.157211,34.444361,informal_iron_sheet,1210000.0,100,0.01,0.0,0.0,0.0,0.0,0.0
NZA-0478,-0.157211,34.444361,informal_iron_sheet,1210000.0,200,0.005,0.0,0.0,0.0,0.0,0.0
NZA-0478,-0.157211,34.444361,informal_iron_sheet,1210000.0,500,0.002,0.0,0.0,0.0,0.0,0.0
NZA-0479,-0.173352,34.922677,permanent_masonry,82460000.0,10,0.1,0.0,0.0,0.0,0.0,0.0
NZA-0479,-0.173352,34.922677,permanent_masonry,82460000.0,20,0.05,0.0,0.0,0.0,0.0,0.0
NZA-0479,-0.173352,34.922677,permanent_masonry,82460000.0,50,0.02,0.0,0.0,0.0,0.0,0.0
NZA-0479,-0.173352,34.922677,permanent_masonry,82460000.0,100,0.01,0.0,0.0,0.0,0.0,0.0
NZA-0479,-0.173352,34.922677,permanent_masonry,82460000.0,200,0.005,0.0,0.0,0.0,0.0,0.0
NZA-0479,-0.173352,34.922677,permanent_masonry,82460000.0,500,0.002,0.0,0.0,0.0,0.0,0.0
NZA-0480,0.651788,33.788847,semi_permanent,4860000.0,10,0.1,0.0,0.0,0.0,0.0,0.0
NZA-0480,0.651788,33.788847,semi_permanent,4860000.0,20,0.05,0.0,0.0,0.0,0.0,0.0
NZA-0480,0.651788,33.788847,semi_permanent,4860000.0,50,0.02,0.0,0.0,0.0,0.0,0.0
NZA-0480,0.651788,33.788847,semi_permanent,4860000.0,100,0.01,0.0,0.0,0.0,0.0,0.0
NZA-0480,0.651788,33.788847,semi_permanent,4860000.0,200,0.005,0.0,0.0,0.0,0.0,0.0
NZA-0480,0.651788,33.788847,semi_permanent,4860000.0,500,0.002,0.0,0.0,0.0,0.0,0.0
NZA-0481,0.29228,34.356186,semi_permanent,6370000.0,10,0.1,0.0,0.0,0.0,0.0,0.0
NZA-0481,0.29228,34.356186,semi_permanent,6370000.0,20,0.05,0.0,0.0,0.0,0.0,0.0
NZA-0481,0.29228,34.356186,semi_permanent,6370000.0,50,0.02,0.0,0.0,0.0,0.0,0.0
NZA-0481,0.29228,34.356186,semi_permanent,6370000.0,100,0.01,0.0,0.0,0.0,0.0,0.0
NZA-0481,0.29228,34.356186,semi_permanent,6370000.0,200,0.005,0.0,0.0,0.0,0.0,0.0
NZA-0481,0.29228,34.356186,semi_permanent,6370000.0,500,0.002,0.0,0.0,0.0,0.0,0.0
NZA-0482,0.130915,34.351599,semi_permanent,6495000.0,10,0.1,0.0,0.0,0.0,0.0,0.0
NZA-0482,0.130915,34.351599,semi_permanent,6495000.0,20,0.05,0.0,0.0,0.0,0.0,0.0
NZA-0482,0.130915,34.351599,semi_permanent,6495000.0,50,0.02,0.0,0.0,0.0,0.0,0.0
NZA-0482,0.130915,34.351599,semi_permanent,6495000.0,100,0.01,0.0,0.0,0.0,0.0,0.0
NZA-0482,0.130915,34.351599,semi_permanent,6495000.0,200,0.005,0.0,0.0,0.0,0.0,0.0
NZA-0482,0.130915,34.351599,semi_permanent,6495000.0,500,0.002,0.0,0.0,0.0,0.0,0.0
NZA-0483,0.491714,35.224141,semi_permanent,4895000.0,10,0.1,0.0,0.0,0.0,0.0,0.0
NZA-0483,0.491714,35.224141,semi_permanent,4895000.0,20,0.05,0.0,0.0,0.0,0.0,0.0
NZA-0483,0.491714,35.224141,semi_permanent,4895000.0,50,0.02,0.0,0.0,0.0,0.0,0.0
NZA-0483,0.491714,35.224141,semi_permanent,4895000.0,100,0.01,0.0,0.0,0.0,0.0,0.0
NZA-0483,0.491714,35.224141,semi_permanent,4895000.0,200,0.005,0.0,0.0,0.0,0.0,0.0
NZA-0483,0.491714,35.224141,semi_permanent,4895000.0,500,0.002,0.0,0.0,0.0,0.0,0.0
NZA-0484,0.419117,34.11669,semi_permanent,4420000.0,10,0.1,0.0,0.0,0.0,0.0,0.0
NZA-0484,0.419117,34.11669,semi_permanent,4420000.0,20,0.05,0.0,0.0,0.0,0.0,0.0
NZA-0484,0.419117,34.11669,semi_permanent,4420000.0,50,0.02,0.0,0.0,0.0,0.0,0.0
NZA-0484,0.419117,34.11669,semi_permanent,4420000.0,100,0.01,0.0,0.0,0.0,0.0,0.0
NZA-0484,0.419117,34.11669,semi_permanent,4420000.0,200,0.005,0.0,0.0,0.0,0.0,0.0
NZA-0484,0.419117,34.11669,semi_permanent,4420000.0,500,0.002,0.0,0.0,0.0,0.0,0.0
NZA-0485,0.14098,33.90515,concrete_rcc,214500000.0,10,0.1,1.25,0.2538176256667929,54443880.705527075,4290000.0,50153880.705527075
NZA-0485,0.14098,33.90515,concrete_rcc,214500000.0,20,0.05,1.2899999618530273,0.2631775485502362,56451584.16402566,4290000.0,52161584.16402566
NZA-0485,0.14098,33.90515,concrete_rcc,214500000.0,50,0.02,1.340000033378601,0.2785974666477078,59759156.59593332,4290000.0,55469156.59593332
NZA-0485,0.14098,33.90515,concrete_rcc,214500000.0,100,0.01,1.3700000047683716,0.28806693730083716,61790358.05102957,4290000.0,57500358.05102957
NZA-0485,0.14098,33.90515,concrete_rcc,214500000.0,200,0.005,1.409999966621399,0.29652732897042705,63605112.0641566,4290000.0,59315112.0641566
NZA-0485,0.14098,33.90515,concrete_rcc,214500000.0,500,0.002,1.4600000381469727,0.30670252781296475,65787692.21588094,4290000.0,61497692.21588094
NZA-0486,-0.279435,34.688574,informal_iron_sheet,775000.0,10,0.1,0.11999999731779099,0.16620403524024446,128808.12731118946,15500.0,113308.12731118946
NZA-0486,-0.279435,34.688574,informal_iron_sheet,775000.0,20,0.05,0.17000000178813934,0.16620403524024446,128808.12731118946,15500.0,113308.12731118946
NZA-0486,-0.279435,34.688574,informal_iron_sheet,775000.0,50,0.02,0.23000000417232513,0.16620403524024446,128808.12731118946,15500.0,113308.12731118946
NZA-0486,-0.279435,34.688574,informal_iron_sheet,775000.0,100,0.01,0.28999999165534973,0.16620403524024446,128808.12731118946,15500.0,113308.12731118946
NZA-0486,-0.279435,34.688574,informal_iron_sheet,775000.0,200,0.005,0.3499999940395355,0.16620403524024446,128808.12731118946,15500.0,113308.12731118946
NZA-0486,-0.279435,34.688574,informal_iron_sheet,775000.0,500,0.002,0.41999998688697815,0.16620403524024446,128808.12731118946,15500.0,113308.12731118946
NZA-0487,0.32714,34.295446,semi_permanent,6240000.0,10,0.1,0.0,0.0,0.0,0.0,0.0
NZA-0487,0.32714,34.295446,semi_permanent,6240000.0,20,0.05,0.0,0.0,0.0,0.0,0.0
NZA-0487,0.32714,34.295446,semi_permanent,6240000.0,50,0.02,0.0,0.0,0.0,0.0,0.0
NZA-0487,0.32714,34.295446,semi_permanent,6240000.0,100,0.01,0.0,0.0,0.0,0.0,0.0
NZA-0487,0.32714,34.295446,semi_permanent,6240000.0,200,0.005,0.0,0.0,0.0,0.0,0.0
NZA-0487,0.32714,34.295446,semi_permanent,6240000.0,500,0.002,0.0,0.0,0.0,0.0,0.0
NZA-0488,1.281058,33.899735,permanent_masonry,42430000.0,10,0.1,0.0,0.0,0.0,0.0,0.0
NZA-0488,1.281058,33.899735,permanent_masonry,42430000.0,20,0.05,0.0,0.0,0.0,0.0,0.0
NZA-0488,1.281058,33.899735,permanent_masonry,42430000.0,50,0.02,0.0,0.0,0.0,0.0,0.0
NZA-0488,1.281058,33.899735,permanent_masonry,42430000.0,100,0.01,0.0,0.0,0.0,0.0,0.0
NZA-0488,1.281058,33.899735,permanent_masonry,42430000.0,200,0.005,0.0,0.0,0.0,0.0,0.0
NZA-0488,1.281058,33.899735,permanent_masonry,42430000.0,500,0.002,0.0,0.0,0.0,0.0,0.0
NZA-0489,-0.252949,34.675029,permanent_masonry,41855000.0,10,0.1,0.03999999910593033,0.1298416079345218,5434520.500099409,837100.0,4597420.500099409
NZA-0489,-0.252949,34.675029,permanent_masonry,41855000.0,20,0.05,0.07000000029802322,0.1298416079345218,5434520.500099409,837100.0,4597420.500099409
NZA-0489,-0.252949,34.675029,permanent_masonry,41855000.0,50,0.02,0.10999999940395355,0.1298416079345218,5434520.500099409,837100.0,4597420.500099409
NZA-0489,-0.252949,34.675029,permanent_masonry,41855000.0,100,0.01,0.18000000715255737,0.1298416079345218,5434520.500099409,837100.0,4597420.500099409
NZA-0489,-0.252949,34.675029,permanent_masonry,41855000.0,200,0.005,0.23999999463558197,0.1298416079345218,5434520.500099409,837100.0,4597420.500099409
NZA-0489,-0.252949,34.675029,permanent_masonry,41855000.0,500,0.002,0.30000001192092896,0.1298416079345218,5434520.500099409,837100.0,4597420.500099409
NZA-0490,0.891063,34.590685,informal_iron_sheet,910000.0,10,0.1,0.0,0.0,0.0,0.0,0.0
NZA-0490,0.891063,34.590685,informal_iron_sheet,910000.0,20,0.05,0.0,0.0,0.0,0.0,0.0
NZA-0490,0.891063,34.590685,informal_iron_sheet,910000.0,50,0.02,0.0,0.0,0.0,0.0,0.0
NZA-0490,0.891063,34.590685,informal_iron_sheet,910000.0,100,0.01,0.0,0.0,0.0,0.0,0.0
NZA-0490,0.891063,34.590685,informal_iron_sheet,910000.0,200,0.005,0.0,0.0,0.0,0.0,0.0
NZA-0490,0.891063,34.590685,informal_iron_sheet,910000.0,500,0.002,0.0,0.0,0.0,0.0,0.0
NZA-0491,0.427999,34.721662,semi_permanent,3770000.0,10,0.1,0.0,0.0,0.0,0.0,0.0
NZA-0491,0.427999,34.721662,semi_permanent,3770000.0,20,0.05,0.0,0.0,0.0,0.0,0.0
NZA-0491,0.427999,34.721662,semi_permanent,3770000.0,50,0.02,0.0,0.0,0.0,0.0,0.0
NZA-0491,0.427999,34.721662,semi_permanent,3770000.0,100,0.01,0.0,0.0,0.0,0.0,0.0
NZA-0491,0.427999,34.721662,semi_permanent,3770000.0,200,0.005,0.0,0.0,0.0,0.0,0.0
NZA-0491,0.427999,34.721662,semi_permanent,3770000.0,500,0.002,0.0,0.0,0.0,0.0,0.0
NZA-0492,0.227071,34.89631,informal_iron_sheet,1020000.0,10,0.1,0.0,0.0,0.0,0.0,0.0
NZA-0492,0.227071,34.89631,informal_iron_sheet,1020000.0,20,0.05,0.0,0.0,0.0,0.0,0.0
NZA-0492,0.227071,34.89631,informal_iron_sheet,1020000.0,50,0.02,0.0,0.0,0.0,0.0,0.0
NZA-0492,0.227071,34.89631,informal_iron_sheet,1020000.0,100,0.01,0.0,0.0,0.0,0.0,0.0
NZA-0492,0.227071,34.89631,informal_iron_sheet,1020000.0,200,0.005,0.0,0.0,0.0,0.0,0.0
NZA-0492,0.227071,34.89631,informal_iron_sheet,1020000.0,500,0.002,0.0,0.0,0.0,0.0,0.0
NZA-0493,1.242441,34.867189,informal_iron_sheet,610000.0,10,0.1,0.0,0.0,0.0,0.0,0.0
NZA-0493,1.242441,34.867189,informal_iron_sheet,610000.0,20,0.05,0.0,0.0,0.0,0.0,0.0
NZA-0493,1.242441,34.867189,informal_iron_sheet,610000.0,50,0.02,0.0,0.0,0.0,0.0,0.0
NZA-0493,1.242441,34.867189,informal_iron_sheet,610000.0,100,0.01,0.0,0.0,0.0,0.0,0.0
NZA-0493,1.242441,34.867189,informal_iron_sheet,610000.0,200,0.005,0.0,0.0,0.0,0.0,0.0
NZA-0493,1.242441,34.867189,informal_iron_sheet,610000.0,500,0.002,0.0,0.0,0.0,0.0,0.0
NZA-0494,1.119788,35.14177,informal_iron_sheet,1380000.0,10,0.1,0.0,0.0,0.0,0.0,0.0
NZA-0494,1.119788,35.14177,informal_iron_sheet,1380000.0,20,0.05,0.0,0.0,0.0,0.0,0.0
NZA-0494,1.119788,35.14177,informal_iron_sheet,1380000.0,50,0.02,0.0,0.0,0.0,0.0,0.0
NZA-0494,1.119788,35.14177,informal_iron_sheet,1380000.0,100,0.01,0.0,0.0,0.0,0.0,0.0
NZA-0494,1.119788,35.14177,informal_iron_sheet,1380000.0,200,0.005,0.0,0.0,0.0,0.0,0.0
NZA-0494,1.119788,35.14177,informal_iron_sheet,1380000.0,500,0.002,0.0,0.0,0.0,0.0,0.0
NZA-0495,0.688268,34.158344,permanent_masonry,54450000.0,10,0.1,0.0,0.0,0.0,0.0,0.0
NZA-0495,0.688268,34.158344,permanent_masonry,54450000.0,20,0.05,0.0,0.0,0.0,0.0,0.0
NZA-0495,0.688268,34.158344,permanent_masonry,54450000.0,50,0.02,0.0,0.0,0.0,0.0,0.0
NZA-0495,0.688268,34.158344,permanent_masonry,54450000.0,100,0.01,0.0,0.0,0.0,0.0,0.0
NZA-0495,0.688268,34.158344,permanent_masonry,54450000.0,200,0.005,0.0,0.0,0.0,0.0,0.0
NZA-0495,0.688268,34.158344,permanent_masonry,54450000.0,500,0.002,0.0,0.0,0.0,0.0,0.0
NZA-0496,0.872427,33.962715,concrete_rcc,196020000.0,10,0.1,0.0,0.0,0.0,0.0,0.0
NZA-0496,0.872427,33.962715,concrete_rcc,196020000.0,20,0.05,0.0,0.0,0.0,0.0,0.0
NZA-0496,0.872427,33.962715,concrete_rcc,196020000.0,50,0.02,0.0,0.0,0.0,0.0,0.0
NZA-0496,0.872427,33.962715,concrete_rcc,196020000.0,100,0.01,0.0,0.0,0.0,0.0,0.0
NZA-0496,0.872427,33.962715,concrete_rcc,196020000.0,200,0.005,0.0,0.0,0.0,0.0,0.0
NZA-0496,0.872427,33.962715,concrete_rcc,196020000.0,500,0.002,0.0,0.0,0.0,0.0,0.0
NZA-0497,0.394684,34.492669,permanent_masonry,21560000.0,10,0.1,0.0,0.0,0.0,0.0,0.0
NZA-0497,0.394684,34.492669,permanent_masonry,21560000.0,20,0.05,0.0,0.0,0.0,0.0,0.0
NZA-0497,0.394684,34.492669,permanent_masonry,21560000.0,50,0.02,0.0,0.0,0.0,0.0,0.0
NZA-0497,0.394684,34.492669,permanent_masonry,21560000.0,100,0.01,0.0,0.0,0.0,0.0,0.0
NZA-0497,0.394684,34.492669,permanent_masonry,21560000.0,200,0.005,0.0,0.0,0.0,0.0,0.0
NZA-0497,0.394684,34.492669,permanent_masonry,21560000.0,500,0.002,0.0,0.0,0.0,0.0,0.0
NZA-0498,1.137023,34.069527,permanent_masonry,20115000.0,10,0.1,0.0,0.0,0.0,0.0,0.0
NZA-0498,1.137023,34.069527,permanent_masonry,20115000.0,20,0.05,0.0,0.0,0.0,0.0,0.0
NZA-0498,1.137023,34.069527,permanent_masonry,20115000.0,50,0.02,0.0,0.0,0.0,0.0,0.0
NZA-0498,1.137023,34.069527,permanent_masonry,20115000.0,100,0.01,0.0,0.0,0.0,0.0,0.0
NZA-0498,1.137023,34.069527,permanent_masonry,20115000.0,200,0.005,0.0,0.0,0.0,0.0,0.0
NZA-0498,1.137023,34.069527,permanent_masonry,20115000.0,500,0.002,0.0,0.0,0.0,0.0,0.0
NZA-0499,0.198281,34.118395,permanent_masonry,58290000.0,10,0.1,0.0,0.0,0.0,0.0,0.0
NZA-0499,0.198281,34.118395,permanent_masonry,58290000.0,20,0.05,0.0,0.0,0.0,0.0,0.0
NZA-0499,0.198281,34.118395,permanent_masonry,58290000.0,50,0.02,0.0,0.0,0.0,0.0,0.0
NZA-0499,0.198281,34.118395,permanent_masonry,58290000.0,100,0.01,0.0,0.0,0.0,0.0,0.0
NZA-0499,0.198281,34.118395,permanent_masonry,58290000.0,200,0.005,0.0,0.0,0.0,0.0,0.0
NZA-0499,0.198281,34.118395,permanent_masonry,58290000.0,500,0.002,0.0,0.0,0.0,0.0,0.0
